timestamp,Cell_001,Cell_002,Cell_003,Cell_004,Cell_005,Cell_006,Cell_007,Cell_008,Cell_009,Cell_010,Cell_011,Cell_012,Cell_013,Cell_014,Cell_015,Cell_016,Cell_017,Cell_018,Cell_019,Cell_020,Cell_021,Cell_022,Cell_023,Cell_024,Cell_025,Cell_026,Cell_027,Cell_028,Cell_029,Cell_030,Cell_031,Cell_032,Cell_033,Cell_034,Cell_035,Cell_036,Cell_037,Cell_038,Cell_039,Cell_040,Cell_041,Cell_042,Cell_043,Cell_044,Cell_045,Cell_046,Cell_047,Cell_048,Cell_049,Cell_050,Cell_051,Cell_052,Cell_053,Cell_054,Cell_055,Cell_056,Cell_057,Cell_058,Cell_059,Cell_060,Cell_061,Cell_062,Cell_063,Cell_064,Cell_065,Cell_066,Cell_067,Cell_068,Cell_069,Cell_070,Cell_071,Cell_072,Cell_073,Cell_074,Cell_075,Cell_076,Cell_077,Cell_078,Cell_079,Cell_080,Cell_081,Cell_082,Cell_083,Cell_084,Cell_085,Cell_086,Cell_087,Cell_088,Cell_089,Cell_090,Cell_091,Cell_092,Cell_093,Cell_094,Cell_095,Cell_096,Cell_097,Cell_098,Cell_099,Cell_100,Cell_101,Cell_102,Cell_103,Cell_104,Cell_105,Cell_106,Cell_107,Cell_108,Cell_109,Cell_110,Cell_111,Cell_112,Cell_113,Cell_114,Cell_115,Cell_116,Cell_117,Cell_118,Cell_119,Cell_120,Cell_121,Cell_122,Cell_123,Cell_124,Cell_125,Cell_126,Cell_127,Cell_128,Cell_129,Cell_130,Cell_131,Cell_132,Cell_133,Cell_134,Cell_135,Cell_136,Cell_137,Cell_138,Cell_139,Cell_140,Cell_141,Cell_142,Cell_143,Cell_144,Cell_145,Cell_146,Cell_147,Cell_148,Cell_149,Cell_150,Cell_151,Cell_152,Cell_153,Cell_154,Cell_155,Cell_156,Cell_157,Cell_158,Cell_159,Cell_160,Cell_161,Cell_162,Cell_163,Cell_164,Cell_165,Cell_166,Cell_167,Cell_168,Cell_169,Cell_170,Cell_171,Cell_172,Cell_173,Cell_174,Cell_175,Cell_176,Cell_177,Cell_178,Cell_179,Cell_180,Cell_181,Cell_182,Cell_183,Cell_184,Cell_185,Cell_186,Cell_187,Cell_188,Cell_189,Cell_190,Cell_191,Cell_192,Cell_193,Cell_194,Cell_195,Cell_196,Cell_197,Cell_198,Cell_199,Cell_200,Cell_201,Cell_202,Cell_203,Cell_204,Cell_205,Cell_206,Cell_207,Cell_208,Cell_209,Cell_210,Cell_211,Cell_212,Cell_213,Cell_214,Cell_215,Cell_216,Cell_217
2024-12-06 23:00:00,494456,364095,261622,336596,361270,1111431,1338964,339045,262757,717352,405143,733029,605020,239836,319950,431920,1534393,204352,1648585,745584,626781,274972,81007,3357281,94797,688863,913650,3671353,1118245,2080611,74927,245750,103494,1223945,6633013,307471,249417,1735639,1546691,2368107,1746145,912788,59597,112443,425567,249504,125951,320518,686633,984934,271469,859746,605510,713959,3599874,1583553,53762,1286318,728410,1086901,4238958,1599580,920615,1034907,779109,7774872,740242,309986,557065,145594,382557,433672,146968,383458,4213449,1311499,1394087,286932,718737,973589,1607434,1186803,328468,549487,1311353,700355,317462,1139354,5617553,1660035,606306,1220850,127135,593536,77751,834386,92456,369344,756310,1099791,158629,3572153,704785,1094778,1681491,474184,864894,1106879,242507,240316,459626,396663,1477722,621958,723896,55949,114855,265901,763189,329750,753297,8128,748486,34687,2117228,311175,73434,162814,211696,422990,73998,259770,1381749,743373,482249,508799,704784,211969,845087,627068,1922368,1005674,9653013,4900270,104144,3466896,169028,599903,719092,80588,115853,787641,1058689,345958,3768945,859687,535337,2618068,2620433,160873,646353,1204314,460852,437681,220000,204287,92053,82511,125397,66244,181153,501081,1049528,5095087,3144023,872859,1549407,49728,855696,934201,782955,4011906,8239640,334818,215217,1900581,319274,2090043,3725149,678620,1384446,287636,291220,1134143,1249992,275937,180001,371567,1607479,829501,1642280,3913563,40304,1396972,1745559,2040323,558292,973369,192288,1370070,147074,788049,229725,97821,1010059,482434,2394149
2024-12-06 23:05:00,280298,351827,324224,265074,256422,1484380,1296186,227495,283335,60232,556870,614412,589788,157439,308851,147607,850774,117346,1665807,633613,1330633,290165,143169,2947177,38301,759002,905237,3059207,1202681,2528384,154277,348840,223893,1899229,6693817,359715,258497,1711492,1197430,2123434,1308085,911989,80843,379101,195453,159263,174693,528818,629856,868093,286428,1153630,829510,656341,3675339,1355647,60061,1384141,580812,570400,2085917,1249857,840281,3402961,823106,7865244,973710,146602,495667,87329,383813,379763,372023,388355,4168076,1093396,1045620,338127,977969,682455,1038257,2020325,165314,369865,740066,373680,508427,1041209,6434068,1940016,486377,1351204,109353,404495,327455,851675,106562,372173,922551,1253595,155734,3606329,743232,1048245,1167230,462928,1289139,1153698,150667,279397,555706,583925,1253818,701599,561553,103784,138520,232575,770864,437952,746240,13800,724872,38502,1653020,507663,60194,145080,107179,653717,130620,218675,760971,311973,277600,587245,287547,305046,729906,919404,1675855,553522,9929045,1202789,84707,2345477,341784,500456,813333,41773,97241,853445,861821,247870,4007622,1160386,378123,2445356,2840662,145573,577576,1442207,297305,473405,185558,170750,114062,139150,90627,75727,176372,354333,1041711,4336553,2551505,572997,2549199,13385,726465,137382,862881,3954426,7993004,489246,173930,2007432,217871,2772023,2755289,353491,1295282,409758,401776,1334205,3266663,306338,94309,315144,2887991,1309561,1693575,4031188,20405,1840084,2094340,2178772,339518,473194,104009,1010684,167909,538263,224262,121207,993613,459428,1485179
2024-12-06 23:10:00,257121,327583,271559,232458,310749,1497802,922873,691066,338755,58795,323119,644966,266241,154776,240798,401699,886303,152699,2110507,491889,1031566,517418,79317,2973766,66522,85415,1438357,2860781,1440220,2117310,92857,354767,92853,1160037,6421987,271325,418902,740178,1021138,2127895,1026447,1080314,61397,228038,137505,200532,55925,340070,853176,2491882,275866,1372480,612910,386483,3561139,1879326,63025,1345342,700189,815823,2620128,1355495,1109987,2305366,542528,7932748,775159,139548,705491,97805,443603,344358,211827,164416,4356988,646593,872601,883442,677931,495679,1239262,999870,252268,316852,1135940,506201,820690,1330386,5845014,1367054,416510,1452075,375151,576757,684951,630403,123037,351565,958955,1231518,82270,3807225,716072,889943,1103202,586934,576423,1201449,536497,371903,558480,532487,1521558,764656,222598,91929,125404,178667,660067,446112,532499,6183,745129,16221,2055782,949703,199062,171452,132312,271649,73685,225448,764314,434195,308563,411726,221225,417662,719063,984467,2353993,746970,9639472,563396,133050,1489069,466399,357633,353392,57460,159494,902435,1087282,379104,2998623,1135738,299052,2550156,2879210,215181,738935,984153,301157,463707,268430,101935,216244,93089,141317,106910,519669,402272,1661233,4749757,2881373,1012449,2101998,97158,883696,102538,1680293,3868191,9979110,583100,90261,1863641,267952,1945523,2439565,584597,1369563,269381,430769,1459076,990123,310819,66936,298367,2994923,1062077,1819390,4015616,8431,1709811,1795738,2232021,285778,440477,102949,752883,114612,286052,228118,92379,1213274,493875,2082197
2024-12-06 23:15:00,260206,109637,402319,278471,323214,1447514,1857598,409402,296557,112339,341045,615108,356241,106371,169093,296487,1003942,154869,1016205,871348,567118,351896,183021,2914566,55324,59054,1868761,2290443,1113383,1820323,60195,239687,72441,895003,6418130,294925,267110,493844,1101171,2084404,1152182,706370,55053,324182,185425,107767,56753,283506,698119,2450038,319348,1290945,807474,334694,4228300,1685518,449323,1175490,626672,754836,2165979,1278245,2604300,1202839,549885,7952300,405234,139092,463590,128115,324181,635062,176015,221930,4220640,682446,1058412,1290919,864526,1039910,1369113,1056198,307232,596423,1137425,134668,337305,1173460,3919268,1735093,466766,1372656,282174,455631,522099,429613,147262,402277,420505,781443,83961,3283347,565267,1000353,1081522,753624,728856,1182644,143480,245331,651808,367216,827114,1012992,334911,123918,446494,221754,179391,264168,1008237,13043,942172,7654,1565285,1136617,372465,199934,109092,229693,92527,215701,1021203,406453,271876,308876,287836,267704,615726,937081,1428380,1007892,9185352,462140,133449,260633,416827,282903,343450,132650,130092,589458,723606,424424,3419145,808202,303910,2464987,3817157,233454,1140166,1080467,475776,488403,222446,108178,220110,127989,224528,91671,446869,318757,748511,4091947,2749014,626069,4269553,19414,1123998,320279,1156912,3819666,7656046,478966,76729,1508908,474904,1555617,2029069,683001,1263983,306734,493125,1766561,1371881,380236,28226,1227416,1378114,725632,1847229,4269476,4104,1370350,1804075,2119980,302910,428980,112230,231175,96182,218526,195829,170676,1350910,405051,1230478
2024-12-06 23:20:00,292104,211108,387430,339578,304422,650962,1773916,184536,254648,127998,325014,571926,272526,124604,314139,194190,711293,58944,852961,376929,612084,326573,568887,2790284,74945,92570,1564838,1584352,1138316,1513623,426907,177769,100262,764461,6347124,268295,339111,833615,1564551,2046621,959667,1338440,54733,512411,357930,111783,66335,276690,620185,666912,410936,1489369,536747,485776,3762894,1506782,51904,972110,414947,619368,1959021,942858,3565800,918306,721655,7930731,313966,136509,330064,257240,307966,960403,198603,250448,4299820,1361805,736072,723828,605943,701081,1469321,1168176,335274,389153,667676,187748,284717,1247419,2308902,1854176,353860,1429059,143065,621830,511227,568859,137769,318030,722192,896786,139284,2791457,619646,601165,1417151,774179,441896,456837,183191,389776,740778,283242,617716,801220,248003,82111,250792,235027,552430,469198,1109470,13293,313559,18032,2210726,526656,130841,313780,101676,390020,49221,180497,469553,388003,374147,724418,195912,224008,847456,734871,1439760,1036655,9726378,548269,193841,678878,349850,255796,331732,157981,102925,464655,803226,249876,3042083,1016397,633862,2260226,3703899,159538,456865,905314,566507,223289,259732,90526,203217,93235,166235,93470,154272,356596,635755,3329595,2726434,422022,4481089,47192,830706,112864,866666,3958086,7582332,501431,87603,1419226,463904,1576384,2924530,725943,1045865,458827,496868,1317816,1184271,258045,155959,623138,1164366,852459,1490732,4040729,28492,1089750,1511387,2294485,474454,374504,142132,442527,57962,237121,549502,90582,1277263,324610,1597851
2024-12-06 23:25:00,365716,89614,327838,361675,378770,666923,1553605,273136,341349,127246,187515,597131,331029,173422,125226,158288,837973,70562,746089,370556,418945,476584,1153967,2753285,45819,114945,1764729,1688265,906941,1244161,133615,258698,223785,511495,5973144,184273,426701,1507567,1283156,1829641,1285542,1433210,299974,458714,269038,147868,104854,299639,517264,3921972,235985,1043546,317436,489489,4327131,1655293,37292,1298594,337427,898362,2385863,1041143,1221178,636273,660044,7996588,348181,98769,345315,216065,539819,1461198,244446,396050,4211336,710254,702391,735088,439546,805924,1281945,1333009,421108,353453,1082979,116521,288523,1031970,1781749,1749532,458593,1014205,126375,368304,309706,676828,153464,361100,860193,910458,72775,2801519,666306,909754,1467767,623092,471296,250219,262645,371639,727084,341989,637277,1089397,271429,64769,106434,277453,733131,215233,474836,14501,208287,51574,1304129,463058,137305,679412,78219,264865,91874,191493,649896,428270,261046,637940,326988,269955,729767,768385,1450786,529026,9523918,670799,118815,376983,274844,45147,278399,303420,48840,488797,554683,299242,2645619,930704,805259,2470538,3662666,467720,458624,1100173,371323,170710,234015,375565,152254,97696,73454,54601,37240,199579,697483,3044686,3102374,343105,2982607,82438,901741,158620,761106,4016782,7055499,741334,64642,2154336,407489,1142460,2458533,627105,760790,298969,703299,929355,1245660,199244,13270,328260,1661824,885153,1317260,4410259,13881,1259239,1657322,2360549,334595,380913,148758,379463,187528,310789,124412,75986,1850273,461588,1929800
2024-12-06 23:30:00,402160,84958,203292,263003,371110,951512,1205881,146736,300810,89961,605371,583923,375303,181237,246109,126936,601295,118174,772359,391035,451865,434074,636287,2826739,72012,161911,1517975,1628866,822688,1193981,63375,259268,525727,567476,6017178,228375,353103,1340617,1407685,1654892,837181,783247,285270,510725,92892,95188,75165,275569,635093,1729631,196073,1081394,1028936,565774,3972566,1392236,59424,1252633,804453,1594585,2192228,716325,516975,1052562,689652,8186083,315187,305204,255607,288879,151570,678169,161979,131998,4267024,473879,634765,568195,337536,729383,1048119,1173189,292783,864072,1194801,200895,335261,705752,2214655,2011383,502562,1524495,148720,377397,404238,727782,146523,246371,742519,885527,66047,2743211,679514,1921543,665907,3351459,416190,207367,254826,255836,473451,260930,1039121,859332,642228,38412,113268,611382,692246,145863,354973,13980,239400,17769,1108426,354208,147243,525090,62827,306397,104539,274673,846089,402087,250006,509344,325808,297807,514830,924109,1998312,448648,9778696,427190,152698,676267,610980,131094,297592,252012,58264,428903,339080,280547,2811051,606776,427557,2301984,3345701,626532,472898,947735,978712,184219,208369,269367,166554,38520,48898,55788,25600,212678,1065941,2707174,2031169,292809,1394172,54288,638709,199564,825615,3715367,7075743,964954,154344,2317796,245449,753091,3032359,693303,766312,209082,446894,986506,881760,257423,29176,380744,933005,734254,1331873,4404546,12393,1163191,1650083,2225326,380931,494071,161359,349277,518642,828568,125283,120577,2389409,369142,1461466
2024-12-06 23:35:00,304754,58881,851971,235464,351029,1053416,1018897,276590,219713,93456,440217,595493,673475,132544,106450,125410,668835,172796,590053,376007,419343,383541,393666,2643123,100331,100886,1460213,1380908,768288,1175462,74205,185985,581143,587166,6024479,185034,239331,1014514,1017246,2161440,809102,847568,470683,356337,75926,112834,86898,253565,654753,553252,186125,1134113,662832,896352,4636030,1136155,49119,1100694,679076,583129,1484551,704288,677192,1137176,606035,8007863,647551,800736,399535,76625,103070,888641,343110,121326,4169984,822524,399083,975096,366140,913141,1454125,1078482,354139,1276173,1303259,167536,229485,636515,2313333,1719634,322540,887821,94731,413694,672612,490077,154271,399226,762548,265312,72953,2860830,625256,2467274,3820342,732920,293071,280777,212108,480094,596093,285901,976666,522937,257561,99749,100894,546727,649118,219030,339677,10595,151665,15251,920910,426402,191642,314952,107726,184595,58894,263267,683679,325313,409753,714508,189414,268004,1104801,553672,1535656,627635,9406269,1176696,98916,268776,389094,52747,395980,214743,242847,439093,410500,229514,2747030,816639,597142,2018819,3692755,450691,444830,754984,347736,218621,349535,252010,85652,19176,88741,54993,45826,236565,618459,2742930,2424027,381928,1501788,55156,1396697,86874,1219340,3771767,7204929,520350,119816,1683224,224059,812345,2114728,650569,839540,180139,471974,775486,705589,200646,46549,426159,1606471,815447,1276753,4424167,10865,869411,1105260,2111047,506138,274039,262561,396152,148240,336494,261539,143205,2593033,207041,787940
2024-12-06 23:40:00,292042,58118,265595,222430,229586,1354740,1361800,392141,249458,119843,378137,1281238,765410,172310,156732,197598,660798,217200,526973,318788,718143,399210,116243,2752218,88295,39355,1193523,1832492,1010037,1017600,61495,188023,392395,613196,6139937,153791,237696,894185,1033560,2167371,848669,651256,274053,651013,90888,79532,81369,190480,1087494,859211,148829,1140756,327331,469268,5011736,1897752,41539,1053050,656688,621433,1729610,978678,760649,511325,756560,7508290,438188,512239,421201,90486,146850,993775,95906,723092,4002793,288565,822968,785011,286494,752831,1111069,1413524,160516,1864953,1121172,182184,240603,788488,1868978,2133000,234233,699293,63752,349023,674640,444407,217884,343229,370720,336845,85697,2818340,489760,2311534,4901795,667305,453305,511423,215988,597306,597370,449544,1048663,283729,134174,51524,311729,498115,492389,849501,527349,3355,352678,66119,3596289,1100431,34638,298580,123884,184091,67491,203241,580673,413381,309495,410374,221765,293282,1186069,656639,2061219,1007912,9026001,833164,67092,386936,351932,70697,352394,77542,292189,458550,445376,205589,3180525,595638,354965,1851631,3388626,142047,599785,862791,346417,174626,199623,155922,78420,33704,150616,43381,74781,198515,511910,2857321,2413949,535393,1549456,22864,1260506,89091,1364365,3710814,6791388,187541,316497,2326765,217335,1004748,2172640,407444,940353,257470,510089,914765,785051,190790,24873,348126,788459,789782,1328124,4565608,61,1207774,748465,1962971,358523,258385,202669,375174,682451,470074,350353,92279,3491411,346713,1676030
2024-12-06 23:45:00,411775,70099,177180,179672,240843,930583,1007649,110566,263818,54275,497537,778906,340886,91392,93648,365915,813183,183116,392814,342513,342800,399307,68179,2723375,64167,181503,824376,1702280,700360,1138331,53612,279555,218048,3454533,5830128,106656,182535,857224,895509,2129639,908125,726212,202272,484213,282623,98082,472946,184138,712905,971720,141283,1089521,345111,224034,4401373,1679576,31781,844618,977192,599216,1704437,1421712,636450,304702,772073,7735624,393645,729259,185544,72255,144004,493958,458330,434544,3993133,382746,561653,332845,224820,684221,822575,1381124,171233,1254337,1399035,97293,218731,1095286,1533050,1706401,393066,358835,64514,388766,650351,97049,132361,249958,458071,388397,81678,2625856,328239,2321084,5126495,542762,740624,215799,215450,470542,457063,1029616,1033978,518620,200139,31939,168071,428582,35708,324647,607970,2194,80250,33876,884965,228058,65757,231134,173343,244543,38329,334766,548459,443416,327086,337690,170940,278223,997520,993612,1548833,718113,9057301,1214340,111876,513190,399439,59335,239455,147255,182170,380930,419405,309733,2216266,378927,385799,1687232,3222777,160060,547900,680620,751780,159337,117065,87118,38427,74832,147101,113013,37809,302580,530526,2419598,1886268,666534,1399526,19490,980994,91378,1372236,4132534,7045018,131391,101326,1912735,372619,810119,1857699,806004,785047,205491,483819,1226734,1085202,181582,12723,358956,590966,399831,1296955,6027833,368,1395929,595674,1624057,460918,230426,178275,250171,1003752,237495,565289,71684,2479285,286185,1949407
2024-12-06 23:50:00,205323,60116,188774,234673,188050,434175,1530231,103396,188214,44707,299328,604677,276570,257099,228972,242251,563393,225226,575509,393846,183064,365618,135273,2614495,43978,134872,647313,1770315,648878,1110670,38402,436396,68588,1630458,5899988,127680,250967,621575,775857,2424695,900105,678805,299448,257552,93262,76006,185969,146627,285641,1086644,112841,1012216,256970,317247,4489477,1582750,15328,859902,931882,673450,975556,1002002,762959,540164,671539,8296515,531099,764125,197618,66757,195172,335263,362600,160192,4075242,492646,717312,237119,273201,748178,737273,1515872,155908,1596743,1267657,135168,201399,991235,1628028,1728214,1074038,325811,77663,614318,628137,449422,103807,246990,349190,550822,69086,2568899,155781,1926576,5359593,815692,659498,244367,229108,292280,630741,420431,973812,286753,594090,54051,54540,290328,35080,817207,645642,6947,470396,19252,808223,255927,72652,211459,141986,238787,39601,300913,1343024,428162,299606,301135,135690,248687,955416,576512,856551,509398,9113052,1217918,62800,611187,281145,108268,245199,129786,95184,120392,565431,271076,2110918,378054,340393,1516779,2597376,176532,331433,669886,369332,225286,542286,66617,30504,84850,165722,43660,47936,298934,621378,2170560,2031956,823547,1192805,16059,1081790,62266,1489314,4087586,6768150,630801,77132,2246142,244016,1261762,2514333,858831,995937,243989,577477,935246,784468,219127,18886,321387,735122,484526,1114538,4339684,242,1261884,664217,1348592,294537,1088442,117584,253294,308556,193545,120689,66225,1815588,431427,2579165
2024-12-06 23:55:00,274398,307035,185067,216619,248345,771242,1768176,139534,175090,34234,355854,504046,958568,118280,176670,337390,622710,152947,591346,327391,215292,371040,55432,3012935,44908,82739,768546,2005840,920053,1131664,24175,246649,42028,496792,6020992,182585,248730,1189426,647205,2032943,603223,736858,263901,347154,102975,64349,58387,233455,378210,649424,87325,783168,365555,210335,4490817,1685269,42753,748466,890751,453422,970919,1006014,678570,317313,651834,7950485,447212,516701,167152,101890,134994,231998,479998,91965,4157919,335233,287440,198254,218121,496365,697670,2112537,180847,1484563,1013279,80260,205777,766215,1536863,2158106,680667,305153,94636,275545,673952,113182,196502,266662,477651,534579,44597,2682704,245091,1780598,3298406,649389,539134,277477,138371,1147722,861570,496015,1202215,245495,509459,36003,88950,325053,24954,575553,688050,4718,415651,31376,842636,243378,107408,327500,118479,245166,42834,613575,450623,433108,279978,386416,81857,317386,964899,529013,1170112,558195,9142315,853593,49766,319234,262142,144965,319668,168506,111691,578142,639402,181374,1969208,264270,319974,1670431,2899232,212584,1034521,880963,582125,335368,250829,82991,30609,67986,144180,61707,40654,247273,982101,2087907,2293766,691840,1279762,21898,856022,155132,1375380,3648710,8100598,378375,72565,1729141,234203,1012834,2953890,647257,1246613,203187,525015,1327056,943856,167653,7060,272086,574374,604160,815695,4749001,1093,1463127,664078,10276365,372932,359800,81904,1321737,29242,188064,344841,146803,1554620,231430,1411094
2024-12-07 00:00:00,204462,325556,212153,632731,452925,660069,1096163,288107,186904,44427,234650,389987,752968,90424,133646,246569,352185,129434,395107,385340,152706,315830,51347,3092860,25150,69392,736301,1937718,1252727,1018083,20526,228236,43290,734626,5839606,217820,366841,1378781,402746,2204132,625547,1021529,184196,261295,99276,82223,76389,792769,326274,521373,74482,1074552,185168,250053,3920455,810173,33484,717541,350988,356962,858951,800000,730679,435167,972518,7454084,364736,179301,353840,80968,114369,270831,429313,248630,4087472,194099,244820,177206,227417,440111,740894,1614086,197779,1562205,907832,60554,208573,907719,1347113,1828267,334758,314094,56777,264180,644971,95453,138721,176635,539749,805865,74520,2717649,275396,1260309,1156463,697099,646274,593921,112804,1431857,1032624,244535,897016,364961,248364,38768,109433,290267,16892,968183,587651,9452,132567,32758,792157,262411,99288,352268,92779,260307,65801,97989,355178,375510,289674,298624,145817,241106,938474,493032,1146018,461865,9221432,2047938,41687,1810550,494575,135551,276635,78774,119865,451374,760184,166194,2080520,171354,258452,1184511,2984922,176214,328215,775090,427219,430011,130094,159521,36416,51841,184936,43091,34029,211179,4022528,1545173,2446179,629399,1964031,24225,695901,159910,732121,3785477,8323696,646557,63785,2243785,193636,802337,2066914,817058,1398799,176447,574498,929287,904762,177084,23842,183090,718333,679775,888181,4360691,199,1378895,588696,1016251,270168,393028,80432,3280010,66807,262940,112985,117282,1095431,171554,1330851
2024-12-07 00:05:00,192044,77755,239164,498876,296543,970290,769486,100697,241014,146724,279908,487125,1375754,104463,160647,278005,512920,163776,379704,389749,166449,307229,76004,3378258,70615,176809,666303,2027568,1637471,593219,45625,172609,197862,1101415,5970174,138944,204208,1435070,588799,1833036,829918,1062734,72001,240200,103222,107989,116907,788525,294748,516589,76365,884633,129346,361530,4016484,634422,12239,685332,318699,354512,920169,745722,716668,400626,548512,7409778,386410,72125,284390,56887,106952,243423,446424,68374,3952998,246942,319193,239946,187598,350957,788621,1571959,225797,1399825,851121,58698,200401,818533,1281052,2062089,359174,367819,71706,344111,343353,60568,134269,230838,257575,708202,55989,2942203,318699,1318097,455682,650402,717387,1472805,105291,682085,1426072,203071,1124057,202669,228324,65050,146331,583941,42818,114997,175171,584,62523,71379,1341528,175985,138356,247902,83052,226782,163351,215571,631260,261820,301977,395977,156700,322046,301525,679075,1200212,412164,9154797,2253249,41512,1021862,178776,17249,278959,187858,93726,265515,539502,274049,1466019,208956,275311,1063447,2402391,242023,244536,813038,221022,314876,152645,192806,20768,45245,189940,41017,27743,254240,704015,1722553,2372573,569084,1940277,26115,993918,68029,373352,3765769,7593577,327042,54852,1702033,177879,741934,2055802,627078,925158,194186,220148,855380,719629,215374,36388,263780,521264,242732,1025261,5851962,1491,757964,533912,1468493,252117,193037,71015,276015,84283,342962,18888,109801,766296,208829,1582882
2024-12-07 00:10:00,207763,78810,872113,352437,248556,652589,707347,120856,644049,29420,173980,396653,175078,64967,168318,292790,609219,218029,292358,417616,192060,305541,78149,2865834,52447,205785,524110,1503524,2171016,842442,44505,157788,83478,1356553,5863235,175386,320710,1223500,624330,1467674,671353,627028,84459,175337,212931,121569,87499,735409,987876,636093,68375,2415714,213000,229158,4556203,563519,31936,670493,263991,243215,835878,587816,824998,546560,543122,7440227,250981,81671,163941,26984,316370,348176,75761,44014,4071123,886704,248475,278465,248965,315791,626701,1121031,152729,366218,704923,76396,2034324,608662,1501285,1790300,404626,227968,77114,274439,90233,124041,201726,244099,282779,757121,61058,2804090,341922,738995,438599,572718,1305104,1224798,106847,1722493,922107,429238,830646,231267,200975,23707,146568,590156,35211,634927,123824,863,122317,10077,1166611,157755,33107,229311,118636,140351,86749,129501,343512,461902,193170,645270,178948,266858,261729,579478,1009743,624674,9029974,1730023,44722,448937,102756,18458,195931,45397,39997,154840,591043,126116,1656089,222246,213846,1109376,2373123,130557,162631,1049353,393447,343932,142271,82725,15238,51144,121003,60179,30996,203700,990283,1554595,2934183,694473,2410605,16091,1035470,52765,444024,3597157,7041745,88133,59658,1838990,316205,689258,1326913,302570,1030350,117290,269645,602461,870029,211025,15884,245634,553391,353678,693119,4719004,146,1020595,454689,1745870,250391,261297,60605,259391,66416,249472,21410,81653,932157,392173,1781495
2024-12-07 00:15:00,191171,93341,2274650,300360,263771,616182,1394320,98356,296791,34182,214929,366455,244250,91601,152429,276663,506987,164405,328280,244416,147691,314085,104846,2918763,24488,236974,522008,1354360,1590076,824239,40850,96786,160682,1147514,5991632,183356,187868,846113,506620,1355335,589691,623905,19286,171395,99884,65622,80460,727094,713142,802825,695355,2234389,113407,236900,3888055,1474653,18235,554412,312752,212820,1005309,692218,788438,1330486,654138,7307652,306964,125252,270205,69963,1365321,302924,66927,51639,4040269,1053765,344546,292134,892926,293888,510979,1188836,209520,236094,1003377,99897,2177097,595279,1391321,1991724,417934,180558,37893,443476,158263,38730,102585,255901,1283809,1041918,46627,2670338,295932,874580,332358,1099179,209155,801471,195738,1001003,682091,346530,1230276,248858,166516,62812,86196,586943,35253,1510576,135875,28420,277924,35195,847187,184976,69070,238711,142692,262628,30576,117830,262938,323483,237937,418250,144102,270398,267230,657902,787897,695309,8910527,1596910,38084,158534,213421,137365,266516,38457,79859,236000,657006,118943,1730235,251911,175402,1109395,2434139,154807,252492,643273,695538,289628,117790,108870,21082,41608,220729,57501,32672,201072,748236,1548947,1978404,770545,1718967,34296,953124,87361,500181,3643959,6845265,61405,156929,2325840,1359638,460447,1254280,354314,1150519,172355,300943,1534834,1175519,192751,20758,149703,418504,245112,545501,4523846,970,1017727,403938,952865,252535,210082,60110,245619,45002,503377,23909,61984,758965,781203,1666204
2024-12-07 00:20:00,274093,92701,1731960,295941,431992,724621,1263917,116219,244300,104527,277571,330241,292051,138665,144834,388000,543892,171938,422672,371764,124208,375394,47179,3119077,162470,134632,531371,1666215,1424045,671981,37305,113839,69714,2299947,5811780,148156,300270,1104541,472232,1247705,477640,639810,31784,147579,151661,83801,43246,732171,486585,549878,769595,1720939,190852,220691,4606277,585296,83376,521830,305455,208886,1403451,1011110,800183,1222439,833836,7539167,306306,108262,513274,189095,1090981,793439,87370,132398,4278707,348901,895307,179663,988627,275774,476582,1047865,208943,214582,744168,94626,103957,770688,1498106,1827243,327944,133035,25131,1004511,723322,192542,261613,3754659,860927,864403,92441,2697967,222550,444833,302593,715235,1243955,1345326,99797,391285,464030,169195,1329984,315171,268747,61765,120435,341978,46335,1380698,87912,199840,154525,19607,1082231,336477,84485,172669,172584,937187,20439,122779,296075,327417,757867,276194,121742,275704,343736,713486,1007669,321283,9116032,1057514,33954,332620,195373,53450,334984,67574,80155,219431,470270,318291,1353032,181055,218766,1036312,1996793,164225,254714,778724,1281667,204843,125395,81664,72240,61404,87755,41271,14616,413893,710469,1629534,2705945,818269,1690982,74001,671915,94452,697710,3694300,6860374,85516,177079,1627658,270093,1004231,2161439,269908,971989,264173,554905,633972,740685,232073,5010,328618,550805,376808,765537,4397192,973,653245,484229,660521,192716,299836,31331,240598,43966,719006,23904,71323,760784,491945,1747777
2024-12-07 00:25:00,410888,157311,201592,292954,845576,858129,1274004,142894,283843,152501,267524,514882,755578,106177,259507,472648,622365,182589,855752,733818,360300,349919,62697,3277928,23073,96638,513410,2611501,1260748,1222198,44516,157657,42691,1217293,5804240,135816,516718,1018897,578784,1227844,451819,875294,10648,106277,113211,134821,67451,807405,343227,866487,1019698,1666733,237073,316054,4653604,436401,4971,513275,312785,256724,1512883,540577,1070216,1319282,437847,7552081,340073,105146,189409,102843,1417087,568503,117989,131517,4022996,297434,1050259,244832,1117890,303360,585406,806921,137468,284100,900797,57995,66076,943849,1308935,1931386,202108,259593,91969,420538,452869,130360,944909,7073588,331888,1099286,294836,3310014,183844,397396,394024,651134,3008267,1330988,201587,313936,538747,225684,1037121,678316,503696,70740,84721,121851,40417,285714,56543,78048,240338,10870,638279,166712,56866,108004,169577,171992,37989,185003,317470,378345,563171,509638,145316,245585,232139,650389,4736099,710712,9317400,702050,36996,333330,105201,32342,307377,74308,84841,238290,391781,527748,1451902,166331,213672,1142727,2302308,516689,456096,716056,1032112,249134,138369,129497,98119,149082,122955,42089,15689,471353,887619,1831936,1675904,738714,1039089,66622,609971,132070,669787,3670739,6844909,62899,232426,1100344,259824,1368658,2438627,922078,802569,267264,266196,1174305,1772336,137314,25677,417989,585222,396620,1078176,4403423,27936,532551,392171,749898,167638,309422,48529,373257,105826,580758,22767,79912,1350965,155211,1834456
2024-12-07 00:30:00,459355,176959,161620,159875,751979,586460,1269136,146333,327416,84248,302564,411576,2079567,106841,431572,308290,428485,176706,618233,462200,1149251,358021,104274,3085103,33375,185737,415611,1522029,1354065,532439,28042,179842,48057,1492432,6014743,131442,308684,831578,580545,1074944,3645164,699707,69241,83391,110272,108091,58475,746419,406628,1221581,901599,1164585,199464,494266,4254415,946062,3863,645415,350628,284666,904935,591315,778726,916860,607755,7395981,342423,93340,132037,108208,1480810,1126241,99453,123629,4062393,279737,365676,341194,2252364,327064,776337,756724,112872,210708,755569,49679,115076,702761,2782971,2489518,303896,433078,46634,284894,533748,115421,662347,2969628,890538,698024,652471,3290108,153450,591499,458509,594870,1770217,1347705,153530,275283,368803,181411,972422,391739,250943,35622,44131,118766,62238,142763,44347,79798,133688,56284,635103,295763,25038,130929,218096,215413,144289,109041,280014,199664,229878,753272,103004,131693,303252,1182794,4488589,373137,8986163,583028,35282,2652353,202834,47128,308699,117166,100225,321770,532893,521576,1713451,136835,171723,821705,1854101,120200,413962,657283,1172823,138323,315792,102531,109774,113751,94842,59359,27381,693675,1014489,2032227,1187842,791409,1312443,24709,492570,126727,982364,3634302,6469115,60619,104481,1203818,220451,817245,2553359,331394,644313,331134,267117,826330,1184905,180030,94012,423722,713094,472753,635523,4393685,6743,489621,402208,674011,316735,128771,94258,181475,74777,577933,17704,57822,678920,142514,1647711
2024-12-07 00:35:00,395392,102320,96310,126782,462797,658855,1091295,70488,241399,52993,575073,550016,396806,127453,239399,292237,467191,203021,530976,1065385,218632,332532,76102,3057683,34326,147424,411575,2085400,1481029,601874,28646,166996,131741,2081657,5868273,234248,277111,346848,1075667,1256842,1058869,404116,39867,132536,104541,72009,56748,166613,1544288,443762,951790,1411693,185937,439291,3742954,2735437,1350,617838,329455,351566,883240,502342,479156,866393,467861,7619964,302437,104302,161193,52845,1092734,571128,161709,125917,3998314,282348,266319,410690,878420,284146,667502,966352,92499,179211,790488,162040,145282,830875,3159371,2504661,255481,220739,36766,338348,172637,147705,653697,3546352,326815,513980,641709,2967309,102086,432960,469513,1037835,616420,1390666,200213,245588,275566,396149,1020110,307501,518379,29059,55232,172042,68197,2374886,56532,95875,109378,55578,605044,242803,27866,109742,220843,169894,70223,114244,358745,153964,350761,300926,106137,108822,309492,5430939,592307,384865,9189245,561337,23841,1395454,197971,76073,185177,71803,105072,492563,374373,558172,1433449,304081,189274,700976,2425149,131020,311808,892205,1383177,278704,167554,95093,50262,116858,46074,47194,80823,271455,1354707,1812594,1816215,769394,831918,28676,420742,170057,511423,3560857,6546045,159919,133930,1655537,188977,1091629,2655683,337112,2194331,232416,183189,276731,1315936,175158,59804,415246,636864,326894,353145,4842154,7255,511594,336490,885896,332848,142512,80545,319677,60267,578049,25634,18071,385894,176120,1671305
2024-12-07 00:40:00,211104,88355,140046,205338,331557,715892,1113244,178858,179936,70657,332278,440879,336011,98299,125179,206948,236041,160101,469725,399117,152038,514580,78308,3059584,17043,102454,289621,2140571,1310024,608146,34681,177650,56911,1485358,5872460,176285,214346,294257,707149,1447579,1669279,411323,18467,61935,40865,86345,95152,153234,803104,395786,662692,991919,284727,395638,3321596,3788113,5458,568578,275516,1016964,1033065,489521,545430,755692,737420,7666530,170252,123254,78250,48245,846677,302264,187823,87331,4016297,228813,212994,566710,623244,288444,881570,1026244,117528,186642,851022,221138,298426,532708,1252100,2657391,243568,215753,62440,285798,113518,91374,498282,280666,247958,695576,633758,2897503,95498,416515,466434,2557540,255014,1448619,54843,288820,340773,178444,767844,488690,310840,44482,65292,282925,58173,139273,52997,108867,84056,46262,442726,251334,65533,84519,310820,173082,78474,103145,243264,139639,476957,231438,123866,155281,546422,477312,4843086,291609,9022831,360593,50329,3657970,132063,68980,206133,46127,102476,350893,318156,598783,1693603,339448,239834,956964,2134341,108623,339085,717895,1810815,121631,236603,50057,49182,159574,74526,59277,74342,252454,1368675,1542878,1403983,833382,769222,61710,754298,147228,638249,3560712,6318520,57501,59205,1614518,166271,864765,2684126,417070,4637964,284490,265671,360410,834583,153141,46010,289839,361134,283456,344254,4130058,13396,485267,444801,628469,318885,131838,49648,196988,23461,270926,16252,31952,476150,173218,1696621
2024-12-07 00:45:00,190909,70821,60169,162690,428536,609428,1126258,68460,188322,124303,238749,304857,419810,277780,116219,186374,277418,202928,310570,293647,120267,638746,73701,2918454,17665,153947,371355,2122127,1224292,1157888,56976,117776,37519,1093586,5850483,189253,247495,513588,489355,5153306,280392,481011,19364,57622,52572,85488,59989,146830,859243,311316,1962183,999709,654414,390886,2682153,520004,933,503517,212799,213478,1399806,695959,412591,774443,291373,7527345,162568,88881,87091,42860,1066999,359334,141179,84048,4062675,236121,320052,198904,439777,234515,593244,1059267,114563,279177,750829,328914,273494,452099,937830,2832223,246241,530228,65015,280189,123367,77596,407519,141446,147431,1493271,628427,2881677,123854,431122,438489,713325,258691,1281262,153226,337896,340092,118086,1034856,387562,197518,59143,161698,356761,80428,150024,87860,36799,61766,23943,722253,140105,86740,72590,117311,119304,55914,423031,271301,145023,473941,305658,138759,84840,263584,1746747,3268700,487246,9022420,386366,43392,3837098,199547,39271,181660,63518,94787,273505,302216,436952,1759136,144883,326382,918414,2378200,157130,179060,1019747,1269181,540758,108785,75989,54337,84613,93842,33778,37229,183382,1291498,1390941,1219100,744057,679892,79593,615062,75675,484772,3444865,6540567,102850,62614,1488633,164917,1028788,2950077,550907,4022624,253192,145487,394242,915235,220164,28988,246313,310653,293019,361483,4106978,11493,385800,316458,556416,121239,104699,52557,99910,40406,177554,12598,42857,423180,145651,904358
2024-12-07 00:50:00,213352,55497,109119,160566,719584,253005,479884,190574,186931,387082,160897,269854,317696,114025,113739,186728,382854,191617,374281,339461,126415,618200,82223,2736774,19370,117384,337180,1450979,1057121,749026,25983,107024,115520,863720,5834130,179180,269141,531211,690891,1247643,377066,422502,48854,89999,110090,94225,93946,106580,630502,249010,1576961,766910,807540,1975906,3248877,1215291,3347,539425,397206,226383,1183372,506894,312847,655469,215703,7512824,197169,97209,138684,23502,1227160,287001,170292,69141,4027413,246090,280567,339676,507472,510472,826693,786370,89360,224344,600992,487680,141775,448669,1231433,2467471,250734,296909,50135,268870,117145,58061,459555,122482,162978,728572,602641,3034698,149148,346609,376167,469639,210989,147573,106685,369483,350606,148912,799278,552891,163173,25463,125849,328502,85838,102181,118764,16135,26455,8189,549198,236187,30818,91929,83185,169111,279556,1211637,159707,109132,650108,259996,143395,83725,449893,588382,5095107,628398,9044277,455113,40847,3697653,95018,16133,161087,65812,28184,405505,264740,141950,1821691,95469,318150,948254,2044504,110071,262152,907155,1392003,130408,1381339,138515,54993,62576,93482,25988,22602,122752,1398163,1765101,1047968,724483,663192,43321,495518,129568,476683,3652731,6507721,161367,72791,1013915,115106,1619959,2866435,305319,4042005,271210,104244,174027,495879,166374,21574,214146,360764,320801,267614,4251990,425,301355,262915,545978,191802,160465,74160,145962,98659,736176,8174,36369,932656,86907,1167928
2024-12-07 00:55:00,190924,58159,110062,292727,294123,194976,667459,266628,225367,330770,288211,286516,381747,99281,121013,396532,417981,268336,204912,304692,118870,582298,247712,2631805,18587,141154,319924,910642,897374,534618,62777,114425,66490,1051476,5886935,130009,265802,619778,503502,1255268,348354,499069,12227,64066,66696,45555,82888,93045,669976,361574,446785,774064,555807,259356,2694442,3092097,8953,578438,290500,200669,864542,417194,395463,255634,622824,7753807,183738,48250,208043,26544,3004548,297098,165652,82054,3988239,294009,210216,178507,277264,180386,1168817,897367,71400,393604,725802,168967,246408,531113,1371915,2610434,178261,232702,37426,246939,49178,144450,126117,199385,154210,603948,619983,2977819,168724,462570,497361,316026,874191,258523,363450,444484,390830,113603,761075,1091137,222914,28468,106951,319945,53507,76983,116203,27578,19010,22856,500956,104840,28377,80196,104815,125108,26450,631059,226334,285669,696929,483409,252378,67779,620367,582211,4959215,760546,9058672,313480,28341,3425131,207309,37171,247969,54298,44081,112464,257493,145060,2461319,75910,240873,615510,1735941,145729,182549,975862,778674,453848,151798,54634,40432,54871,86774,60282,26012,196195,1487958,1889535,1352931,758513,584270,29304,362880,110559,528437,3555592,6326038,71851,84697,901694,139569,808469,2690679,268588,3878785,329182,170088,127540,677876,304401,79016,294169,854636,318622,217214,4007592,127,400337,302762,434042,353095,64407,47963,117537,60431,343035,16065,14836,608864,118350,1648202
2024-12-07 01:00:00,151334,57499,68741,216614,201490,339911,570563,54767,177728,1307619,239438,226689,247263,91292,226653,338912,543760,86515,316143,266232,68045,527202,241245,2647113,32340,197247,464298,885302,960761,542289,458171,172202,37784,1640172,5648443,171312,428380,477081,433367,1197373,267839,608112,13934,54613,49386,52077,108958,68235,1118190,390175,96359,656975,449339,221355,2737962,1252360,18463,617332,318196,328734,833618,306469,361697,371015,253162,7801089,227732,77518,88143,37675,1459782,342561,164771,64049,3994031,534063,262774,170971,388791,282123,736555,1093936,80712,574266,681205,507966,70615,504537,1088902,2428462,156907,174060,112305,293100,53545,758968,352607,212497,191345,680080,646648,3101999,101570,378835,347797,550819,542512,128978,171986,321586,402666,88039,758011,516910,134451,73419,84626,249969,40948,68270,56970,26841,28354,2045,2951701,536476,78310,63218,158493,206824,28547,95955,301231,77740,227765,597551,117370,82105,526867,536320,2297511,777524,9065477,611898,37130,457209,141865,26783,245239,46132,42816,189766,317748,300578,1509056,100958,194109,587700,1376396,203028,311136,1039737,795561,743511,111669,22218,54556,41933,59370,65294,32984,178210,1295108,1852373,1575868,787731,618680,11850,301875,110032,304219,3620537,6218818,36959,73878,1000040,66899,585595,4250943,139427,657910,486976,81064,149906,1187429,560133,33466,233040,432937,318391,318967,3718955,76,253112,324075,409141,158015,132769,50226,89625,49678,271770,23793,39135,402966,156023,1716882
2024-12-07 01:05:00,179266,26512,74706,194769,275069,179983,442010,127932,170886,88838,268952,198963,163381,97557,178935,129675,219228,61673,317583,249011,55351,329672,387317,2750776,29812,219177,392229,931511,894211,526743,239259,140300,77560,1310985,5759463,262027,663891,956526,563615,1093924,267383,307580,48793,101916,22205,85995,61827,76011,1028454,347100,315319,701367,332803,201884,2698933,517087,1978,568122,334162,170390,970582,336228,663062,236487,270827,7476451,596632,82988,1674651,42143,1677148,747102,390149,56058,3970326,936690,151613,169544,416295,242205,517530,984788,110955,467890,664131,472987,49788,818281,1204461,2285640,117057,125818,1245939,316023,91802,394540,160531,319727,137365,649464,618273,3059825,76921,340556,273831,488739,298566,103635,135793,238214,371146,163896,497527,314629,195952,252366,125057,239943,47830,120930,64224,30636,23682,3331,651940,163416,22498,63826,62883,191634,19026,420688,385513,65821,180244,684337,108762,110338,296687,4216153,685370,281601,8885012,458001,13133,2581588,89469,20145,117017,93532,113753,108312,284254,500346,1905232,139940,238964,13201160,1792562,658609,283011,973930,809520,133600,126734,90110,64644,45294,87558,50905,32566,170127,1190752,1613665,1415708,642593,906773,19927,428311,117831,343156,3618009,6426186,30019,67109,946304,108727,1042991,4274498,209151,571664,299011,76274,217017,1348172,315092,11315,197226,464205,224783,256518,4530207,10811,291622,268883,475282,175912,158790,130403,96360,38594,407845,29840,17249,400327,345400,1699507
2024-12-07 01:10:00,223070,46979,167353,331395,335571,170690,496513,184138,198178,37097,225868,217115,210433,74189,103046,161780,187857,92394,293819,198185,123960,451752,130781,3088824,25536,153212,478517,984003,943892,1237304,229933,132120,261801,1539306,5844707,87646,245997,593562,517781,1118880,272803,559852,71412,26126,20330,60171,80438,79353,426495,246493,103057,790134,733209,300299,2729382,452101,5598,444056,299540,229799,898438,483238,587676,1172700,425720,7426305,218653,40426,3712836,41481,2184182,267207,380707,134039,4027425,532945,613377,188674,569558,265998,804294,1016523,71686,331173,585990,555142,122936,720704,1859706,2704468,157134,175606,854186,407624,78744,90466,169010,262468,116982,625361,599879,3460629,336067,384560,309060,237046,223112,129053,103973,210184,542127,202369,471235,324881,164133,46517,113028,343462,24054,76193,29806,22809,49244,535,713471,155188,53673,165435,118149,362328,26944,231355,689781,116897,179991,1216233,142381,63658,205799,1549926,1862159,431983,9338124,886598,12067,201727,64554,23002,100070,66376,151972,176374,452852,454046,1764858,322423,288062,898673,1867689,189635,294089,575248,837564,210165,136138,47096,39628,54033,96393,58926,28998,196576,667935,2303668,1479417,967363,390331,40149,271758,89187,253463,3432338,6572147,43946,78602,734004,128686,644912,1882422,185796,2161785,231209,29589,219708,826363,63469,25465,187879,351079,214542,765700,4114486,23085,236228,233677,403599,170512,368150,27501,119391,77701,613269,23334,22292,440067,114277,1619877
2024-12-07 01:15:00,300278,36947,182552,259305,285366,227419,536151,58893,180424,45986,273746,260902,148825,78758,113313,83005,157095,60411,240020,208610,145754,528938,97704,3033789,20046,66473,356316,1322148,827493,1050205,191475,125971,708400,1687721,5819135,84605,162399,263970,532252,1095542,265607,539059,79622,24736,26084,53771,131017,169633,323875,307363,118568,934136,1097588,281173,2829949,526561,1082,538352,258514,170352,677630,631377,593069,1137156,439054,7521390,276975,27847,169479,63632,1575458,173864,273494,93951,4357108,288029,765194,166025,548897,257326,596291,808001,62771,319762,548146,428249,130450,487124,1294412,2181238,140670,418256,590833,285670,103694,82234,100679,238357,131696,619170,570676,3297078,742922,1297149,279155,435267,301205,84691,101670,268263,448728,145918,780468,363773,230867,75954,108219,223242,32668,186214,23906,2586,149990,2978,842926,146524,28854,88196,113918,96471,20559,50392,693312,113941,526808,865414,203326,76870,258142,630440,2888393,333340,9001011,568345,6662,316737,56744,10470,91532,100833,89931,109267,347567,376244,1839580,109709,157365,1363292,1774546,114947,422984,338154,500222,221362,276906,314288,61490,27363,193683,52318,23692,179157,623077,1480331,1244398,976201,397728,67226,253324,91288,287686,3719574,7030776,21204,72531,1129828,156955,486971,2762629,304821,4306146,229872,44551,222243,1296056,84795,34415,170525,299630,194860,276637,3992784,36414,236649,229392,375859,261987,349413,382610,118278,150550,428019,73757,374446,368867,289286,1390677
2024-12-07 01:20:00,320983,93107,84611,262188,270233,254523,509869,57801,182246,33484,268940,251791,226711,90645,74096,113267,329061,66497,216807,148290,93717,358094,381549,2786157,21740,56449,374903,885162,910536,895998,193690,73284,685207,1274347,5933474,107429,204172,208432,314634,798238,260361,517436,15873,38848,55170,85020,64338,103478,777935,260963,94179,766058,831857,336039,2862808,455852,48,523735,249603,173115,634781,428813,266419,1103251,276763,7636314,186443,33445,166371,19309,1560861,284110,130754,99761,4044371,351882,637171,138047,141298,235234,602210,728188,92462,464951,506115,540621,48107,478773,1071597,2289800,95816,76498,45110,318296,103581,57574,61336,236819,137946,673782,587670,3104988,189532,1546957,223289,814843,328413,41487,134962,258047,217629,122559,1277884,317370,239351,38294,96941,267464,20065,278730,61678,312,241606,5484,755411,105868,33924,80547,67522,121213,22352,71833,288734,197405,319882,518374,169315,28654,187766,351553,4763603,412441,8916401,1098142,23306,49221,169526,41170,106794,82663,66271,177878,522730,612230,1658622,75800,137454,1573188,1700230,154898,467471,301296,206745,293898,361748,170193,39495,21615,191482,50046,13823,182114,526371,1301656,1431647,1034329,427723,12030,304946,100478,196810,3453184,6507384,30180,64494,2284350,144368,505635,3079630,211698,3550119,247026,47458,203835,774746,111831,17932,378989,331518,304220,161106,3869750,58139,243184,154428,586411,174503,139175,593924,95549,213407,357805,16534,13231,311319,400545,452433
2024-12-07 01:25:00,216727,58480,131624,191161,291220,220458,386756,324572,186562,74357,240146,218033,142532,418819,82169,78669,201309,104859,249654,146584,70262,363178,621313,2317583,19750,76607,477829,857100,824607,679981,35428,57581,693487,995676,5764109,88642,142146,112792,358287,886927,164337,368899,20526,29909,36036,60904,71759,77009,346142,316051,87309,1292036,187228,249455,2915646,574559,2034,484962,247281,266387,466585,331368,348959,1002163,393617,7511831,225405,69474,312209,53525,1762819,241738,272987,111812,4210086,217646,220937,152043,234165,198974,536045,700834,78188,201078,627644,145242,59910,422087,1354194,2156249,134176,171340,69788,302238,69813,93284,29118,245354,83741,670764,584603,3423380,177539,1088403,234848,287974,1428693,52316,201295,310842,282146,138224,869723,253919,239604,49445,96513,263949,8268,104015,37115,262,231768,7127,378860,157029,93754,57246,123734,156172,12368,87741,188099,92397,241748,286912,187608,38669,488626,408482,483482,503786,8816201,966963,28791,287867,307691,113667,115464,92361,46707,218134,308388,521469,1732343,271535,248376,1490937,1876181,182444,359722,280150,208063,480699,225964,198732,19129,35741,218800,82399,12096,186668,654222,1504893,1559588,645371,341325,9427,172289,79711,203369,3429909,6553490,18512,69854,1657620,139577,1158872,3231433,176793,3925700,201512,26744,208850,591913,84995,32438,165123,354411,209861,203559,3803441,37324,153108,146774,1267260,156972,98494,100658,106502,94628,317887,19959,79712,417230,135225,508428
2024-12-07 01:30:00,183092,55919,76858,341818,219021,210264,338685,123484,179493,55004,173454,140649,223860,212847,80426,137405,253023,41302,396776,140606,117933,323364,492141,236249,35292,45874,287146,767625,928252,671894,55503,72552,300798,839502,5752090,68141,158624,133323,285543,853132,275274,406624,15612,30413,38660,152081,100699,126139,270976,385210,91235,854500,137026,243556,2713973,959070,388,416574,263776,227669,561891,369676,375701,707354,395046,7624070,369396,70395,245601,42921,1448904,313880,255720,59408,4027272,211908,237397,174890,150070,171681,551667,709232,66258,236565,510489,94175,27731,382564,1662133,2486620,106062,472054,63835,185235,174419,64835,33570,811110,88698,511517,605515,3629403,101377,862372,256779,267061,667864,43901,105119,409407,327450,79114,506999,268559,133066,47492,78584,143656,26117,96577,20860,1451,298699,45100,673890,152253,16254,64786,145058,199754,24745,131615,122043,146721,294183,285875,97013,24411,1811826,296701,665078,557375,8755835,895117,21010,3582927,114644,32959,110304,72490,73214,191927,455532,414928,1648476,48507,244208,830097,1350605,118186,895536,242284,232359,224020,122941,36572,25288,46761,84574,49183,15436,173854,707836,1262649,1578914,358057,505714,16400,134476,131661,254179,3383971,6681209,21049,49417,2381091,243802,8053787,3369360,233679,4173208,364632,23365,164415,2133965,98798,27537,383751,399791,184735,179825,3852615,33184,85635,125370,1103209,201600,107694,49993,159089,102520,366193,38574,12587,441000,57706,466854
2024-12-07 01:35:00,170804,80662,75250,196807,210763,198023,315356,86775,166057,17755,180361,201481,120852,194342,67314,118034,198353,47885,203385,181890,107210,403978,224276,187252,21322,57144,275200,694039,917838,355100,51909,69121,307117,857759,6287758,80873,166498,124855,371311,1017537,231397,485282,11145,78488,37843,105928,173029,111361,261215,362172,69765,803340,82807,347651,3401057,433960,2349,336558,213805,248600,641291,396114,299235,666993,286873,7421031,657092,22905,215736,21126,1710422,171167,124800,39335,4035679,228077,173969,144341,219328,168987,473049,631906,85316,495514,475288,78439,19745,370425,1503186,1287066,72192,96878,30758,225155,90202,68870,32219,212900,106315,604390,461722,3326531,37978,581403,163019,315572,920246,47361,136982,279726,336494,95197,613939,374986,227780,29573,59148,145171,35111,80431,38679,1719,106540,17148,491519,189268,50869,89050,151611,145034,12125,105565,165127,129560,448005,362654,110660,46070,1708341,364831,589067,644596,9133383,1023599,41358,1252347,60952,32812,105652,72219,59916,116266,345931,729428,1594639,41760,143207,692837,1688276,128007,317273,284123,89175,127230,159084,24146,22900,69672,102414,54758,11963,196838,692607,1835903,1512084,392876,504862,11331,141246,300512,237260,3473781,6738472,44983,71079,1321968,242863,2003762,2945752,314508,2142965,300473,23164,203099,430459,122889,188104,162349,385758,170390,102891,4054191,46440,97372,144564,511589,229759,152251,70759,166101,57677,219914,48642,29708,513634,74471,473973
2024-12-07 01:40:00,141396,95983,210744,106923,206832,184331,300890,79147,187219,34498,457704,427406,321111,150563,65594,113297,252534,44767,144811,157188,86935,207084,186944,209605,13330,47075,438897,770180,1042531,293050,18927,46146,89213,2394426,5774723,78542,144610,143255,260019,1285879,205132,361741,15611,20981,40341,50472,88738,85567,280918,345255,78537,1110522,94214,137270,3415757,387667,279,391570,295013,169228,2167723,340116,339704,618011,261440,7323873,304753,26598,125347,25696,1550472,209953,115101,108902,4024240,264064,294238,98746,224187,165249,388104,543316,66120,454679,443326,68396,7118,330808,1012984,1164903,103633,296418,35704,139361,65639,52583,34995,244384,107403,593462,223426,3037418,38766,363601,317531,294240,616068,62181,120608,213766,319389,76077,612255,360724,238050,53077,79283,98381,52389,88301,33775,1056,68972,8004,470693,110292,10560,56069,110902,134703,25155,80786,148548,100087,174890,239639,99572,96006,1602457,364943,505174,605895,9437814,876248,37714,85820,104611,23798,126926,52269,45815,139472,204004,806204,1625424,52541,100736,942887,1420258,87797,250586,279015,257290,90263,164614,51195,15534,45204,98057,29515,3276,185455,1156615,1589320,1545109,432436,343786,12314,112683,554331,1513405,3538483,6729786,53107,58811,457553,173306,421972,1227738,199936,2332333,199059,18495,144860,895316,81082,28334,102468,340257,252235,207319,4174617,24036,73657,87701,638509,113054,151323,46978,173013,47559,264585,42407,16672,322570,52583,482504
2024-12-07 01:45:00,119904,116401,109019,105737,108736,157963,422559,99541,204077,34303,197739,266457,163266,134600,132277,87240,188183,43806,180504,206573,72125,184287,79320,312120,127902,64447,247565,1073593,922518,1541029,15929,65854,94826,683645,5632894,92193,354822,202861,214470,995705,180321,230171,31843,10865,22476,73988,116770,63426,355305,637876,56690,1343700,256199,284364,3447192,453255,3385,368830,187191,196945,4827286,698927,325731,524716,250809,7302527,154429,28001,84192,22817,1669573,174264,105752,84858,3936494,188738,161609,224314,126016,168590,409876,583478,47966,291554,476938,24779,10616,362639,884515,1335091,84765,148915,22420,159044,79009,54398,38815,204180,124358,524395,224404,3024425,59095,268971,358847,233232,220328,28519,90169,782894,421152,99943,586862,231239,258277,31701,69501,67710,25838,139349,167220,3131,172943,17765,451291,147768,28079,38240,88837,220197,24285,85890,185652,99560,271741,286740,77190,42576,2294326,357695,356192,425026,8936861,1597159,14472,70027,58398,9880,63572,35697,71508,222690,188671,789216,1236522,62983,54074,815684,1341153,240858,144957,554624,88541,99236,92842,26802,25561,49086,136218,20933,4092,155686,653636,1306216,1347644,498972,374175,4428,176252,186823,239645,3496063,6753388,50085,53854,519429,176762,1189906,1201970,474350,2158673,245537,22659,352146,1003514,114889,9038,220813,805709,256210,125033,4514308,5266,163637,98045,1021539,160471,296741,14113,5512172,45040,240134,18666,8083,258985,50653,975259
2024-12-07 01:50:00,115693,110151,88647,166824,104741,128280,385130,170898,216771,43213,152474,195941,166657,928002,266971,54107,221265,71679,167896,117810,83734,197272,83512,266736,574408,51110,745775,745588,741556,620924,16965,45320,81548,1304731,5777411,63146,151108,100681,234839,910701,250131,244649,16423,71166,29466,43274,94748,77990,211723,609435,54526,1210366,70326,152094,3602879,365533,131,454843,173384,215452,4716286,412463,346593,276880,216165,7235316,1032462,26484,95564,46596,1752452,135684,69044,131083,3987778,124685,129613,187564,472866,230222,384896,453356,106909,446028,489043,59370,16745,346470,736432,1425186,82889,95930,38367,142509,47561,64444,27297,248466,122886,537925,226757,3022421,31490,292704,302421,388849,175341,22593,93274,167958,317171,76704,473769,237868,126670,11240,27357,80783,17020,693833,87112,123,35997,36969,336361,119167,19705,95739,41122,148688,16502,47121,186490,148728,282807,770672,79219,38108,1900816,281731,573516,381212,8747294,1689754,30135,98149,85053,26483,74893,34412,88881,159317,171797,698516,758587,57479,125861,823591,1479512,56554,197991,224615,96208,179005,108872,56463,79984,40749,108865,50281,2602,134139,994355,1223333,1343698,381684,219750,11151,121715,255206,135110,3447015,6652449,64547,61167,582029,182856,932061,949498,1538435,2048356,218002,21827,239951,2230816,90327,63211,211003,236425,173548,131821,4334306,864,118006,95248,948361,178233,191341,56254,1789385,65393,208601,61527,37561,286348,61098,1096039
2024-12-07 01:55:00,407708,110773,59767,126615,94429,166971,419046,97890,218774,10443,171113,166417,101228,101289,318620,90041,199824,67288,183096,121369,77506,211930,41906,162503,560756,87493,164497,770949,712936,441301,16128,20042,72647,992686,5736264,139190,132999,129305,273793,1054567,192250,658019,14623,59439,27107,60916,56105,56258,278401,273907,91896,1145913,138018,189185,3696996,291601,3621,495282,221853,194053,4671279,269518,298029,215998,324611,7321117,203090,24171,198631,19392,1839087,566811,55181,104039,3957079,181736,211439,227133,672792,421927,268443,445172,55952,485555,501762,50410,22392,342938,574095,1586357,62413,77123,33510,111567,35085,83599,63918,209566,111464,538491,232889,3213450,21710,256727,2804667,715994,116389,87327,219797,146453,239312,92089,489065,189861,417303,6542,14392,51325,12932,1356001,15272,1883,15779,21669,434635,104220,30303,136115,41707,177689,40338,68214,173999,175753,173611,575877,87825,74035,2016500,341834,511247,250634,9003866,1640415,8817,135366,286555,73406,390098,43797,106373,107829,170812,797356,1053136,60139,115121,1078355,1516973,76223,343876,189140,107172,182083,142719,69417,33906,48704,49405,41546,3970,132465,1382558,1434327,1318578,283246,242282,11674,292994,205023,137989,3378571,6525486,16675,70996,1812796,251786,1022424,834073,115711,2087854,165675,16363,129629,766976,101923,18192,221423,294146,159738,143899,4318072,3932,116683,85878,960524,172286,125281,24819,295495,46435,410554,17331,110006,265237,47691,831098
2024-12-07 02:00:00,338345,92663,35599,427202,171254,234398,419102,44820,205596,11697,159674,175738,83969,97670,201404,115437,478960,34154,311618,118291,83668,192481,39659,146444,104929,50520,170197,748599,669187,231326,5375,22519,64132,1040557,5672483,71015,98308,121338,232043,924832,414753,343782,5001,65667,28219,75824,50907,38399,216337,186748,72597,596276,141187,120724,3781524,328081,4161,410752,175161,162800,3953117,310056,229973,282104,196921,7417298,180502,22811,123947,31517,1416918,283918,78160,75637,3973100,134639,87878,118714,1343958,188353,412532,405059,70289,228237,489179,58576,11555,841847,1058742,1539310,59170,166607,93369,113087,28457,135207,63711,218651,89499,286204,244650,3200348,32511,642482,3252239,734146,626941,39907,131137,188426,211111,82629,537348,117775,701972,6057,14382,31941,12035,54298,23879,4093,12115,19800,321864,114842,84234,81187,45644,103623,19545,41835,135929,134187,125464,389344,63936,134186,2403772,284628,699638,477450,8945488,1688945,12106,168000,106261,47087,627326,34372,68360,110258,133910,736423,1072807,39991,131600,780666,1585024,141900,186846,489546,116991,76523,178278,56453,18694,37745,35752,39651,3800,120853,1132674,1229849,1421436,277176,224459,7742,189332,312142,193754,3551490,6716907,20752,63086,578889,134215,2922951,817764,188500,1929108,444016,266239,125932,529959,61198,57319,304311,264884,152468,125264,3484072,9658,88081,55656,1036038,111802,198457,8458,129749,38234,297642,10862,14779,291139,61520,678365
2024-12-07 02:05:00,88849,63981,68994,634561,177137,89418,389136,190543,195854,59503,252944,164511,103679,92499,163536,460788,498413,136909,233453,135756,60729,163990,39044,142218,15947,47812,212517,692014,1686072,258381,1732,9034,59470,1162562,5915313,95704,204414,205668,158037,761279,201041,515363,18475,83349,26795,41562,73178,38459,274516,185534,25988,505742,149135,200751,4780474,357367,261,447066,224460,147893,342740,511293,310243,209614,205675,7183553,190395,31257,154484,22915,1571562,128121,33138,44869,3856094,92265,152736,120229,793290,457778,205236,559562,45451,310399,641849,100238,6153,519973,1187247,1745223,78224,146574,75644,81239,12316,190663,97411,192453,179530,205566,216864,3261572,44994,227921,2876460,457643,208774,32897,58318,206980,222868,101384,426849,207771,281188,13312,76534,33953,9933,71068,14210,5546,26215,3884,347082,105489,17786,36771,53744,151378,34789,162928,173582,50725,153399,387534,56082,20806,1907349,317423,676100,413976,8978809,1116051,7082,190746,65994,23150,725908,40072,58258,126760,159473,738964,687901,41188,109007,690092,1414839,154898,290912,218549,97222,130582,371461,80129,19497,14291,76906,69291,8869,102538,879935,1355806,1447537,354111,218262,9787,122586,80230,256536,3422609,6745090,32096,33337,348286,106856,388787,1130248,264471,1918659,732262,12751,87873,505324,56568,34848,295209,181544,82315,137055,3553396,180,85930,53115,1265605,128859,267089,62964,221606,47934,115069,16616,26639,256581,51577,521012
2024-12-07 02:10:00,101230,106016,84623,566345,165815,261606,295954,90412,200969,25543,86115,141855,151557,24656,63314,120197,152112,22532,182273,126095,47211,392116,68004,93737,14974,60357,193461,604361,642834,285780,23372,33989,66846,1421362,5725906,90641,125980,186080,192397,730732,158729,520375,10113,77106,23958,55367,77315,69081,259640,208285,33152,575995,111341,161216,5499705,253719,1895,390151,254665,185390,1663168,519654,358175,228331,167879,7233401,97974,34618,60780,43029,923532,188305,52653,41792,3988501,299508,135227,144140,434927,711968,342900,708648,44909,422012,577853,33471,7141,448154,886145,1660946,83511,107702,65979,113589,8588,52921,115532,155684,81702,108160,224974,3020647,57855,217733,714732,414201,110351,19112,121961,248444,585412,70167,589905,169222,227388,15590,79650,40681,7059,112245,25452,2403,10480,4708,354433,149208,31905,65951,63781,200519,12249,102822,132448,144871,189329,165782,91565,28636,2242545,427332,580256,491702,9018746,584706,3212,1209697,260097,24412,722329,32211,64704,151972,149017,774543,648742,34866,66824,523152,1089373,76800,238893,204724,76560,105922,166140,88044,23047,10639,40118,44678,3062,83294,950055,2000254,1308622,422916,221355,15324,123724,178255,171403,3377877,6515975,37522,22030,348296,131744,268415,1002084,282945,1967452,250183,29875,83574,582342,111561,17476,300233,207383,81503,113654,3665322,68,58610,56779,1271659,140612,147455,95061,114605,29991,199336,21903,7211,358206,28547,375931
2024-12-07 02:15:00,122055,110885,25746,235337,191320,214021,348937,144345,204145,9490,69934,155850,105005,119494,75031,78240,162711,32631,145106,155350,52456,189264,34011,110699,9548,47080,262637,622322,647513,248983,16279,56260,85485,533209,5786885,85801,308564,132912,211667,751798,185033,226810,2343,36818,26645,98284,182041,54467,311342,222889,17443,969652,84006,206294,5512251,253692,5521,372975,210328,115624,2730210,306900,434480,227194,161539,7170148,90158,70179,106810,38691,48783,160440,51644,71038,3971530,611743,122248,136483,710884,1188921,755615,655910,72150,445833,671414,21831,14870,379501,907915,1485844,110811,152531,51482,107527,40721,38031,18879,156170,111877,197494,238347,3110060,23877,173468,355230,268109,85720,28013,122375,170347,260837,79754,378612,291498,168666,30624,67056,39195,10556,63905,34306,1155,8960,111993,307128,58838,39677,37880,41643,198088,30888,38200,235037,65618,117909,220313,67109,20343,2232047,328645,342731,615776,8762876,100926,2682,1444580,99254,25459,772322,19717,84528,150710,113982,856465,643378,38448,58748,600461,1045037,71013,302860,235551,118690,168165,55286,55786,63319,17788,50710,51148,2967,114114,672252,1722387,1249614,297948,251110,29886,125196,58799,127289,3465618,6553336,18472,41438,435012,445781,4457553,1086229,264893,3637208,684016,29353,109044,403280,117393,43355,76959,187517,74344,68442,3662093,4878,84915,57889,1050615,129537,89634,56486,409236,43044,699209,11503,5860,287988,56106,467525
2024-12-07 02:20:00,99834,88157,32527,61752,174406,116042,200522,58948,182752,24566,254946,102889,161839,66758,123913,470277,208177,46954,138158,80322,71244,176092,50339,119198,16733,46702,157742,628315,650835,464125,5306,74782,77811,429009,5645376,47917,161951,607496,187593,758854,227904,173178,13721,77859,27422,71828,104204,163191,419564,146746,13568,927252,120697,198969,4252704,211061,6658,436207,138766,102647,347306,247115,401656,185638,139987,7458308,113365,69711,185402,36852,76179,278832,72608,38580,3936121,80871,63909,153806,331669,627722,733502,658497,26671,231978,456837,197638,4142,403732,850445,1428757,79881,84445,62282,146831,15176,59868,57119,181713,62213,106948,233017,2925200,217762,310121,226408,247625,100118,42776,223373,148008,297625,69462,294361,142479,79814,34746,37769,38651,10824,73760,24040,4668,5693,108661,260466,161343,23862,64808,16888,141051,18076,40710,457634,78239,130311,195511,70496,34930,511320,612577,286821,527795,9098804,345941,5325,4252911,174750,19259,703301,28983,64142,147834,91740,932507,593132,53914,56320,413743,848957,144842,195818,178564,53017,105682,73819,55061,23114,8815,46973,66871,17672,92264,520363,1780390,821076,362423,264448,9783,101986,59749,101701,3339581,6456021,23444,33179,392821,107649,754442,1078149,366140,4476890,757423,24235,179935,278805,108614,23767,120102,238934,81966,54528,3515678,4293,258349,102663,910535,141664,104947,63409,345440,54599,528752,6128,6245,249941,51212,527886
2024-12-07 02:25:00,96056,56912,42358,89450,130833,128113,189436,45230,173630,12186,189109,148819,120738,105938,77095,981040,204211,48401,186411,81578,97188,184563,60541,135162,10877,61913,191633,666793,645371,232165,11892,56174,92503,2581153,5576633,23635,149535,188960,164988,729200,168170,321754,17868,38434,33756,50988,90514,55488,179262,147330,40504,705645,67702,282781,4370162,248376,1460,399462,128726,121426,405655,228051,262137,147790,491268,7369585,83598,93314,139249,26244,185446,457236,25289,32638,4019388,50733,91346,121067,122064,591005,487877,652261,36606,279109,511019,95139,14197,439918,798038,969687,83391,77964,39042,121168,6367,53104,30553,150723,100910,157516,272092,2776714,52806,547047,207074,500601,84241,43568,93392,77950,567243,128555,469066,96684,124551,9745,7332,18813,8085,60358,3149,10801,11626,11456,315492,135906,467798,62650,55063,219418,61453,65723,190262,123348,98440,218150,93414,34373,216383,529818,220739,443103,8944715,1085251,6193,3676370,66140,28527,715946,28424,25185,102685,78485,779776,872983,30693,92163,460327,752871,82763,116864,332547,57910,116662,170381,78140,19272,8622,56253,44720,12649,99076,637475,1490624,1698211,332334,290510,4323,116520,37418,185170,3467091,6471155,17738,19321,457422,159285,504178,1076680,381732,4435298,771561,22078,143983,376112,103682,32334,52479,363816,88261,45848,3125918,10008,158149,130377,1200217,153007,93883,85443,587875,106617,499579,3714,2623,302359,56994,494009
2024-12-07 02:30:00,128848,76118,41625,173950,104756,117476,189870,33159,173568,15959,100725,130828,201819,23212,220503,1036699,273029,35515,106290,89582,90496,175254,33940,190219,10568,92895,110893,781235,553790,468758,21361,47682,75405,410382,5675470,27176,178852,219678,155204,794006,168776,361334,4049,24182,38137,52379,40047,64513,166676,163703,3113004,569434,112281,415775,4438430,158273,292,330715,152705,143744,339428,190761,359268,91655,246342,6938297,82709,75665,128566,61612,108674,428547,47209,37952,3832538,63731,145186,61149,130634,564436,381979,624325,45998,174762,481559,100444,6877,354683,853188,1334933,86116,84937,33683,73359,10148,31348,28506,128058,139771,480581,284507,3643491,60141,170179,78270,375653,101425,54404,75210,105318,965785,115508,331427,134535,247393,11495,24817,30835,9636,43660,12750,17974,7527,50353,202503,89299,3662,23937,56174,117649,38448,85482,925908,81420,118565,196614,73997,39565,188821,558233,267198,303872,8755282,999939,5211,2495549,114464,19541,468383,25001,21174,97325,119926,866884,632052,29734,111183,307490,583036,102298,170022,275625,51808,71886,79620,35458,6427,9047,45682,30574,5977,112254,550727,1078973,1003551,322101,649956,2844,123668,86213,217502,3493272,6606502,36329,40421,384987,98355,970875,966410,328370,4023772,777567,13969,139028,364482,122472,22364,60448,248612,115093,58011,98570,7323,63875,133668,1182358,416555,97546,37023,3132062,105871,384517,6005,24931,212984,34371,308553
2024-12-07 02:35:00,115791,87579,19123,37186,117719,146793,293183,39246,177320,41717,53492,91908,82198,23978,49856,491904,524862,32514,144676,98367,61336,171798,23847,164798,16217,63205,148669,599045,173901,799237,14286,40855,90993,313055,5661379,23659,115654,301046,283975,840143,147388,347827,8963,69401,37865,52805,54596,130952,186118,116458,2489813,225883,276755,446571,5364209,260575,5045,424512,149866,140512,256005,119566,383511,142850,153322,7388811,87039,38240,71784,67842,54632,206490,33563,64388,3888186,68551,140693,70701,190478,601783,363898,598181,33248,257441,456810,66404,3642,422104,793692,1145110,103971,77094,43486,124665,7256,19485,9780,232132,80895,140661,241321,4268590,56148,205743,110808,509299,81728,47633,128398,87946,259276,100620,570868,149503,232961,10119,13036,59416,7105,45427,24309,12097,4638,640,292257,62180,16307,16002,98896,140611,89562,121110,140170,91727,74433,170604,88788,24161,204789,480629,269182,639539,9001413,120940,13598,440493,90717,13403,266312,11716,26672,99342,105945,881899,496700,33757,72433,209525,500463,88511,244536,215007,108808,172915,55617,105461,8033,31265,158217,30577,4232,120511,533264,993039,876776,467933,437776,1247,89675,54893,118449,3383697,6441765,27954,29040,306731,78532,844228,1158569,180457,4399051,845957,24534,86549,308448,67278,23436,57260,171373,106058,46528,182840,6543,228087,105402,1383724,236592,91832,24997,3119255,79660,308447,38631,6968,260245,28254,295557
2024-12-07 02:40:00,145587,53613,20285,46289,93038,165723,323226,33513,171898,9091,45944,114414,209796,214115,29315,771905,121238,34786,168712,63897,55139,170331,61437,219317,15641,51271,167262,538136,107676,890449,17189,60682,83041,752487,5955514,15434,110928,203134,472607,794534,123535,231659,2711,22347,29484,265357,35410,133514,277920,119351,3112413,228344,265002,193662,5459114,264425,1280,442158,142820,123189,300985,134888,627122,135979,176919,7322695,88225,24474,94090,21545,86216,133285,14659,46515,3940511,75081,145694,77903,176086,601348,275940,560878,144696,325138,432195,51405,5261,287207,775843,871420,94412,91060,52560,79215,3017,67696,29981,85257,147948,128523,227802,4088466,5868,159982,123295,243503,36962,26491,80472,138923,194679,79331,344624,150597,194491,4414,16524,15782,9553,59786,40154,11589,4491,51,206198,39360,66759,17685,59424,96511,12176,114939,383098,159033,54905,194069,156435,17710,234988,581276,197650,194948,8886847,267584,10730,91174,28802,12216,132117,10145,35717,242672,69327,727561,488092,69765,67344,346974,509668,66523,184175,201923,42127,61482,121958,55090,6021,12150,58723,21115,3410,117024,595512,997149,1025289,338015,265515,4131,112164,49216,161299,3497195,6564964,29100,116164,663020,91201,350767,1059672,283892,4263235,676445,24316,102266,362552,90087,22928,30730,440498,135060,63361,182422,19419,96766,44630,1215235,639821,76615,35573,3122376,38508,91675,26517,15847,354832,50499,291222
2024-12-07 02:45:00,133404,82831,34986,45624,118135,237924,210184,77130,188593,16410,74711,204748,109680,38479,24801,418613,195236,34427,206440,84421,80575,182937,43398,167688,23810,144454,158235,524527,88248,871700,12354,30315,94609,400058,5630063,22168,129726,186970,303604,843081,75995,299556,20977,14577,18750,63665,48343,44217,391220,150360,1032919,347817,60984,567757,5619235,242371,349,458426,141441,96481,368210,163836,428678,155983,302766,7438739,111167,54029,88799,16586,34144,219338,61665,37320,3836064,53413,91051,75305,223653,617352,323613,564567,79128,246698,460214,39631,7397,432842,525478,1068163,142961,87103,41873,213361,16832,25734,40672,214325,94998,134408,95155,3871792,13133,216218,66022,528826,44695,64393,39134,128071,216021,89129,296795,191651,144924,6227,29763,7405,7286,44099,3271,8276,4523,19827,249464,218650,5357,32332,69680,92415,19173,460252,233951,119018,99757,203801,112085,30384,176773,557389,206858,297676,8836505,1324792,10643,430297,335655,84446,65944,11885,36549,117350,81748,734308,479749,47025,63829,334545,618552,89787,99522,214251,76274,77924,84326,18393,22143,22130,82500,31498,343904,222024,543434,1017041,850966,305793,302875,2345,137153,57953,129834,3363101,6426657,45355,28140,286714,83512,418375,1143638,123209,4150444,340720,28835,175707,418655,130925,11156,81982,463030,338840,52430,96408,6339,54842,49589,1277299,505110,243283,32942,3159739,87550,103295,5971,36723,499917,129976,227956
2024-12-07 02:50:00,111640,74475,63369,31961,131544,167366,150308,66672,220880,16421,75749,98607,124907,24836,28726,79774,293131,47856,173457,51688,102755,134964,13127,123934,20384,62138,193090,618480,84013,938175,27255,25880,95064,842780,5878392,21249,195346,137450,325615,651806,298244,491052,7593,55274,35150,31794,63112,58441,230273,110453,78349,676112,68785,151751,5492425,247341,658,409171,164719,124149,264692,175099,374446,119965,194258,7399193,120585,48139,116506,8803,62696,118113,44583,58506,3897926,80318,122287,66351,253230,531090,275163,670944,54532,130556,382651,23519,6780,990779,494248,839149,70147,78937,45693,103146,27663,25436,4194,109456,66437,259001,21317,5113109,14224,198611,97631,1249709,79856,57084,58106,106277,250404,46668,209785,116787,106239,21353,44610,10227,7143,1760148,3371,4405,9281,3833,767903,114685,84712,59011,83614,131957,17739,84988,77795,90920,97640,210534,111868,24264,166288,648863,330158,246462,8911703,242154,6421,151808,31192,11431,100900,27608,60818,121102,100417,133538,387225,21360,77002,398921,478674,98041,124413,169593,34072,42522,72894,16351,9193,16478,67041,34481,507257,370052,632998,1029973,753118,274095,264089,11925,106190,53604,94113,3368471,6485205,15861,28287,307973,91209,532270,846246,123361,4388654,86771,31910,113545,209502,99316,18053,41236,131597,282643,77622,152397,576,41392,58711,1222409,145821,176680,9268,3466816,52626,111163,14966,34957,229895,117983,390484
2024-12-07 02:55:00,121739,96003,26523,22087,67216,143820,155987,66878,189352,20316,97601,119232,259223,67095,28877,38652,127103,64141,133268,132360,60911,158833,27453,158278,14597,55645,169239,623900,92292,882548,90771,45189,145287,990679,5798996,60270,73371,156342,373983,873822,209840,548662,16262,33432,28706,63059,62727,99931,227246,116030,592616,460318,116137,158272,5583660,241034,2677,386997,178012,161958,273586,206302,235975,108606,137813,7332847,110077,21033,144167,13088,33968,112413,29730,36344,3892546,66578,153412,69170,243472,539750,389314,560270,80684,125385,475223,17291,17900,909277,532537,833722,69072,83561,89663,82524,18123,16430,14129,166261,78233,179421,24526,7670889,8698,236932,81990,720061,61081,65587,38596,132773,174995,83344,285501,829768,120744,30291,57718,29232,7359,61292,1805,3690,6208,427,402868,84257,47909,50250,70805,112766,6837,103850,73107,84805,111374,372083,136985,37069,137536,812631,308916,270819,8834732,143806,10084,31942,60956,84245,110302,4344,36826,169763,74699,62187,370308,20110,78310,594588,427847,67687,126692,136394,26980,111281,30421,26704,4585,23872,32286,12639,2207,131480,553788,1021032,675817,243094,242990,1566,166839,63621,97613,3426064,6513019,41110,23155,1866402,92380,331169,766761,162515,4326038,69616,37235,107760,182162,114767,21205,57614,269902,101282,53107,151394,1566,65275,92405,1173495,100891,77803,20211,3284648,46404,73068,14951,45373,193362,88513,265690
2024-12-07 03:00:00,70945,45378,25026,61806,49106,112838,179454,89038,205405,16569,277520,148241,308526,34687,49736,42721,134649,35172,124637,61783,72162,189195,34452,159602,17482,41242,105384,561724,107206,732289,130838,58897,186393,501245,5825646,47578,74951,212542,543228,362316,162184,188312,29511,21218,39895,34457,37807,59787,196232,107931,48941,155639,150633,171131,5541406,233356,149,423914,170643,84478,352990,242485,278888,135597,162203,7385977,92400,14483,110620,15386,30742,113028,24324,30867,3934282,62480,119379,164787,127828,574602,278908,832883,58879,137210,449304,16066,7678,395204,371526,848685,83476,68499,65889,106731,7572,47728,27531,130192,84245,184351,3088,5508071,9786,208571,160223,135460,270002,90900,29645,133043,173858,156311,276314,248827,425674,3745,32350,38850,7240,56009,4155,2113,25025,11425,192846,47843,66216,76564,76582,195655,40336,65869,100746,69230,110348,690278,54411,30022,162194,690981,210423,1094505,8948492,102213,12693,65392,112906,104456,63243,10257,28631,83817,64599,44478,399643,14759,94482,536194,515181,80434,278419,89693,48074,17767,106190,46823,13900,16362,35918,19960,2796,83613,725088,1021340,752867,296733,214003,5442,111918,38091,104725,3407386,6283730,9285,36947,203787,86477,225788,750707,133592,4201347,93854,65719,110603,195507,151025,33169,52296,136004,95689,26814,185026,654,26519,39155,1318616,228454,112094,38574,3236896,56227,61943,7612,29136,294134,61339,316885
2024-12-07 03:05:00,70268,53761,17541,93258,79787,120292,234316,30916,235698,27385,478647,153517,317136,77080,31830,25028,139434,23389,174889,49343,72346,171411,51004,152727,17559,60774,130835,673578,85079,721980,21506,40718,71390,331400,5711228,45305,51795,342114,382083,257957,79651,319915,8774,49732,26031,46069,32932,45440,179363,81243,64246,149903,51812,177761,5524886,5152707,922,370922,163546,78215,288523,88537,149459,101726,193586,7314584,57752,15659,99396,15172,23106,128977,56845,31778,3894562,56353,139696,211004,139997,532975,234540,528734,50042,122136,352330,5123,6403,250897,407010,818618,276581,94616,45304,307201,5591,11613,13616,132871,78338,105051,6357,5275105,6648,125637,86891,100919,108080,46377,18173,129926,184153,85211,870215,183889,143137,5825,40232,57530,24073,39837,30410,2725,17847,19438,209397,57189,92041,157086,66513,661191,30604,84391,105449,39081,81674,503107,49091,39763,237817,523648,213934,205193,8624909,43574,21998,163589,61961,11724,45745,16051,26901,73942,42957,29839,367213,15488,118395,568420,507948,34878,123239,99035,23052,42935,88030,45993,15987,15198,36397,20947,3480,83367,547016,975114,1146913,272082,253005,8268,103496,29552,110153,3488830,6077099,22257,74362,956772,84109,129524,645338,108972,4245216,96997,28467,96899,248185,111372,3465,41795,116016,44257,35338,98636,1778,14741,23818,1307312,207066,77549,85916,3244967,44430,60318,9397,43933,151614,29675,240647
2024-12-07 03:10:00,70631,49491,75270,6296,53668,133195,165070,35998,284557,8535,123145,225615,282234,40380,38643,105709,119886,15995,165484,65161,80502,150058,40895,171707,25916,87603,138273,528634,123608,849410,23300,47112,33843,356753,5607459,26101,31050,122575,253110,328236,83104,139299,18751,12376,27370,110589,51610,35431,298940,55883,29663,156469,93662,147750,5424017,3489229,378,388750,124695,82139,328281,127231,253792,85625,237498,7116835,79820,26481,64729,19110,25139,72726,42080,47808,3849172,62422,108729,103735,102607,627311,177115,563551,56198,156623,414978,21711,17556,239215,462763,807720,58632,57539,56412,437769,17727,14427,15165,104779,51903,136818,4726,5170202,12692,291299,150529,119385,310455,69146,32384,117453,150219,53847,900805,241889,102873,8001,39032,24510,20806,87616,42567,8172,13087,18265,220327,86555,12154,74734,20105,1210495,5548,83826,54339,54963,259385,495537,40262,55759,253761,443156,173117,232823,8726729,99887,32160,38006,23536,49078,57145,5438,23652,111557,68520,35767,415973,22620,72000,488736,523176,238643,144547,112938,24160,76661,61339,26017,40072,34138,25190,12349,3639,81013,551862,945888,1230654,246251,184597,2224,100038,41005,85281,3411475,5990949,23128,28618,295943,70075,380054,531821,1235845,3599481,90523,34753,123461,270766,86440,11969,37075,144389,38224,35478,114994,138,17221,24079,1121194,140955,70194,17867,3301012,28581,30672,11659,13375,170072,19237,235351
2024-12-07 03:15:00,79877,22727,163217,22668,82463,152567,177544,35720,213881,21205,226652,130030,223808,35084,12225,134195,148905,24433,205420,54468,77304,140455,40140,137124,21037,52091,111488,562095,115510,771518,89090,32892,39517,331489,5744925,83460,27570,1784920,288751,390069,62490,113559,46650,22645,33225,46480,60125,34461,430898,137203,16473,293318,79569,293295,5470014,4885884,244,332533,170095,123063,327616,227418,232475,159188,56811,7282750,1331666,17856,51551,36738,26129,98387,71621,39048,3998592,54330,109313,89158,79179,627735,165468,581566,76148,138297,365135,9271,14945,221680,533600,865568,31197,177218,35714,208593,20963,37944,52122,132582,83041,116250,5968,6220249,15029,207910,92460,57324,73174,34292,54694,135580,197520,47296,620003,153463,145359,5608,37550,80040,4833,35049,67924,5921,7039,20851,280846,105380,60705,475009,33378,896195,8375,68044,212006,82877,334699,343972,67557,25511,148817,299003,281484,255190,8746211,73644,44077,676665,86970,6372,41176,9979,19052,192953,55457,35624,754815,30053,75376,473212,492670,125480,125002,89533,67676,38726,106245,34980,11195,13200,51758,23159,1902,72052,535805,999192,1209121,229849,231758,3220,122738,67272,132938,3517237,6095878,18175,21505,553647,115638,157598,717434,167569,3984026,86669,43357,108200,921762,140743,9784,17987,231902,60805,65271,116060,3886,25377,67825,1092311,264144,42142,30467,3338763,13460,38649,13634,7888,156212,26183,213155
2024-12-07 03:20:00,55856,30217,10511,15797,124720,119868,184158,58093,195345,8946,73854,43834,211623,25545,6308,26498,157495,44708,174838,92159,38984,171549,27536,164556,38054,39448,164043,520819,77430,751637,23980,38217,44650,377517,5770577,27467,45178,96634,232616,251330,51692,198733,29480,66107,41634,69702,56461,53217,179985,144153,16847,161467,58070,558995,5850764,169553,238,1160605,361413,119289,336746,231977,320817,96052,166522,7107553,57328,20620,67961,11754,92902,71319,31226,12551,3798480,57044,193555,228483,617568,614390,190933,613950,11248,218305,379369,3921,7920,230017,389358,753399,65212,173204,32703,375782,11042,47906,42045,140201,46497,100187,17072,5157620,32838,180931,83836,68549,83450,50547,39672,153483,160968,89326,354337,192562,69126,8843,41275,74860,4324,25142,73552,31119,5531,29769,207264,137769,58861,28707,18155,87678,7332,66771,62443,34610,210460,864270,73362,42680,162262,217621,201888,303820,8759015,92301,35486,51510,39097,4715,51949,5601,4659,140455,64879,50945,548093,37717,44096,238928,563101,68742,88030,96783,48139,25490,156429,30467,11288,46694,46935,19916,3468,80936,469545,1040484,1276471,251485,190556,1527,87666,76957,141159,3546711,6095209,7199,32372,2056562,191653,137262,1016786,113790,4246014,89565,31256,106078,604250,121786,26439,29108,119126,64560,27081,88282,224,43485,33923,1141742,136836,30073,22203,3197391,15830,69612,13680,11282,170010,45126,230837
2024-12-07 03:25:00,95998,47719,24324,22634,68855,80495,110544,42159,211796,23352,176133,64056,77057,45285,10782,30773,162321,33712,150784,84182,74358,156684,13660,188044,29711,26239,152548,642147,87198,669564,126700,33343,21085,317419,5723744,30336,37629,98163,254959,208613,62952,132692,12616,9681,47294,97135,52882,48799,194502,129182,29995,167556,28460,425677,5458059,177898,4211,772397,117453,71763,300113,183907,348365,89499,137916,7304500,88414,9431,32448,8741,48715,68452,41548,30541,3858421,88709,144422,183668,171551,581219,179752,712765,22549,282926,482049,19387,108419,273278,384625,969516,47429,50780,29704,428209,36810,167225,26115,154864,45198,75118,44574,3332698,12071,199406,119069,80644,232958,59501,74188,157589,184793,66028,434901,137819,105368,6063,37600,34493,2857,36446,85482,650,3549,15053,448734,142099,100494,76726,34858,110174,26338,61688,108509,43664,304179,601648,93905,29165,139856,261719,196371,273167,8904070,65538,8163,107812,206458,29523,72663,7521,6012,315841,73218,54042,280712,25387,74115,171573,430730,30818,57779,99372,30171,63930,94290,45871,24773,12872,25861,26785,23793,53437,198945,1113950,1308912,218516,170428,3021,81086,85896,168082,3453207,5959273,2194,12134,2514983,235591,148470,2637899,183110,3647154,116790,17027,123343,305377,136917,14966,16430,137827,78482,22915,78267,3023,90676,31291,1172419,179518,39069,30779,3146858,40453,125525,519144,25086,216003,32162,290498
2024-12-07 03:30:00,69342,30743,32851,21493,60072,96029,97971,60943,232794,40954,96445,180501,50915,55871,14073,33242,152016,20911,248171,83833,72304,131938,33336,135448,37957,30081,197264,508172,52103,710115,10114,41211,26358,278986,5741442,25223,40119,72471,1292109,187915,181545,167490,5675,6759,29159,75155,54610,27965,168388,235460,31662,166927,44949,148290,5772487,173322,9231,984955,132325,124489,312538,146263,408671,144869,131089,7312660,76999,33540,113102,12970,34534,131228,17153,9946,3897953,41234,117562,166025,189194,565907,200680,687090,26582,194970,600983,13164,422867,304554,381618,1385630,57290,36867,49192,149313,37360,35777,14024,171005,55138,85138,22296,4037430,12417,209653,88525,55934,54065,28917,40793,54131,198792,94195,652469,161842,85675,2997,19254,43444,1722,65885,48652,1398,4653,23336,946124,125343,108671,68277,16542,86342,4504,33550,86137,50798,120133,733767,79469,38572,107791,316042,170335,142663,8740296,104033,23813,67286,48554,5681,73282,28115,21853,426372,73804,75594,169438,12396,90063,408315,340920,30423,114771,93709,78020,54231,83087,111342,35638,20907,24529,32190,3913,68026,101168,904769,1253556,407634,179335,3458,91194,47500,139178,3468032,6066573,11029,25213,2282267,90394,182495,915771,242976,3288150,78135,43581,132941,147013,113392,21623,38419,102563,58968,18037,69591,2382,48524,27839,474332,89909,28811,35700,2635526,149090,76828,7668,18734,150614,23292,244461
2024-12-07 03:35:00,44921,36407,32962,67449,39686,89940,153182,65970,228832,34690,95315,144692,75806,148694,47743,42886,175341,32376,135334,32612,68760,134250,23935,92168,24981,38026,158013,501540,75517,739626,15363,41541,33346,255022,5609720,13550,43261,54714,250898,217094,43805,166196,16624,52849,29291,54171,69457,23425,280298,201742,38757,111581,53687,183806,5503037,285729,10986,923518,169692,73950,471649,156757,152770,155852,109605,7355519,114124,41022,44833,21885,49025,59692,17427,45741,3832949,66759,133463,134268,124501,632713,224954,683964,26204,66137,305776,10691,10475,232095,378292,1293046,234074,58713,37183,143777,36400,21970,12686,159653,56282,38031,8536,3411348,23303,594468,79636,412180,80129,23114,44644,92442,115041,78974,457081,152179,69715,6441,29428,37080,2563,87321,60525,938,3515,9111,898233,91817,103556,78239,12140,65726,12667,32106,85095,44498,63551,906339,100963,34165,148537,274781,187058,128848,8974143,59203,4507,75843,80544,14929,90328,18871,28682,381732,41535,84379,173016,28167,97591,165499,495079,33600,89870,80435,28095,7477,67142,35803,21525,18721,14688,41445,2780,52370,96516,419977,1259303,341575,165816,2278,119721,16144,117269,3431339,6349465,1736,26016,613567,122871,204467,952619,503432,4349776,86022,29823,94253,149222,78316,28302,46624,111329,41311,40154,59514,196,52393,30358,102877,186082,56793,11999,2536221,197082,60321,13075,11646,120373,12769,234696
2024-12-07 03:40:00,40665,25031,36925,42109,51642,126944,156956,88644,259054,93554,85704,99683,89185,60074,38196,103811,164899,32573,109344,398754,74301,126557,10039,102956,32117,27227,119659,542253,69465,815926,32125,58093,27921,756764,5707837,15045,44819,39142,157284,209769,54938,109339,3706,7145,48184,22446,48944,31077,239136,226094,1127029,103657,72798,158925,5731402,296828,20386,636357,139555,64120,425508,234560,251627,86368,40839,7417774,109812,48651,92751,10323,25920,154144,8642,51508,3910654,32814,151847,173151,121286,635140,306156,698130,21311,58487,270487,12762,9771,195191,531486,837085,52243,72386,36440,141754,37969,33960,9368,137564,43839,106699,14981,3400201,28709,455048,85743,49337,77041,17798,79292,71785,172978,103268,277646,111139,104696,8246,24913,270067,1970,54544,33353,7309,5194,16360,396321,289952,111248,83657,33242,84843,22807,20363,49068,61817,88887,793710,127467,34848,158010,456616,707208,148999,8775243,42893,26921,34294,99360,17269,41924,30926,42780,78990,44492,50874,465575,17906,91343,127124,546811,64557,78461,85533,16909,21036,48200,42034,14807,17513,31630,18083,1597,81443,237835,511271,1554606,245804,95384,2520,95094,26783,110895,3528900,6471204,4340,31621,341207,144006,182287,695104,265627,4165960,78395,29817,94679,339045,94614,11992,75006,131483,38244,63908,106844,199,31195,29449,119360,162468,38934,27120,2422621,142960,75845,11866,14099,183808,20774,242073
2024-12-07 03:45:00,46843,32305,48927,25948,26400,102471,173988,64996,205422,35308,79909,96336,142315,48860,13398,48545,121912,32222,137614,43039,38195,121817,7192,64982,56004,36809,107502,505852,57835,637855,10366,14137,27592,851266,5703840,19400,58752,51903,163619,210677,40897,117045,24153,4923,32608,38923,32814,78845,536230,762590,1754218,145779,54503,151357,5450542,667529,2642,1125592,132918,67103,316890,135785,186590,94565,103034,7118112,100152,36105,88675,11616,27543,81065,9039,20719,3866334,65524,142644,117350,140836,576116,251931,609604,16758,32687,314981,19838,9538,223678,951557,772306,203497,135821,24531,208776,38116,33713,16299,132660,40569,64275,3281,3237219,30265,228643,145353,89973,147038,24599,78498,72537,164874,82090,263642,112922,83667,4910,42492,21538,5243,47900,54562,9790,3692,22584,649235,217673,101394,57363,40055,332112,9354,33420,71502,25272,40155,116566,114226,23797,108625,452743,311872,238251,8865007,66001,39670,47055,53101,18170,44626,16800,8651,37092,49676,71414,526396,15880,92632,129466,429567,54925,130025,91446,83219,44285,46619,53870,11832,12263,9685,33357,5002,95577,216725,687049,1699950,208538,210444,2345,150413,34445,95697,3540264,6461072,11802,20672,1433789,166726,315823,658557,338393,1587373,56167,35614,72708,145696,104933,28561,54118,128728,40484,44727,63261,3688,44540,27814,137764,116242,20078,56338,2094088,107338,72425,10051,18731,111800,17197,244160
2024-12-07 03:50:00,74303,48914,19316,49814,59744,70885,116374,21709,200433,12787,61725,172073,117456,43683,16436,101174,170709,25438,139791,63973,187550,129554,7375,75983,100981,18361,181086,266380,199787,658974,30745,42769,25402,342741,5738597,35067,59724,92703,70321,202949,148830,383772,4973,62099,22445,40192,27314,70348,538782,147256,15380,125866,68289,146046,5634672,356902,92313,1182786,221833,59302,304489,152545,238463,107743,51654,7337583,54291,32731,69802,12700,26380,104512,10386,34207,3886283,88951,113293,130113,92968,602572,397708,561808,20597,21745,404904,11360,4353,195874,356040,1108089,56579,54457,22316,239908,19781,19543,11259,117236,31029,53814,6620,3350551,16529,164441,138773,1403745,110327,28381,72452,96753,161935,49067,322226,112960,89545,5052,50942,18056,2035,49122,21919,1841,4503,40604,845668,81810,3825,111272,50580,96360,5805,32709,245032,52775,65783,185095,126665,15780,246633,330334,205292,122554,8905278,60281,14198,142274,60643,28538,35086,5680,14276,41838,90328,36807,494898,12266,63062,187687,421616,36672,243387,79638,53303,72200,65213,14831,15580,27679,15981,66940,7344,52339,425997,370971,1023323,181676,111338,1898,144123,51904,97840,3530126,6355845,1985,24589,423670,258350,116156,635064,196238,325604,81389,99009,106158,119398,74125,10092,66852,141409,60515,40628,97000,2601,22340,26749,105284,115848,57324,36775,3143952,6551,70754,44002,36454,141463,56575,242068
2024-12-07 03:55:00,112605,24910,18659,49185,85167,101297,129829,85599,186187,30156,95771,125958,261595,107018,14933,173202,190543,32034,121008,124272,74094,107011,10360,86723,37154,28495,174487,288140,55852,633489,21455,52147,71215,94709,5673216,53528,62245,39269,135027,462244,73276,540407,10810,36799,23852,30122,16796,44915,431818,214281,27968,164448,345200,123844,5487597,136605,499,685008,140922,60581,275331,200140,120028,101080,100906,7197115,50849,29645,65493,9860,40341,184110,46970,26561,3811437,83745,79804,37237,61673,577006,317265,531773,19752,89524,339828,12022,16248,228536,419045,1320087,288173,61212,18365,138449,3242,16789,16628,125000,37034,53401,717,3569539,6604,209057,189021,136532,66940,21540,48604,83757,182822,53078,261233,75617,86916,6632,79853,16888,1420,29453,37924,9165,56436,22734,868569,115190,69143,98965,16959,86790,5970,25518,31973,51945,46824,90909,166290,41551,155422,170865,194897,111092,8834877,103723,22972,99314,76195,11613,81752,27820,46477,56523,176304,75887,545674,12695,45033,127812,403716,26758,94241,54160,35099,26388,53949,26934,23313,38682,33047,49065,11305,64949,181876,482785,1221070,182065,132793,6465,148213,31798,157147,3586621,6457229,10520,33498,342079,167347,170428,582481,178448,249976,65275,28503,85605,210327,82054,13169,66504,86600,54112,49249,64060,14764,37071,40047,75058,71985,65810,34034,2546458,86364,65398,6435,8581,160719,73578,311049
2024-12-07 04:00:00,58290,25851,38965,54967,69740,99878,123512,52333,203062,27251,87859,137549,205328,49498,7997,99090,143865,19359,84890,87157,51980,105243,12005,70532,30966,36883,110866,356680,56834,602715,19594,25002,52050,108167,5622609,31169,46021,52891,50397,329139,57733,303082,25475,13381,42230,23505,25045,42110,372467,214927,32796,161674,253692,111828,5604132,409450,828,333831,170703,59584,189285,123449,130404,105089,44331,7278358,104966,16947,103891,18756,47055,49935,40009,25561,3811946,96195,110387,120263,86257,557064,231855,454757,16884,264653,430977,13299,11283,153976,349828,1162967,125605,98614,19446,107351,19626,37348,20422,124848,43213,40239,4397,3538247,23020,176833,155071,120602,106164,36675,23493,97922,164365,59351,283845,93838,49442,23415,88409,212695,4984,46992,15332,1439,9115,19836,833683,105800,118363,50504,14174,116765,8881,29496,53690,21667,40946,75285,105407,28555,373481,159788,213702,192394,8984816,95740,2527,19638,103546,10355,83034,64115,26177,81351,80641,80205,473541,25240,45609,165114,448305,30563,102302,68220,79035,84527,60882,31622,8432,10782,26641,47009,5081,49828,360856,437213,1185666,174968,95098,19082,142945,44851,133275,3496836,6400360,1056,61489,400762,144147,134717,641169,218161,258788,112549,20381,95571,116259,114556,30110,45168,78255,44382,72523,40394,21421,47209,36311,127738,91063,87095,8610,2761303,85814,58877,1063,6750,142720,48931,259895
2024-12-07 04:05:00,62827,17629,22759,39661,91226,146240,137268,68473,188004,50946,79535,129381,152242,104423,18172,52664,238736,37982,122061,50271,116993,98210,16174,62713,37006,54471,134303,233882,71162,629967,1441,33623,120609,155918,5736296,25189,35420,51435,53747,276742,97979,105458,12714,62980,18089,31905,9992,24230,488000,248659,21590,146630,329107,121244,5498207,212348,2110,292846,124189,134710,176691,133614,134521,106320,64148,7370429,67546,25448,81977,32287,58999,80812,23434,25589,3953352,94391,53933,538821,91877,557207,278866,486824,21660,82174,249238,64250,13423,183547,519004,1001130,66091,88688,28672,298460,12026,25657,16816,131289,46080,43623,11270,3500923,20238,182158,124028,101712,100041,47477,29003,101101,195782,51235,153080,109404,79769,20169,50548,584545,6901,49637,4241,2467,29633,11780,858695,115290,97370,18321,19923,46635,7257,34982,47676,30642,57979,58318,132824,16573,750670,135667,244396,197423,8758811,146736,7465,2869585,106080,27524,52737,139026,21354,58641,98054,93915,528787,6236,79277,143175,233549,26679,97015,58610,23864,50022,215074,159730,13344,19922,12912,24578,4681,40196,554413,337244,649282,214125,149509,5635,149838,48772,139499,3554552,6660823,25321,99020,254210,154168,100284,605360,175901,192716,93371,59172,107123,165777,53101,18480,80675,66762,80918,19373,49476,36457,66183,22379,76225,74972,59715,8661,3197151,68221,71725,32912,36466,156753,24364,296529
2024-12-07 04:10:00,89644,23711,13762,53677,54642,126265,116280,68892,196744,32028,108024,130129,209246,158623,19381,33409,182992,42448,91983,59038,70534,118194,10849,66755,29752,30709,129231,210669,78674,651071,7712,41978,63351,158203,5603054,27080,76369,105292,150744,348918,79896,90035,26174,17007,18827,14853,14510,23178,441207,255018,14005,136047,318250,124069,5550267,177679,384,300288,135215,131565,187565,137334,166077,70058,68706,7390635,172054,39898,126415,29166,36072,76582,33324,47832,3779349,84492,125204,576056,126066,585911,237753,474047,46995,113820,265740,115463,17003,193860,380747,680158,102984,81176,22256,95967,72384,17404,12349,83601,33268,49505,8387,3673112,19808,160759,96852,50027,82184,12920,35899,74734,215812,67026,202655,130429,141325,9722,45124,590892,5577,65037,3698,9095,31650,6638,828683,130716,113741,16745,31311,55410,10505,54949,43843,50330,62354,130439,91353,12774,385989,140883,141876,105129,8826334,76072,8745,3416292,223691,32924,50740,172090,33147,60010,68314,97129,475723,17573,49194,131172,317962,18098,108715,92248,38893,62306,772262,165287,25123,27241,73317,15393,24183,79116,528915,319132,604178,220484,130451,1681,190672,54495,114363,3599686,6610449,24773,31008,286320,184213,134425,622510,196670,127246,61279,47382,286182,185042,84046,19001,51012,66657,63669,26408,107032,15444,81786,23070,84718,84032,26182,26436,2339374,402896,87292,1139,22418,121905,43361,275769
2024-12-07 04:15:00,65001,35546,34167,86773,48213,145101,107104,33149,243490,40767,331241,582030,188106,82073,9812,60657,155194,24366,73709,39269,65445,113468,8868,41372,23077,44963,124821,285404,111545,628369,15638,24705,128939,140523,5725696,16898,37483,83296,47485,361515,96850,108490,8984,21445,21100,32136,12917,26076,429600,306560,30285,170105,229764,140763,5833319,152230,3908,388332,131791,133844,268892,118759,164564,69337,54798,7346326,125896,29802,65980,54724,46177,203455,50675,32297,3822102,106435,77262,106226,504567,558018,188345,513688,40112,84585,288202,22803,19570,225013,389194,627357,77101,112381,8586,69739,30983,10492,18025,110966,37990,44131,6250,3593035,15517,141016,73794,52661,106847,57732,25575,57318,178246,45836,131693,75900,58954,10920,35477,170081,8582,63492,4391,8722,19356,16516,917536,72851,102800,22215,43958,47011,12171,53819,73701,16522,18620,158590,68324,29027,598777,152391,172044,112367,8813109,88495,4205,5356020,131367,24478,48412,126021,27577,34362,87984,56797,467222,18650,52228,204564,303436,29302,185999,142944,52433,80991,761146,17523,22347,12606,10580,11868,16382,80578,519640,370604,1080528,264829,184104,8243,138476,70559,130230,3507220,6451804,111894,57194,271051,541170,207096,533258,225865,125657,3435494,30581,210215,207906,122640,4457,35852,60329,55759,14433,114729,9504,114922,20537,116698,36594,40707,26973,2136822,300828,50668,5812,11609,151543,69551,191687
2024-12-07 04:20:00,58386,44061,23241,77098,40653,101730,260287,42106,209725,22318,73042,158167,201263,178471,12007,59415,215543,35676,62416,67580,97441,94030,21901,48817,25385,21327,140259,285063,94501,617380,12096,45681,247999,181511,5697923,9691,58534,66868,64831,290516,142308,110784,59872,31652,14705,41376,30325,38186,478507,289025,35047,216486,136524,169677,5738178,347830,2671,674732,144234,117402,230937,110765,148903,84212,175133,7216865,91825,65544,62403,27702,52466,42846,39198,36198,3839387,112440,64384,174598,221051,586765,245582,544891,21925,144468,209590,2387,9070,188793,428639,517083,104766,125798,25861,76707,39383,22577,13271,108662,38875,128636,2091,3598563,5511,157748,52238,85150,80172,9161,59844,72881,124722,32837,198521,105633,47337,2347,28734,38734,2586,72721,2370,2296,18538,3873,846780,142965,26832,7933,19180,71365,30746,25372,48495,48265,22088,91688,91716,17628,427350,159456,183420,139276,8714602,528571,4114,6748056,254712,23822,71682,500657,26535,31983,59414,51624,905549,13075,51914,152105,297591,16907,54118,150995,34987,65255,550369,14498,21647,26285,24134,16302,9391,92107,526787,493595,1063455,293010,177273,1979,225918,72013,108039,3657541,6505170,5862,46608,249212,686051,218009,606826,208390,184005,72528,41158,88970,172110,54398,18340,100436,163929,123842,31923,144551,18218,94327,21775,106301,60593,45584,16962,2900153,70483,86093,6685,4296,212948,47306,287485
2024-12-07 04:25:00,74248,18133,14349,32087,51933,142603,145879,91127,191920,65794,53083,85571,168321,92320,47098,69324,206658,78315,109359,116714,116338,93780,14019,44529,16439,58157,144290,325749,160291,615768,14165,50930,89133,293081,5626169,33163,61081,77178,86637,203310,62170,144527,28210,27952,23882,22665,8430,42632,422371,354808,28803,192330,63264,160220,5318222,437294,3769,274805,123489,75631,207250,148237,127179,90845,233760,6987772,51637,107109,101653,18711,57869,53917,44595,66744,3815850,51202,84638,713663,172736,593481,212393,467947,40354,94554,1497823,4646,8999,162760,656963,584963,52984,134513,13913,75403,17689,46802,16836,101867,43491,100473,13116,3510198,3662,101419,96514,24371,90271,15523,38200,43780,122369,46923,163255,94148,93108,5020,31073,40982,13270,141737,6000,2270,36852,620,891978,49280,10871,58100,53123,47215,23356,50629,152129,271982,134404,134879,144856,26490,370639,160968,166764,143944,8957597,1945169,3722,6224917,103655,12777,40725,240188,27883,49236,38613,82202,951367,16705,52230,110331,251414,23797,95923,102261,87228,140333,103596,27701,19270,14811,5258,13560,8653,68549,572168,337998,584887,306987,174329,4631,98544,32595,200035,3611968,6390756,20711,50157,3047665,538933,148721,611498,175834,174554,73176,34660,182901,128102,47007,23228,65217,140542,71271,21535,133168,43619,145363,27971,180539,135709,82191,34247,2822539,72985,104967,2017,5622,205218,27592,211595
2024-12-07 04:30:00,51448,30549,14892,42497,74746,112173,100007,67695,167453,30072,69587,141328,116760,84595,42113,24914,189259,26128,80789,73510,70451,114970,11736,33831,16412,50139,127136,337141,126438,610966,9840,31555,108731,191546,6148397,10004,62972,127966,102521,271293,271179,433615,6241,27359,25005,42165,42693,56420,352545,213603,30323,190779,24481,212765,5446416,188181,9128,256263,145876,85891,247131,193653,244731,108346,143427,7133907,87045,129100,56151,23175,75668,77835,48600,37232,3954261,98944,79720,145668,133752,550000,182171,452699,96256,114591,497509,4586,44407,105540,704653,487306,168104,119736,17666,73437,14040,82859,19582,106639,49224,37479,12783,3832595,25655,153636,88674,21734,70919,45899,50555,42442,139967,34028,232330,82281,75121,9864,30012,31600,14535,136216,43094,6741,36372,5177,933758,68698,30542,33294,22831,85941,16809,28954,131851,33103,53126,259599,56000,54236,363159,161916,264703,113140,8819936,106884,4511,6368771,99157,18742,20246,120773,33456,38388,50755,42867,925947,7541,47000,178747,250861,15679,33171,81689,86796,88775,73275,31265,23355,26537,12678,13305,6170,73454,511329,827822,1065582,239790,155759,7840,170041,30681,163998,3615722,6510778,21398,44106,2021581,184278,166418,656517,108471,236507,90114,32034,257045,150738,46490,12193,88847,118562,47319,30348,72475,30971,109607,25884,137292,131494,24175,17419,2605024,143695,112117,396,15017,176371,31222,172218
2024-12-07 04:35:00,149559,33787,10063,43649,57852,203723,109721,125711,194529,3372,119084,115482,131425,261238,30918,36027,293003,65235,179809,70679,84470,115088,14622,92474,13636,622758,166031,283379,108365,694882,7234,43752,144926,153459,5721503,26129,47981,69212,147671,261027,80548,95453,35339,11645,22173,13998,21262,49058,219060,145767,35877,146680,16333,220020,5275010,172613,29508,237170,149680,74901,183229,127346,175852,93507,89654,7402577,132509,88841,47072,15002,29946,124126,38142,43830,4861933,55422,74518,76936,122975,573911,227568,502809,53608,83345,293980,1831,23948,183853,502978,485233,101301,167314,21831,162538,11623,22425,25051,101196,110034,117447,4463,3869909,61033,130918,82493,27394,75134,80567,70203,48483,126571,61586,408719,73634,65847,20977,25636,33531,5268,73371,28231,1891,40654,274,883022,45436,27528,11978,46200,57170,38292,38073,64571,26447,38953,83784,99947,29250,465710,174982,178645,173229,9032158,111523,16459,6315226,196690,32618,42127,266179,65843,121496,33450,58826,836335,5441,38259,113954,216028,31978,156353,213017,109036,49185,37970,41552,16772,14377,5444,24094,10623,74260,500045,335442,1025221,205181,163738,7157,160036,9736,233088,3594201,6524030,34843,49114,700086,174994,225050,589698,121900,176103,111042,33900,86122,189457,52664,4328,196209,88977,55780,9639,95781,23916,96253,37432,106348,34611,77625,11931,3075292,84861,79091,923,10338,104115,22414,285558
2024-12-07 04:40:00,142270,24982,13644,53597,44102,82588,173953,309395,171913,5015,100908,169267,166671,20059,29596,74194,148249,57821,89957,75277,57338,106112,18387,117206,11962,736704,221058,570071,105767,681998,14882,61394,55829,128111,5733942,46348,25504,112044,61086,213535,59274,84247,17132,9966,19255,30242,26321,57354,247475,138933,28985,196151,34531,218454,5497039,169085,9993,267842,174989,101305,312768,118337,249900,88944,70677,7387552,105618,106743,40651,22630,32194,227420,23479,27511,3904297,66299,73028,73457,73683,283302,201026,532009,27579,106788,321087,956,20114,185280,505800,522104,31873,80383,9170,190094,37020,46721,17388,136728,52856,95202,14140,3822076,89114,127221,111263,19255,109052,31509,87627,84367,105808,98135,310241,103405,58781,25540,46107,24725,3781,82656,36985,28436,20507,7354,1008208,97896,39866,26466,42295,94883,5019,44996,70808,52057,67746,47974,73187,74675,487418,169134,165354,87093,8902845,85981,15499,6232238,155689,38732,84619,92853,15526,45929,82837,92765,991288,11194,35430,135826,226050,45077,53721,80894,38160,177453,52099,34709,15551,30613,20972,33471,19431,43293,533014,580266,508007,224026,97311,9727,288853,20588,454061,3671499,6528902,22552,22546,675769,153055,168903,584594,86007,325814,112135,48494,88400,183110,44418,1386,141541,123115,109078,16326,69068,53430,806787,34812,82949,76345,63365,10590,2437259,241927,79175,20353,27316,117917,35130,232246
2024-12-07 04:45:00,120088,29890,13365,41870,48599,72190,111425,174361,191763,12494,216995,168107,113417,43282,46333,46659,191838,48548,111319,31975,52046,93313,19846,84848,10824,350270,203528,260627,144351,644205,10305,54879,52807,116702,6206634,16225,35943,79275,82617,203631,67745,129753,58340,34615,28641,42674,28139,63361,296480,114288,60797,223309,42928,245804,5376552,139317,24012,205947,274580,112281,205833,100310,148822,84593,51220,7201725,88397,99899,69803,21748,26194,112347,25479,123175,3870577,35868,35699,94900,77340,150815,203148,495469,5169,112508,871199,30349,54493,194617,491761,699840,119097,67665,24361,151021,8626,30649,37934,80680,33683,39421,8104,3744176,17356,143281,98165,53587,531543,190407,52950,111937,68845,148298,382104,87205,71228,27820,42582,25504,51931,101737,33454,5626,24943,13518,738257,67301,18666,16180,62112,65343,12762,28686,72670,58236,51618,89615,54732,8102,520527,162991,138831,166700,8754325,53838,12292,6252465,370701,21453,80293,94402,21458,47808,66800,36255,868770,21796,51666,416524,421605,20370,70169,78348,21069,21818,75129,31851,31937,18181,15198,36532,98127,80888,626789,524749,1002248,199905,195680,3897,167235,14156,171353,3710418,6589323,21745,52651,864185,117439,176834,231694,124131,161852,106554,51672,126427,137779,73176,1166,97412,79759,136125,16204,150120,22366,947586,29691,106104,67037,71527,25826,2327653,177485,70535,2485,55018,84993,71952,202834
2024-12-07 04:50:00,118407,26701,21211,52187,81451,85394,195007,153505,184880,10461,119609,141163,106659,240580,27686,74125,132211,58362,191207,145037,31982,105559,21296,86682,15320,248523,334853,277022,89601,771258,2579,38502,116731,162455,6406058,8776,32979,97993,64715,159613,170159,143939,10201,45434,16346,15719,23954,42405,223116,128194,955381,161554,21201,269658,5386422,153734,12459,231334,169512,105421,255289,119362,209789,113084,41497,7380139,77304,97119,139252,37051,41906,125023,22421,234441,3900483,83790,17008,71056,87098,176395,197791,542255,9084,71742,338335,2318,23080,211838,481762,1368047,76680,46956,33964,122863,4818,430594,33890,112414,67764,36574,17286,3715911,6616,108248,83013,84877,229332,91202,34608,134534,82876,78379,469201,437297,58251,22393,80232,104819,98198,118782,52794,8700,31745,2706,445439,73737,8759,11321,60733,80751,12318,25143,215389,41172,39213,86803,46084,13542,523584,179235,261729,152092,9017791,86902,3493,6156330,145251,13591,61105,78686,7503,40524,68563,46246,767443,6754,41990,178711,200666,17967,118662,53628,14623,65922,71761,26474,59667,12198,8057,15701,23722,96091,591274,919332,851133,200384,288338,3205,199455,10713,186793,3730606,6522915,8221,50322,869455,103258,241123,471177,117612,190280,48039,18752,171553,2063575,54313,5064,137368,141651,28701,13955,154298,18262,195076,32795,117740,75543,82886,28036,2371116,242299,49125,3291,9692,241608,40701,241293
2024-12-07 04:55:00,124773,42719,20204,59810,113567,83294,260255,176840,224485,15576,120107,131095,76674,283328,111820,154299,162720,65419,234366,83131,41287,123993,10818,71927,25963,170681,232341,301921,80715,610688,18383,63080,71079,178858,6012915,37979,40178,70311,74037,176551,61788,77595,31212,25321,19146,13097,17624,77606,434592,229291,68179,147013,35806,268961,5623149,115938,10281,206461,158200,136395,229807,203080,277043,110004,37333,7372250,126660,65232,90829,47511,79478,107583,20032,43577,3955590,59555,72620,85644,114331,177936,209439,533257,11143,91848,280380,1045,40966,148948,591004,1343083,84832,49320,96186,157366,1909,108035,38931,108416,40832,41295,21236,4131448,20876,90447,156980,57975,63459,8679,41369,98174,105995,78316,266427,296367,132020,2153,78625,150698,9718,126503,18700,13725,9218,3884,169235,70628,7923,20132,37024,82436,4309,38073,65557,32550,41008,61017,39119,70758,435249,158396,198008,450713,8888537,56009,5788,6149581,144957,15809,112796,90649,8278,64069,47605,38709,949142,18669,65157,105913,224474,31394,114335,87009,13831,44409,95343,28171,28853,21716,15005,31092,36517,91973,560620,1288104,568457,298370,670760,7066,311601,14440,217942,3647534,6531985,10277,55896,881912,174553,294291,567179,101968,174928,47754,23408,172266,5847238,55959,19887,100237,117035,36981,14740,110723,30114,161090,28851,82932,44460,81407,6165,2718193,193193,49735,14423,12511,200272,60433,239424
2024-12-07 05:00:00,125151,54893,7899,63872,114397,114985,226185,80080,205068,14310,133817,137899,128573,234834,17455,98263,147522,14428,188427,61683,50372,133142,8697,67253,8325,62271,245917,322414,91828,777292,5776,146370,37290,247659,5750304,28979,63296,104337,37900,147724,166497,132912,39058,20608,33607,36016,19974,88330,127763,339547,82832,191738,211247,263431,5529499,470153,8652,167662,85414,154898,319615,131449,206232,166395,123403,7265214,100095,63012,57077,25423,54878,1662638,44671,41030,3882322,86549,92766,41967,108656,179103,243297,411718,10632,139857,322305,8364,62934,218731,686097,1491887,71475,54930,68270,116976,21458,94873,72039,95087,35109,38524,7041,4093866,4435,117694,132446,68364,93049,43220,33518,90188,93763,121829,311135,243088,34745,39639,166662,106648,30138,85383,18363,3552,19257,28452,184231,72923,2572,27785,6686,69355,18128,29394,65410,32616,78726,135801,52915,36770,341282,159371,251297,382818,9198329,55645,5135,6227138,198299,37560,102203,59943,23839,39715,57246,43239,1026643,7082,161211,77558,405996,30980,94054,62864,16176,45885,71274,26380,58931,9530,39627,33030,17050,102678,564310,1426744,557307,235812,176641,3870,216664,13074,1694405,3761234,6418542,9279,33812,712868,134856,225574,557526,105682,233660,51521,15448,102292,174057,83284,227836,108729,120768,44839,9400,89123,27007,93205,31292,104522,89979,118202,19853,2782407,85276,74112,11896,39973,137963,256275,260350
2024-12-07 05:05:00,118579,36246,20682,45468,81829,109595,244666,264000,221745,33354,126341,141937,79854,245376,36395,60195,132851,45779,157429,63518,90168,114828,35064,96213,5252,46376,252504,311650,142248,690324,3630,104264,23641,218835,5739340,28739,48568,98107,86218,291841,85258,182481,33010,70405,31907,19979,26113,44830,117419,231234,49111,179284,65558,254291,5720225,824979,5118,202479,99048,120361,207784,189768,166111,119414,67166,7484517,95798,41610,286453,74228,46762,302921,4838,15654,3948187,151379,56644,26017,79195,1077031,208543,170558,10566,158020,418600,21680,43405,160816,635633,1315159,103634,67581,53556,143839,13140,64437,102955,86773,34639,41090,17987,3805069,15388,139060,127635,92658,208367,42808,36630,63506,170772,140840,252967,173953,52954,171950,148638,110853,17215,49537,33152,3273,9457,5341,106905,18964,7630,25663,18789,120870,53269,61153,56600,29847,37121,125929,37814,66982,304046,157199,373381,181792,8905599,43306,9444,6276547,621110,43789,76224,52110,19938,38515,64763,33818,1116712,17025,104886,73370,372518,37088,120790,62047,53844,69132,74609,33050,62964,11582,12349,19034,25951,464252,550346,1641983,501993,188056,191700,2928,148212,15180,120675,3705558,6552701,16842,33753,358728,121610,235070,590703,142399,241976,47814,23485,42552,193248,119609,27347,71535,103756,62328,12304,152873,18704,123125,32976,124854,133439,117617,38677,2771723,39680,71590,44027,28052,168228,28084,243179
2024-12-07 05:10:00,140750,52509,105816,89242,75517,111142,275497,177160,9460,35946,119774,370552,143166,134046,16442,76331,103746,20102,186347,46577,51515,99551,66314,90066,48262,58381,371490,424672,128754,655436,15100,279170,71512,248915,5721435,68078,47393,64058,99986,238410,97434,130043,4011,13666,17797,26225,15190,35231,126171,254503,1294008,172712,119894,246341,5832221,148591,13787,300797,121245,67687,248731,238860,133983,162203,220732,7185019,88823,67753,113768,80742,29874,80556,8401,15399,3843998,1940728,40381,45138,144144,119402,290124,283074,25827,60218,394045,6307,48525,232985,803200,1265950,87322,76119,85212,163018,26045,35388,75737,113002,58956,78685,24104,3365957,28662,91362,108038,75567,144711,87347,35278,67580,111046,319123,280536,129265,60683,4279,103306,120729,58012,794914,24670,3369,5882,17962,120425,31456,5073,59568,12507,89774,56716,194239,29170,60437,38738,287081,44356,59920,409071,162995,325096,236524,8795263,139736,4741,2293966,469327,42935,120826,158774,7352,46310,48324,53180,1137039,5195,38416,92222,364144,37534,168289,64387,81924,81825,101635,13831,82461,44802,18879,35568,11396,90457,506253,473243,457294,237546,217324,6149,151636,29142,142605,3712226,6578674,28086,69229,457306,186269,428645,656231,167791,146941,43322,6920,81216,198388,101174,65355,122399,332560,40871,24718,99984,22074,127751,37547,113761,105420,121225,34518,2926516,200095,169156,12282,44774,195752,35721,213333
2024-12-07 05:15:00,197448,86041,109955,61017,93449,191740,277699,89558,50809,53242,164916,299980,116747,34983,4846,63746,164391,19783,165562,66242,77026,129443,19675,92325,34276,55425,915049,802582,161813,688349,4124,72590,73637,252413,5851535,35973,53450,123950,100900,183142,114820,225207,5787,55295,32742,20174,18865,41623,110265,654480,60363,206900,64880,244291,5343550,104200,5646,283820,107720,65512,1083102,162697,367794,132836,396527,6628501,110531,62745,96366,33653,42945,115765,94754,37690,3955573,109911,63456,61427,135416,139653,237803,137137,16653,101117,302776,8460,206574,417958,662684,810185,108418,60221,71163,147831,50558,50589,21811,109225,87167,88455,52212,3373730,49760,107950,97590,121209,156818,118277,47061,85753,189667,293136,268028,184253,48371,30734,77557,142914,57531,81691,12357,8602,26941,2431,115374,57362,10842,40794,28197,161281,13226,54761,63786,92007,106937,268393,59174,92176,302377,108062,270925,233755,9003715,67744,5910,2446521,151609,40624,139221,110474,8445,42015,61305,58034,839259,13584,39293,113746,252878,38750,165930,119135,53193,99388,110654,61175,18951,180772,28345,50304,26419,58554,513236,325263,486866,247086,606041,2818,119431,8954,770414,3586413,6503855,14941,70585,434159,216995,237099,663081,68773,217005,26301,16589,69301,226843,98681,12099,75786,668496,47028,21635,161937,21905,155060,39728,74199,107111,119772,19429,2442460,240671,101171,4367,80882,177174,53043,288751
2024-12-07 05:20:00,134059,34265,82265,58848,101538,142085,203890,89860,45111,73277,234566,355467,137446,151474,23412,121769,146956,27641,374138,86190,107573,125032,30831,116399,22503,50987,653412,1262629,138617,676641,4958,58625,51068,245646,5945353,36085,102023,353489,162535,220767,1344254,970617,24300,59622,21979,30532,20007,87944,157476,292113,39931,182856,97759,224449,5708698,90516,935,232178,153784,110770,209594,197777,228723,180657,114743,7163894,103219,28207,121796,45594,21380,97127,33506,37465,3989353,126507,62058,62494,97384,145798,225526,171623,53306,95803,314536,7715,51527,350354,627756,869179,64429,49666,61556,174023,29895,37768,76329,85585,366284,132999,28883,3431169,18693,69056,77855,95994,148405,97934,31173,82338,534586,342084,203385,189819,59381,16994,95852,94575,13225,78187,19061,17997,10169,20434,117205,146162,19139,55599,23920,175351,22250,72868,106229,115309,106392,233712,56746,72685,472417,167053,284278,291772,9186385,80509,13706,3033759,197627,24318,121611,68935,15158,36088,42622,60587,547979,12500,75328,126276,337280,39128,242810,95109,51204,119519,66836,182463,28381,45567,113813,38333,14979,73554,579871,403663,471377,272726,488423,5295,905564,25949,1644034,3791992,6598672,12794,56365,656782,180347,182625,753313,164691,253371,104981,16682,55698,159436,106225,18681,54143,360174,49679,14199,107806,29586,140095,23801,123623,51148,86101,6613,2470097,185280,81595,13354,117806,242461,402312,295999
2024-12-07 05:25:00,133381,34466,125152,161520,111569,177224,118903,220023,22995,56584,166373,419004,117573,71121,37748,94171,120398,45747,410495,141641,94722,118378,53182,161891,44082,54721,313118,943979,165748,703944,12133,66928,52625,289153,5847671,34959,48101,74465,128056,189171,105257,173572,10111,66226,51374,17016,31622,56475,221345,247992,77660,168057,60889,193962,5747420,428575,1579,258922,134078,74092,213323,407077,367513,1377441,61269,7291944,136198,40768,239149,218760,94345,92664,56466,52034,3847267,86807,52624,48158,118038,135175,246943,173219,93888,81418,361758,15995,85637,343138,847234,867628,117049,63147,54878,107737,37504,154621,34005,80773,161886,60048,19283,3587798,26779,98094,172787,271489,164653,94638,34040,70082,157040,227460,430175,204630,85417,23129,116852,36131,31506,73337,14371,13148,4793,16352,199634,129299,19598,63642,21135,171364,50280,78745,106302,75763,98559,78405,80777,64924,557163,109693,330514,217623,9404113,46474,15787,1776119,641508,57742,122498,105281,22611,42292,32496,93922,664616,17011,811578,79959,278603,54696,160074,56860,36964,106455,32870,51812,29852,47005,159859,77400,11128,82238,575732,381850,460129,259613,1043627,27346,147948,13297,284211,3590611,6465680,4617,107625,997658,668221,255760,780806,575053,262492,77503,34959,45418,212920,48242,28797,80454,301127,82469,11276,84811,13779,120139,39655,130371,127390,112515,59481,2373614,147276,89881,39006,52422,226731,172359,200705
2024-12-07 05:30:00,148947,59231,80235,57301,71352,147827,197226,158077,39863,44878,287855,2011694,141118,51093,33417,108134,133703,37543,137148,131188,395152,111307,78523,126752,33904,81361,440885,988736,217207,545924,31739,51607,33538,263084,6087435,107495,108504,131954,291450,292857,159539,211562,24400,112546,79396,24806,46353,73745,166782,256656,114818,115086,120771,207374,5311203,164309,42664,274465,157667,67993,241331,161540,263799,2056298,122681,7452920,130695,40098,168738,83165,46017,111444,76037,23628,4069180,3382069,107729,48703,98205,159344,205627,161790,42103,70574,375153,13072,57814,393945,644430,1085990,124445,98908,65173,185142,30172,85724,33229,98729,159451,93557,8175,3624491,75791,114271,99103,153913,151028,117734,27389,115086,148973,181455,235614,139083,172353,20576,124598,35709,34959,96448,23532,30857,27030,9381,236915,56196,15312,22862,20864,115545,10931,29436,65764,35949,111082,79008,79112,69412,301222,105808,280188,304334,9422651,131464,29188,553441,159238,42723,133657,60867,59355,398217,71736,220205,643905,44650,431879,155007,290307,43973,179466,87690,47478,70399,22462,37367,23574,25522,12607,51305,14037,132130,594816,388672,677174,264333,534307,183222,188777,36682,587441,3640622,6561336,12225,97453,483665,232705,382011,833163,97598,306506,45112,34517,57520,210583,104530,21847,97249,233540,124143,11506,92121,26724,210152,24306,136674,117208,110338,48661,2119426,303250,249780,32560,100853,242592,80060,299956
2024-12-07 05:35:00,115985,50445,76297,112289,107264,150882,450229,251956,62380,14058,142856,1372450,138417,71385,53269,89424,124489,55966,96053,108912,402103,121390,43643,129836,33887,91107,304093,633641,134418,266090,18920,27292,81455,251323,5995737,71151,100560,91137,410383,230016,148307,499356,85145,65568,56925,31191,47232,90774,180097,318995,129111,130672,50255,268233,4828473,182621,65129,255721,156193,78093,191222,146935,377214,385588,276070,7310461,1209430,73955,569576,68404,61909,120578,130860,36840,4180695,2597713,94183,68819,144221,178182,282829,187368,25631,133611,317372,17423,50531,351732,697794,958912,154138,192383,67576,205791,34389,243540,50603,60429,153701,53683,20706,3259064,37813,137908,111339,205807,150404,109133,72647,191612,234053,112447,302981,218359,118392,16595,134634,107106,4534,89666,48741,20733,11247,71,133169,59514,45555,37419,22463,67325,41544,57808,41152,60379,113374,80491,93796,86013,323435,104355,307838,245370,9581797,98590,35079,149597,280242,85379,149985,41827,50487,99843,101027,99441,528906,38974,64065,410868,356125,44532,226017,148431,52930,61570,44908,13577,26008,44827,29058,44950,15113,101115,570884,282898,553822,259391,637636,430797,230703,17079,397412,3760388,6612334,8809,66413,660025,232409,346037,940374,146737,216938,35003,70690,61063,242575,59229,24573,81664,292589,165147,43377,83108,15818,193332,60413,164566,236159,188910,29682,2103111,379599,159853,41121,64770,185845,896194,369506
2024-12-07 05:40:00,124081,35166,155891,86331,159422,157536,216080,302035,28365,96562,287468,420965,91551,56026,16742,62439,220856,33187,161939,78017,290409,205830,56071,111864,64125,62870,441398,557017,253416,201171,33100,89380,53816,378955,6223331,82050,139955,175225,398733,293651,201881,137025,46969,49456,69188,70874,68300,84029,122554,332197,142950,182197,90025,223941,4526745,196130,30125,442221,130051,64292,208546,193069,373563,119984,164293,7522609,1896217,72601,233170,81581,100696,112619,55348,87046,4209771,116142,68433,62382,236777,97939,149914,142936,32441,110520,296682,16834,58431,253334,792646,843851,113863,132646,123994,179237,33672,51726,48384,90946,149014,136678,31615,4127477,44057,146413,184124,383891,179685,65393,61849,165878,221561,189840,331894,220786,52538,15723,90016,55189,13007,88431,28917,17542,7264,6772,246286,79150,49554,25182,13955,61429,22948,37930,102924,172496,95001,75505,149983,69240,186231,194694,280703,507813,9558475,100681,33955,141705,279660,316004,64035,91390,46393,120834,121693,105244,492288,65351,67879,770243,557354,106329,182088,157637,49888,98105,25722,31006,48781,73784,69817,76833,14722,72334,503551,368853,616240,263800,593205,436485,169628,40033,241933,3704656,6610980,35273,60405,485102,229907,223377,345189,129617,263267,31944,53924,82142,340141,123478,12079,99506,297583,91186,86964,111289,9633,268395,93552,198355,219102,274220,13677,2097982,129060,152956,49178,81582,237795,1419890,367339
2024-12-07 05:45:00,103243,63314,74268,76053,186278,171660,208010,283955,72368,183734,352423,507056,249343,82525,41027,101057,306265,97101,722051,78960,125651,456477,50782,93281,82039,216522,670966,513256,128391,277146,71180,56718,148064,415597,6067594,110779,87172,150217,438015,396344,176475,242650,11756,30525,37751,50504,38221,163350,145337,362499,143358,164367,116390,224087,4398871,151567,285867,413443,131761,51458,223578,270253,280351,184458,123030,7367023,2639149,91481,227295,78433,94327,99490,78821,49912,4310148,86037,74003,42149,111439,132898,192138,209670,66107,96350,293906,48632,53727,299951,852281,763073,209412,178753,75542,189358,48664,89637,60244,71350,117254,66566,29502,3538769,71469,134729,152303,411993,210261,50611,82453,272088,268245,110549,322366,167405,62653,27026,77453,44402,17425,70206,30902,22053,13773,4215,247749,127304,30788,29712,16894,113163,181693,51678,74377,93747,105586,462180,150345,63744,210952,155649,352360,564412,9548315,131050,19906,1579971,264255,192459,47647,65383,36527,422499,145955,181806,721200,117350,111926,537334,560008,47896,223482,155592,115540,94531,99860,61591,37584,55951,65403,45223,20289,144945,613463,299114,761545,287881,548547,433577,121013,25352,216795,3885984,6713978,29992,375327,653542,215469,324078,316969,201831,493236,50189,53110,62618,297495,124953,23184,275756,283411,72191,28828,132933,15853,251444,55550,186595,157073,112791,14632,2209403,385282,157251,49309,54039,266351,98208,620558
2024-12-07 05:50:00,131015,81502,88415,163108,136514,168180,282822,265308,60619,53727,234451,353666,201716,48260,67808,112846,183221,70316,208741,111362,102969,396079,58023,118837,58365,167519,855144,403248,165411,340074,38615,72578,105046,661892,6080778,63200,59096,204437,400475,624649,254179,276965,18870,6611,75177,60332,54625,180679,136825,353586,195638,332621,100059,122623,4396146,158400,55149,399701,169211,87804,324167,305725,291752,144893,117801,7314278,2609627,91872,239004,177268,52214,181429,61663,67267,4275496,115402,133189,49347,198297,91728,139132,151430,34497,126759,300992,49965,66637,394557,635482,920892,155768,149083,92396,346683,55445,302457,22795,63598,151732,94930,30274,3378372,60686,158588,168541,310489,178934,82982,104071,223516,242905,112440,336630,219932,67194,65315,171260,99088,76225,43146,24864,16851,59939,22461,138318,105022,39803,35855,24790,128377,63768,38064,112032,81562,89983,561982,232764,60308,156867,163842,235723,633470,9691264,108039,25439,874915,352901,107678,104036,41289,139745,273608,393539,322369,1635656,163726,59256,336370,541835,61340,176256,286415,166886,141618,396726,130925,37389,61495,93939,28857,11111,150546,657171,2267345,4297387,350796,588699,181780,154445,16135,408478,3900477,6151163,84738,224779,641942,259872,439557,378366,180912,323080,30187,31976,154369,250778,98359,49231,132963,347918,85462,23044,204868,13941,122093,37177,220685,285072,154854,25686,2064915,193143,154495,462226,370879,528788,95383,629589
2024-12-07 05:55:00,117725,64747,147966,160460,135347,205078,305054,199802,31942,60566,335472,401834,204973,42746,41277,90575,216933,67670,168707,111266,91321,132060,43956,301551,43899,158098,549019,553783,171811,636148,37199,55648,116866,1318506,6150168,85499,118816,100378,448903,532393,174058,187340,49120,26852,79577,60567,126697,178085,190616,357425,4120116,338712,95365,111810,4382334,159984,13735,349189,157441,201877,289227,398640,357475,174326,201630,7538585,431042,164412,196429,131662,49170,322366,68517,112379,4328204,117989,110694,97955,389203,114674,245985,197025,90152,124866,422994,45381,89903,308961,647737,766731,184265,132933,163738,823558,63813,103659,75562,64667,140310,102465,39143,3117801,18038,160029,383318,556561,216938,68837,88628,150252,210936,149644,465809,200122,68562,33540,233199,66510,57716,89425,24652,20268,24456,1628,152902,142460,71085,33239,35389,150116,38548,18310,115107,132636,98032,261676,146903,71371,176375,205970,417484,515783,9556240,181479,19506,2346942,414672,272881,111692,246220,223724,737588,237861,589106,2020646,170092,60604,191643,672459,60254,229827,223333,127380,332830,53532,49697,27304,23591,72647,51064,22319,202333,318885,1550695,531857,345796,636051,4580,219214,28275,289275,4205707,6351589,68151,315026,601284,200791,703069,525533,214686,403564,31097,32990,117669,242401,177793,87904,259470,284240,94454,40818,195300,10794,187008,47754,217166,262290,285340,38824,2203875,246931,166463,52215,81032,261565,158111,530705
2024-12-07 06:00:00,344243,53731,111863,134617,357729,215810,346484,306676,42734,79619,272443,438305,240918,99521,23107,128803,223344,28411,177103,86771,119802,171448,49068,196086,84311,91355,439738,786094,140429,756122,66188,82193,168291,851510,6051848,81191,106569,228914,417529,671701,215777,291687,40216,25272,173147,26488,44613,144790,133053,434550,607911,382433,119212,287906,4293881,291716,65426,461841,207541,67934,346389,468442,807759,179254,331024,7129260,326844,55041,183514,75906,83762,240862,73940,77690,4282674,174546,161851,84100,263756,105965,210391,205689,29997,138013,431293,39763,63380,472694,611083,849078,281133,175043,122407,813467,136261,540469,42973,68181,116079,130618,72534,3322531,168188,219620,397907,786367,217105,140184,129267,124160,253306,158829,596651,449923,85970,32218,118158,48217,88246,129130,25115,35955,8804,9748,260742,166341,260631,24830,28080,144745,25605,24808,70311,99054,141459,122057,137913,58865,297828,198822,323770,567899,9599882,127392,43490,1901082,828881,170231,114124,76088,46599,927002,522985,323741,1563836,350290,50845,320005,499252,45995,210013,267991,105207,142420,55323,49134,75869,35648,61574,89659,46759,138602,314043,390629,614135,353181,1929558,10989,244576,30121,386937,3919558,6657990,37074,138605,584459,236489,491413,455808,194683,295449,51750,29578,114481,350295,133027,46260,143740,293249,79336,98842,269866,8668,239878,40570,227747,281464,311222,100831,1586726,312541,111886,48421,102797,269543,173611,484068
2024-12-07 06:05:00,288946,90861,69073,147913,443287,467073,400047,289583,30177,92810,489399,474060,301646,72863,36673,123952,225438,105257,189045,100555,224156,189632,37228,267230,39833,97246,467249,1089876,178448,799340,67807,92286,182523,602951,6341212,135470,70988,121924,380894,428442,277893,418427,58078,32609,179575,37701,56625,142492,93896,417419,1070264,704420,98536,237549,4557635,252997,64988,225035,204367,81486,340784,299917,406637,263509,429228,7203297,255896,89788,179436,2281432,115314,131953,76969,65966,4375538,144242,197700,118172,282866,150917,253379,186226,18068,109995,545961,51292,66493,523161,777030,831197,204752,195316,48414,483060,97680,254043,75019,88947,121652,160662,21940,3058725,49677,119260,294053,724726,137005,114869,85733,120289,347570,150077,366385,288974,109909,50139,72527,69853,31326,80497,46877,33888,13754,922,323525,160319,60188,45131,7538,150633,69057,14788,125165,89906,100641,160183,168870,94526,704777,240935,336896,455782,9897355,128818,31093,2608110,737986,127927,68754,95032,22779,620087,364900,221290,943982,213137,310373,664816,630049,60472,322419,165047,173015,243018,79545,66265,66981,28670,71448,111581,24559,92976,131072,545254,690603,384537,1523010,222564,278774,79434,375466,3955485,6425740,33491,75936,515307,241405,391786,494217,358247,776197,38672,44092,129625,312198,131404,16579,196789,388925,62080,65917,307260,6043,259030,109147,448895,221752,331475,121129,2601173,40958,153887,57149,104973,280458,181237,417115
2024-12-07 06:10:00,148847,56884,46692,184145,337574,280231,490877,386516,50752,75159,315933,442739,265146,156782,26421,203378,182007,87900,272418,148894,143838,208788,125672,200099,59855,91647,535740,947036,214688,902795,54962,148121,107266,479931,5984574,154659,114335,190332,439743,535677,353762,441420,46629,72849,214441,74691,98420,138000,166955,271437,118945,380772,110546,534635,4136635,244165,60632,294690,203503,106279,431966,225456,346928,394950,686280,7388996,298098,104816,260322,86868,62498,216996,71657,62568,4348521,110284,164722,156397,214448,203778,347675,281962,17969,252821,659397,38069,66923,665862,964746,978128,213624,150780,12727,634572,142600,193838,97575,137928,105480,223466,60916,3226457,68263,99827,206794,486945,158320,365062,153140,191070,208472,125392,408286,304671,95950,34903,87161,99505,39971,66008,9140,25778,55280,25423,347634,180136,81011,98470,32851,276907,68377,29997,159029,186801,178282,214278,157859,78674,241372,323111,352564,588700,10393466,208189,26992,908813,467761,172007,130577,93523,57279,445957,589833,206076,683652,277324,200032,808483,1201622,72186,677525,127069,190252,280988,71404,56583,86546,21145,153712,90213,37411,137416,895161,457825,643626,403939,1029143,6867,190882,62628,365836,4150505,6648789,23621,55846,418482,205735,411367,435477,232462,746919,44674,62474,110290,269326,99768,28731,337154,500105,90990,254432,232729,22529,238190,217740,1490140,382323,393354,96247,1733954,136087,344234,97705,130826,290697,136376,404580
2024-12-07 06:15:00,411089,41192,46064,152208,305218,318260,541729,581806,63130,113678,389080,394413,260253,142182,28961,152222,265737,129925,198649,141419,336654,228595,178208,156298,51579,126234,590186,528874,335080,755763,45632,101618,130375,478378,6559919,137397,67555,207188,436749,694395,399926,497678,76519,34387,268806,35855,72134,103525,158090,244903,156598,442436,134759,372861,4295092,238846,21536,287681,237180,83817,432166,220704,466739,282769,381008,7322881,800759,124126,380371,120643,128969,205570,93985,98064,4370532,179198,269721,137737,181748,114160,301438,426113,42069,224902,482492,105519,118002,563577,887966,2264231,275846,181354,31791,330482,138922,267373,59541,168780,229348,176188,32649,3052287,54632,75618,248857,680468,614271,119373,101286,132820,651288,132908,423535,302016,100671,54510,54372,79604,32015,87668,11236,17630,28527,84210,318819,178793,98882,19776,35265,207044,108165,52605,172977,115261,122352,153964,776559,105061,683302,364823,763631,616014,10214564,358050,35658,621295,402078,72200,154252,33750,67338,574022,326008,150291,519567,187284,196792,463317,1194756,92342,556221,355397,378127,249835,385949,34508,32927,31167,101499,76332,132876,159505,197848,637720,727812,500676,890843,13684,410525,40891,388355,4238552,6305230,50546,74604,480943,196111,527030,492316,290847,430211,37328,49605,68764,283118,128491,57342,222124,414728,123088,145857,262713,26908,316345,99551,663518,266802,324561,127625,1906479,231813,582106,82483,96983,417191,126107,996332
2024-12-07 06:20:00,257779,22693,71940,134365,136361,449260,579553,377870,78246,147675,406924,531523,400536,112125,35754,179096,291711,100303,337924,200756,151072,261221,285465,324398,69190,37743,516605,523336,461150,581300,26019,101673,155774,571504,6276130,129684,314523,176597,411708,682614,601104,506101,27135,88627,160883,47188,67512,148116,206617,184449,574594,393640,170367,294221,4263931,289411,98858,357701,206925,110106,588791,314965,487421,412290,581380,7448171,877018,86967,243240,373838,53911,278495,77234,114323,4395250,236972,208940,139867,222637,144845,377415,233495,16968,249249,730876,85871,56029,594363,946427,1184433,270874,214526,50129,543523,48353,329690,47854,167805,245164,142573,23936,2835867,104243,125505,239240,384251,895597,118076,174804,223157,161233,101139,378828,498262,124239,14235,53317,70794,82835,68102,34655,21107,6702,11230,390521,217994,69517,50916,50487,237828,108399,38953,95977,140937,146425,462993,131930,161209,337355,259862,358220,618624,10209049,604745,30510,824229,824129,159536,175935,363840,56591,205803,218085,139495,532235,217943,154878,637684,1535475,100121,481340,267225,194789,1004706,71090,87718,60305,42976,70312,69046,27251,71455,324489,1033702,645522,317860,971718,18213,331806,119141,477003,4139685,6979279,50235,120782,735978,256952,394765,505700,267374,462821,29304,116110,86377,347005,121253,49556,177999,506669,172922,102451,246015,11074,390662,94211,451477,480478,306563,156683,1643783,149566,172581,67886,72582,272762,287400,383790
2024-12-07 06:25:00,395017,82743,50111,348647,130169,680868,647201,601322,46016,98051,436740,478359,393900,121508,32141,145625,216128,151808,433509,199823,171335,279558,177221,348854,30734,43489,1397797,652019,344480,292037,25407,121136,165626,900284,6277821,226561,57195,237391,498733,524389,407658,636962,18948,104582,116862,79721,108969,115042,198638,236229,166411,378476,146157,280686,3801137,266179,45442,410954,162589,146568,559831,410542,683755,1518038,393568,7185771,490938,94193,330884,194090,257029,179772,78618,103252,4434458,285943,149880,137111,604204,142487,273994,207151,27657,286034,660462,65159,88282,634161,1011902,967419,258770,297809,69939,472437,105241,400887,80274,134550,139011,150810,20465,2807422,74982,143723,265325,899870,417615,61961,107030,300390,526290,115581,382068,614296,138985,4216,75063,52858,34659,88056,72449,21297,26775,25944,352226,272620,75630,25419,35091,275474,126326,50614,81158,160185,136069,970123,221004,171697,318757,196208,392666,583711,10775072,482987,30433,4290235,806911,244445,169606,383278,19756,241968,354319,207537,498327,132934,168088,563188,1210349,213754,583286,247233,386367,638384,150223,46233,93834,57610,159508,101924,34876,119826,336173,787284,635271,542305,1212819,2344,280079,21301,402773,4150656,6779392,51337,155929,3332733,168313,867982,653910,349605,414723,98223,42471,134036,321305,91960,46972,389795,632171,209733,76905,186036,5929,406290,155375,367632,386353,369246,128984,1711740,228845,200251,47526,108014,388933,267995,315727
2024-12-07 06:30:00,312029,108763,22208,278210,108263,671325,732182,567617,42386,95782,512861,538182,372990,118190,46549,131645,232974,102400,495080,222360,574417,327247,314475,401790,17121,76376,1096946,619753,435036,406047,62105,102304,183062,503586,6365227,357467,74019,240478,518213,520665,477835,573759,18420,88695,158474,68179,86199,192790,261949,248945,164306,389762,172428,191487,3823942,426755,86310,355896,239869,335650,692381,350839,612476,1348229,439748,7028194,586956,175035,447325,110561,174243,194280,48049,131281,4464188,186715,158583,142104,284698,202041,304724,314468,17163,224371,413763,46790,97300,643167,851925,1300108,318116,369936,80063,471896,176510,432178,77906,82817,109259,218219,47230,2614015,127734,170514,385286,923368,158237,154331,100820,356416,845959,485446,599355,300478,199771,52586,110685,47577,37138,145580,91657,28109,9354,6862,2054815,478945,81019,34868,73501,352568,146121,68975,105178,263568,233275,449721,221044,118265,282246,158668,500316,805244,10526781,487336,55363,3608211,743616,570059,153297,115428,23121,201052,266757,182517,308781,177448,118050,490553,1139338,183371,611461,214382,222898,413080,301041,119202,49046,15976,64143,71854,22975,157658,412005,1044389,671302,379362,1049196,11537,271150,30857,387198,3815067,6655850,299750,129337,6299701,801122,700344,669832,357909,420235,38002,49506,145579,202342,172908,18656,163146,538533,185761,181263,191491,9178,346765,294901,529498,534835,351290,147453,1845770,175651,249564,53033,94343,446036,180875,582502
2024-12-07 06:35:00,212416,145459,88281,240263,102930,435918,613251,681970,76882,136631,464953,490690,436809,89191,36389,216705,171891,158857,421715,483599,350480,313166,110800,345258,36309,83417,605134,666092,242647,624486,35041,109356,347347,495508,6887046,205882,110095,240225,527287,529441,338456,892881,27186,113853,101850,127926,171029,201286,350126,227883,102202,447540,175729,189364,3820106,251865,64473,276103,248068,174081,843022,545439,635815,1019012,543521,6714886,890609,145357,494048,218451,148283,314856,58357,80987,4279785,157990,175123,97209,587690,197896,701276,203206,34403,181186,725794,103662,98256,777679,832271,814051,674534,452124,84823,406971,55530,358038,121985,171265,138084,293500,19164,2867378,35266,186553,227337,553281,284845,142614,133238,233297,532681,155290,672705,370924,197153,31227,58578,42355,43071,114687,35408,23686,31726,20673,512194,312429,62885,64414,55429,280650,174790,186609,220042,285698,521654,282661,253603,112404,473688,249611,505354,613713,9999978,839397,40692,2398200,1839890,358846,143206,118029,54536,166027,282413,227739,531733,115432,147776,508864,1714368,209183,1236436,317411,270293,1136629,185609,109979,28247,40433,134009,94590,26708,131858,343085,1175981,431805,638541,1415706,1675,293203,49688,334741,3914208,6593176,215304,176782,6286464,550607,759611,630083,423290,845651,42787,39684,107596,251402,177900,12336,139037,442572,174969,330003,315060,11164,478860,277995,537357,349932,296185,103355,1801536,208968,311664,41965,75853,529978,187091,369674
2024-12-07 06:40:00,239595,109907,87149,222322,131442,609774,1132016,599936,118045,91976,631298,634961,435867,169129,105343,205106,216589,227794,265299,332942,282690,254285,224438,617277,46041,81040,624503,832754,246245,920462,69539,177802,253811,724089,6414264,144521,109947,474740,558783,856183,525693,548237,160774,105038,108965,140897,143621,229642,286754,349177,114903,527870,146322,259660,3742414,240735,29162,262812,217953,189769,661263,653834,830435,960248,382224,6975286,419975,129208,325829,230427,720751,345824,128886,135362,4252033,160870,116942,75077,391037,278261,555594,270052,30667,339519,724751,52363,146152,822970,919172,2092006,516685,838606,47591,931903,69410,960836,80785,75852,120913,178910,43838,2195271,93176,216663,284732,365209,144256,177142,779593,98912,431310,166364,794399,623850,107590,78041,68187,101940,38879,85481,16168,22243,31951,21211,483895,593099,112629,41919,64870,418405,117783,237927,152691,823710,738038,1892621,621428,140240,661049,222975,541587,798713,10236834,733076,69087,1043518,672945,305896,89359,91609,55728,111213,266704,165928,783053,126165,154775,504622,1167959,255422,989713,767766,278923,549104,1147798,97254,42985,33237,150911,69255,47643,335331,232859,1268484,502014,706998,1762843,12012,275364,79073,367992,4114737,6581392,445263,109971,2409284,606433,1435809,650509,602268,1096739,70461,102034,73216,402904,358423,45643,473986,679751,208212,470305,447231,21279,506198,235741,626051,545514,486839,334574,1439254,230409,343143,40241,90401,918640,191797,335259
2024-12-07 06:45:00,201163,149275,85186,207324,104090,323879,606451,970704,192518,136310,571009,2375025,620783,203476,83686,230931,326745,317443,597732,197995,326413,198522,151415,342304,46415,105795,538095,1489114,251836,878384,78981,201408,280762,660394,6463205,260899,76453,250047,561205,602790,631276,917318,175423,150588,219701,81230,170833,330493,201702,237449,133158,796867,158094,275944,3686069,334529,100332,278067,572323,171177,777756,535287,496186,2614396,330161,6718942,477829,1171024,366895,663335,195381,358863,64651,78523,4306954,224090,141534,75147,1015269,402275,518439,263437,34597,331253,811872,60277,85202,737420,1039445,915968,346893,496990,314809,701280,116402,541871,66794,111271,130147,359073,75014,2799048,65609,198001,351822,314895,164272,213921,145708,86960,330556,140154,1702507,1799482,214501,42522,54749,240648,64630,92026,8868,56844,41041,18916,891247,368739,67530,32795,40256,389612,113350,78868,309669,283789,344773,378894,336832,70683,763997,274853,563915,786362,10742826,928603,39353,964214,940194,351229,230587,104275,61585,149971,985586,141497,629973,153411,270069,656187,1297594,293981,854258,812985,301499,647806,319657,107159,77748,24779,214994,77770,63127,1233921,326731,1448686,362644,410246,2379811,36678,323466,70497,496602,4047926,6720189,437970,95162,1251435,227063,1198032,857928,510678,818783,54688,358180,137140,723161,219665,50635,499735,678133,148060,582121,552459,5230,919349,340571,605306,474597,529229,1385025,1442381,152136,365536,34550,162899,1268940,271995,721940
2024-12-07 06:50:00,180070,154457,77639,268218,100477,345021,513625,826376,173271,242514,1207467,2033304,609500,202198,91462,203466,607661,198054,1015424,254608,208485,233248,139845,477760,39824,77503,575014,1414136,269794,735011,128719,200793,103673,568287,6528375,513784,61520,286037,639869,1580646,2544117,4423507,68870,117442,138730,158538,166850,358609,247496,252000,165210,1023202,146666,326228,3717620,347151,119886,279374,206813,182706,703510,774121,599076,534399,289682,6697976,421768,3151965,686878,597995,289451,405729,84681,81597,4139254,209639,147426,101899,602134,190236,553079,322211,81478,277360,714567,45117,97595,702845,1533590,1312277,405713,356831,60664,833513,147703,819976,99127,86401,146980,212787,51537,2712196,229023,195384,405739,416952,218889,183784,148862,276162,437494,132293,796123,1567818,1454825,92330,121698,362305,43156,62988,26325,57169,59908,10725,517703,518635,147562,68894,65519,475160,103956,145217,361091,243035,194072,348500,279042,67858,764302,514273,468786,608373,10356479,553208,49514,435625,1471347,379202,112575,95076,204865,139822,438244,553823,736620,153691,330457,817523,1251159,295346,1030817,733687,293407,595450,500261,139283,144940,38858,105832,81880,52218,1202211,338292,1206415,767267,401958,2167885,30501,608239,119601,731236,4247801,6788602,452683,78765,1172297,187543,548678,939353,516552,812730,75657,108632,230787,217986,198831,38707,263869,1155027,181779,655527,566841,12268,613163,453492,800040,377980,581358,293790,1616801,222287,391856,51013,189898,917388,218711,655157
2024-12-07 06:55:00,234027,174524,118253,282301,169207,462202,1132275,616720,83539,429771,1063385,1527968,3185031,330185,106431,244091,482899,118626,1398031,176305,200146,185909,182349,301584,71680,93265,747945,1540399,223361,1261316,210603,224156,155547,722002,7039515,242516,96868,318920,402734,1102379,815597,1293506,116330,235922,253514,159632,269259,308936,214273,408740,99532,823812,178476,263016,3694337,392668,153042,334994,167336,150335,729696,390835,739451,656755,473021,6941332,438194,266543,877702,516753,289945,432453,204539,63410,4423775,141814,144828,113272,339478,222132,523313,217742,71723,320865,528586,62289,65724,945304,989238,962026,471217,279335,107240,839241,788081,552037,140585,88424,134271,205113,104535,2463083,311368,238930,433542,473022,140387,138561,143822,114498,446287,186357,1055638,536001,1107108,125134,75874,167462,34420,151465,56931,60562,42440,8323,548485,269212,78546,63636,73898,477636,129757,151569,454437,249452,272001,260197,366588,103356,490789,904810,501764,1080053,10306570,710341,116403,983040,1340509,509253,100151,139278,87549,170669,283274,218944,570135,215204,325060,975872,1180138,353271,1209472,496178,359048,572982,703292,265844,139342,41078,190015,89965,57001,1173258,427884,1296888,460286,461663,1279720,6817,819698,60753,398405,4464290,7479454,494852,78470,1234207,177413,979667,895569,525311,898398,202774,92489,176719,379405,216988,66938,230629,1282382,126970,1094602,408072,23638,823324,586863,1056754,396556,442634,335295,1440433,257515,353539,67690,204910,801621,197487,731329
2024-12-07 07:00:00,287883,188366,79304,300342,120032,382388,1290840,1143335,124648,265172,1089042,2020938,556850,754231,109164,221186,433762,192701,674063,231067,199868,239345,232730,550709,43338,273566,819541,1175834,350139,810584,82566,240997,193718,585136,6975105,158486,139414,407884,371462,1260758,816037,1661836,78875,159047,211868,161591,192118,250875,267136,680483,110568,989142,223110,406696,3885764,2241571,102159,344983,151856,121023,732994,754680,897938,452419,368959,6831326,645851,653113,1652222,613147,177919,681580,48027,68300,4473630,325547,138158,452683,326780,134606,538093,155144,56714,292966,516972,336237,127804,907705,1407141,1078755,503076,472683,159251,1213625,400959,671663,226048,133529,168526,217511,54421,2378056,222802,685974,390678,399476,137630,134709,247383,134847,687931,194351,514123,492325,174590,73924,140036,84851,80884,101845,28838,63528,21889,27022,564435,352360,104151,78170,187026,466204,109013,134764,354082,177209,289692,307727,250593,94305,484127,1845969,648393,1348819,10443326,1090188,81248,572408,1163108,467100,76355,133012,239815,183697,304334,242761,228347,407799,178886,1273913,836573,315152,856026,593685,463932,852946,465264,616164,118710,44969,136893,110855,55406,1246527,591784,1341452,394364,384527,1608942,10897,278595,92315,786928,4738088,7220734,532681,66829,623559,179501,1095887,1252548,587353,880662,93787,101441,258978,545495,443333,131811,227927,1816022,98815,1165068,416324,33781,1072215,561222,723284,872913,446552,524420,1569052,255483,234092,50315,237642,1329522,189977,604144
2024-12-07 07:05:00,538537,197737,107364,283978,1017780,642574,1169787,1117997,147239,184552,822638,1414143,572174,284828,102287,229996,709809,133518,873114,211063,221709,435062,282432,478254,28207,120127,653226,1365988,294442,744553,72416,254236,171582,629566,6761931,178765,115136,351249,483067,1666405,674132,1197236,475874,169853,325471,135466,193576,345306,247100,575498,169902,895397,157534,329168,3726079,698856,95293,360377,149865,87315,627792,971049,1236899,514695,488306,5745093,738432,161279,413931,763787,137587,468107,34474,142310,4158311,228799,277923,472006,548113,241831,488769,256895,73627,207343,618115,135178,143629,995556,1725422,1972090,522408,255546,288113,697079,100692,607548,89950,581994,288387,259755,70273,2673885,276289,681531,335003,522689,158637,136283,106616,177096,889949,185758,660371,468402,308531,48536,356371,148948,46551,186341,40608,65564,18822,21492,882064,431758,101605,129916,101627,571118,104257,152247,401308,176555,1744617,277365,280501,150500,504794,1001166,708610,1313483,10777708,1157570,100912,1270736,1498681,847289,122108,97824,242903,56377,363440,466761,164544,457594,178315,1572186,445785,280032,936730,674169,462020,633763,452060,212758,38757,19540,115248,101758,62146,1167708,725164,1673238,713532,509146,2960481,6841,282533,67667,667925,4700786,7421849,729006,91705,767088,140129,1594912,1346275,918775,1075260,122780,97437,160265,514476,248831,142356,210718,837223,194335,573718,304953,13659,1673474,684583,932267,1164375,668493,548093,1604889,173699,316216,65480,379318,1092002,184305,886619
2024-12-07 07:10:00,470081,388041,191185,279027,158886,513890,1363501,1171683,120540,260798,580046,2072326,545352,255397,79227,304479,686195,180875,568609,338858,259739,671675,256800,583992,12546,72892,542882,1544816,375078,1038446,82375,269648,104672,563684,6299836,164303,309789,446716,744099,1168572,1103972,1536810,147671,727008,254422,211154,248610,369712,623879,384368,204466,1037485,304576,267891,4342425,532541,45522,402728,203828,210074,732319,778081,802167,543546,325839,4820072,326207,134313,481433,582188,504065,653261,66506,252379,4366736,143764,467858,320300,688199,165888,570727,451267,91843,220014,597044,90669,95919,1684075,2173873,2009672,614798,818051,147144,844977,173324,961599,116025,152432,250542,331611,53466,2190504,320543,337688,441296,1054628,205316,120907,104493,240051,548345,131930,766498,526170,203467,112081,92995,152792,42368,75050,30080,24623,40693,48535,1078540,388292,168239,525560,107635,1652374,146524,356161,389556,374969,366771,420833,313885,100437,466849,2034369,783110,1296922,10762479,1119141,35116,419400,1200848,294876,154071,97344,214384,51697,442457,663523,152052,1192987,274247,1590122,552318,254568,1165812,774678,628467,765194,400018,237046,55379,17276,181769,105145,56191,691403,1205277,1346799,666286,683953,3447374,10991,287938,79235,622910,2524565,8344415,712444,124607,941631,128583,1824126,1169772,790263,581509,160057,78862,302064,448504,342155,103464,323503,1006032,167054,533768,276594,26386,1011859,732383,1201875,1240877,634296,619389,1568237,284554,349581,140134,231073,947120,188665,741768
2024-12-07 07:15:00,552918,554698,156068,333449,365274,593049,1431676,1503463,214880,339089,677760,1586914,925948,237507,158070,379690,616035,193444,567386,279133,323937,570740,315585,675763,59827,79826,511662,1571684,409586,925089,45154,293943,108842,595918,6402438,185356,279267,368553,355839,1223896,845181,770843,162108,476114,296024,407247,187960,445052,902413,337106,222113,838355,292629,410919,4166866,559898,58012,396972,221156,116277,686299,906252,836073,596754,546323,4651930,375653,152624,497305,371333,1411288,441107,54062,630036,4264447,129198,382635,151946,624246,126363,437059,353069,98943,315981,498219,168943,204671,1274252,2099982,1897914,381481,448785,141196,812035,295898,724915,218411,196570,130397,337533,41438,2170527,721897,422211,587246,1215221,173808,162805,498885,169632,678640,142709,685634,588909,200362,290344,95524,208325,27959,120760,49082,16675,70278,24960,646219,431869,148892,74084,340214,456271,207463,182795,504775,437289,301920,773458,288652,130498,1149043,3876662,940572,808100,10937281,743214,50136,507415,1341594,391200,96165,304934,161081,109956,630360,578258,148371,549633,311863,1384003,582821,257675,1616371,669385,609761,764018,410157,303882,67041,10306,169188,196365,63742,221264,783324,861244,1047635,649619,4399970,38965,446573,130799,979561,1633153,8357946,483238,67177,526677,135306,2078951,1242087,1100059,669069,127836,110537,147996,632796,326826,62093,221477,1400439,169028,1356187,258325,35740,1415526,982275,1273077,1300770,642348,537363,1442572,321531,315251,78609,624899,1176062,283058,793740
2024-12-07 07:20:00,692052,577115,154622,769169,241017,591937,1818806,700312,424300,225062,1453232,2329049,596883,382158,78621,289078,462515,246187,653476,236200,306644,339738,290663,585993,61925,416524,989211,1570297,359803,2165802,88291,152574,152264,540448,6671572,257809,208248,783472,421074,1481934,1135575,1087829,238864,197383,191108,113211,131827,550011,509038,267586,333942,735403,292681,595223,4225086,807030,46154,381121,313930,104376,937964,1006226,1384393,1037381,773443,4464755,444618,266849,492614,297972,1316241,574139,68229,512585,4972335,135974,265557,154697,1840476,136375,795857,221171,119961,355376,967389,145389,196557,1012106,2102110,2252013,408253,471050,178429,815698,364781,808895,151475,92836,288840,903325,491432,2071571,374005,333964,789271,1614601,215373,125545,167719,164519,1080106,311543,749098,792043,174817,683974,157308,73392,44140,124178,37156,54847,35585,13862,798285,1021598,161840,62379,126214,572224,319274,203338,440793,304253,194585,646533,507649,145396,1146913,3303085,933218,948829,10855359,825140,62882,1032036,1333072,374339,88672,341915,145769,68673,673100,446857,170586,721923,205968,1268296,550493,125106,2011444,570284,606805,2339131,461327,457111,99253,7270,173237,58772,97540,285367,696230,839692,1012079,764645,4361122,43953,495916,41720,1047761,2202140,8571779,971105,82164,522158,112218,2323454,1176788,716206,761222,159376,163674,153638,951871,315029,95490,277020,1446307,184021,1113097,273784,23025,1153128,834955,1399061,1422915,758361,566569,897198,321325,358302,183796,385278,951873,205314,705739
2024-12-07 07:25:00,565689,779002,267400,407188,221301,599573,1344110,807464,220313,263081,926243,1467217,828898,201609,105392,392040,656517,226111,1106508,195162,340255,979785,407176,823193,43999,280878,556951,2113495,391620,1241082,728539,156348,171365,548069,6812290,193965,168776,1363057,483942,1464841,923425,799616,373181,136763,265649,222969,295931,602578,271694,337467,556553,413819,397388,558948,4407359,815502,111815,348613,234486,100252,1342803,1031370,866703,804570,519240,4820204,372203,296840,544905,174916,539990,740277,62996,181615,4260670,106728,361210,202621,300324,170722,516800,294799,88278,275898,1258061,199300,243215,1280586,2380797,1784347,429140,540120,137216,680205,121787,1040168,184836,88966,257420,577797,486265,2278299,417204,448344,1384203,1227641,159139,210565,153193,248668,580926,212185,682794,444361,218553,137476,135539,117130,21749,83043,18923,68174,80427,11389,1832713,780482,166692,95143,122607,656471,148791,167951,492373,303716,228508,365787,451375,123257,444466,1214528,926210,716352,10476211,958166,87434,1496137,944990,385136,58578,161560,170295,49888,964247,396475,196612,1698102,201513,1165902,434390,123473,1802644,622702,619271,1089226,462964,479658,62877,45257,279526,134134,68824,271111,881812,703798,734909,673045,3944694,47056,209087,27233,1021956,4713711,8760369,743065,64771,1066068,120678,1624572,984872,736865,1142367,179813,107678,132909,355228,267516,78508,283638,1523541,179771,848206,334658,45315,1139030,863483,1553860,1214393,762258,530012,352574,149590,481680,2450602,313395,837738,227625,380297
2024-12-07 07:30:00,542933,737923,252089,553809,245250,776255,1669284,827468,378255,334418,854729,2648616,1026706,202346,137341,410264,640939,328593,1080192,323570,365694,359439,1080685,751807,56979,124938,663948,1779266,331438,1233969,507185,157095,156523,464408,6493412,262152,209134,2705891,555664,1733224,1156930,1431992,155360,419912,260204,333789,217925,597226,426214,361021,485869,459914,335743,283960,4265407,759325,383523,389154,405398,124154,1220813,689580,1336580,772892,638817,4517932,352885,260105,782913,154497,313616,590352,29585,95585,4794890,171466,176902,249113,395035,272385,858899,658071,96805,200016,923523,312331,499454,1278969,1677144,1945200,363043,369584,128539,686433,196529,659472,230397,210806,213099,601921,176381,2145840,364718,353437,711343,1435144,286139,491652,271405,193578,239776,291454,970101,469680,210591,64130,125233,222767,21142,258491,89946,118481,79505,9021,891465,415828,137375,286730,83534,611202,198174,192268,734097,386743,230660,213622,559132,118923,382960,976201,762861,996966,10647999,1014208,97124,1626723,1598567,340105,158183,160440,216937,42048,358041,483633,251129,550168,451290,1185200,568607,206919,1629377,656875,442811,817459,709840,228999,63739,30214,261319,68270,54028,263924,882648,693166,1293464,748946,3139794,89582,381823,116293,1407137,4041500,9689572,645278,222559,615971,171074,2084497,1145800,549539,1261296,406687,193786,189616,535480,392797,73945,276256,1742588,224514,781721,372287,20018,995137,697352,1382273,1054129,971026,137347,364425,334607,355405,3268489,481869,916358,382078,438199
2024-12-07 07:35:00,387304,494060,213410,446253,327996,2788669,1232104,1074826,715119,581142,688705,1108323,941091,229861,290384,463674,494674,306616,1220733,195433,328672,286469,411791,1183600,29344,118866,711206,1622290,341699,1106476,43685,287570,212640,479754,6254543,615335,511825,3139938,458080,3840628,1004272,1581564,183232,137578,732762,350079,324479,655183,485760,425048,201991,399744,366635,270318,4426725,863181,798664,412326,275466,102870,981655,540630,673500,679436,621111,3846473,343584,408874,614169,229406,359359,354466,55591,101754,4478699,254918,151828,193100,857653,175967,856083,454427,83389,260206,602337,114607,306454,3477676,1996819,1903387,3647319,301349,188750,718952,200740,556442,425807,296079,226255,780897,263746,2505316,290996,379677,956059,1402320,151870,115918,211956,164884,235753,296175,667940,490081,362893,90249,178460,152732,13374,305310,179090,43909,142508,55973,1040380,370612,188921,195900,76289,575090,284868,249846,528430,224257,308044,271650,381661,122322,1164081,697829,978797,1002415,10327923,1288103,61209,1370638,900352,494587,135966,170126,263334,42134,287649,423825,141300,266784,246276,1222413,716628,179311,1344812,470426,534966,1047378,375031,253846,26835,61725,174681,80540,60041,308317,508605,1506812,1167063,806529,3054952,58972,553115,142100,1106456,4739816,9269190,872531,158402,684016,192057,1704846,922579,877464,695948,203144,145790,157433,458652,204068,69493,267880,2126724,245763,1083047,474296,55682,1438246,924350,1359861,1506052,885347,204093,447431,480330,361528,3431750,240466,708018,447219,435103
2024-12-07 07:40:00,544682,633623,200693,645183,279069,541044,1853792,689002,2004364,293443,684314,855293,468216,195095,696995,440598,572485,181311,955967,330957,504244,299391,440065,973075,27199,151298,743018,1681105,354161,955515,75945,160791,165256,438677,6583908,272232,321420,3021613,365154,3403597,1023419,1887821,109879,211340,1396727,402540,148689,420656,513757,355512,108703,429748,399663,351985,4278501,789796,386050,431663,406448,452610,808486,576921,959205,822748,750527,4282066,558602,264367,784541,285065,515226,354286,47781,208351,4696563,167393,183414,111424,361858,118114,644395,524969,97898,336557,678704,273268,667764,1369569,1828542,1846338,382403,228484,294108,712597,143997,659287,233203,227153,354370,670246,79568,2468992,212871,282871,815642,1525500,367686,91870,299943,162498,345362,323401,851996,492344,281862,71784,217012,145934,18311,273498,62522,38127,122714,42578,726504,362937,195856,170960,70386,544388,236987,276859,659454,366183,258410,433885,677216,113061,1474378,686629,789848,1101126,10667249,1184220,76795,1219954,2339362,894398,196506,168992,221256,76951,171819,470907,159276,194016,202510,1306302,466113,241465,1150843,472997,584999,1018114,456183,313708,112004,82255,203999,66823,89339,305653,660179,1362765,1225734,842129,3536397,160878,522200,87266,799422,4743387,8657623,415119,165568,796975,344027,1612750,1002681,609335,729328,491103,135320,172313,783554,239922,33553,275159,1355092,453562,1439120,292263,17495,1260967,899288,1570531,1552669,910799,187998,721654,531373,472085,3403353,351169,1040707,435419,726374
2024-12-07 07:45:00,625231,533053,236020,410913,300980,740703,1565369,1721583,1808597,311080,817083,1394392,572399,356928,419769,424944,554917,230731,657511,210962,432404,588436,205170,797771,21048,149313,1040647,1558516,487011,1704114,148381,221542,341862,882895,6502338,204443,417162,3582439,680290,2210753,1385183,2269504,88851,177566,611129,287935,194787,553421,600600,439174,198042,581008,334876,345633,4698515,940214,62606,379803,276296,666659,686523,663978,1159572,582776,823530,5520948,540453,271425,802197,164180,732985,392507,86892,155489,4502854,199687,339447,303405,762919,161877,653838,356786,157105,301444,581027,201708,350120,1317135,1461166,1369375,603337,302325,247999,921420,185464,859266,166447,200605,318373,545225,89757,2186936,527290,340778,1406778,864131,301752,141380,518086,194875,249750,292068,858727,381002,409271,122703,295962,159187,17695,251519,55214,40700,146582,31356,1117596,530037,261477,113483,60951,519842,241608,532644,347358,458618,207646,449687,650439,226123,1372224,911173,734862,984008,10262324,1612690,114576,1395700,865813,297236,131986,240911,186566,103910,164107,462541,208413,359847,280126,1099233,437787,241988,1239503,585989,1235082,620964,346610,391622,26743,32453,275611,99579,59125,219238,1411774,1565563,1511062,649378,2921581,165349,539471,201577,920216,5217945,8889831,661083,296459,888269,162804,1432138,1037002,749837,872121,206426,140873,217420,771059,258950,45355,261852,1875266,477391,728382,230446,11230,1340310,961842,1228046,1069035,1191487,204903,693158,1087015,548225,3032134,242851,709116,490524,590139
2024-12-07 07:50:00,676964,629499,160358,264679,262475,661938,1390102,1722257,2027946,340725,778376,1381824,927818,425135,263180,537740,1249435,218228,622601,219932,926174,426173,464943,756359,31514,192241,865618,1788258,1080390,971013,154144,281690,202629,650380,6814508,194843,262100,3527498,1122536,1146747,1195653,2461064,57009,236802,516123,180645,224335,582228,471908,412176,204872,389393,378397,284934,4356492,731285,267340,731196,213242,398830,983162,407011,935058,514873,1982774,5192604,428889,292187,742784,215740,1019382,637257,33269,156350,4348426,158358,171763,164490,567451,143584,371509,616438,168555,261874,620208,144529,345450,833779,1575766,1242684,366525,202967,254254,1204470,239999,660772,123403,205448,287683,858752,71459,2218604,251543,325485,1280894,1314401,229027,863060,213387,229124,214862,196987,522748,378394,450969,96164,117938,244121,44664,184782,67630,220406,141288,42188,964340,452685,158729,121296,62089,866262,296220,217325,393396,507554,276823,561126,323875,124263,1666396,603022,903778,961428,10142180,810291,122687,1260434,987955,504853,130258,169156,274153,145623,328700,522328,296293,526808,529021,1364654,852735,251644,1185651,645751,626538,754313,262801,376024,66583,34341,254626,150822,94220,219512,1063011,1177282,1469366,752720,3837118,208241,298895,171192,725531,5329297,9490899,503428,47769,663646,295442,1826016,1164720,800069,1130954,270577,88962,82648,755748,345319,44890,511634,2366935,209849,826193,213706,50755,1329567,1816391,1416092,551270,1043153,259047,396118,764826,353244,3380821,922481,835302,313328,683514
2024-12-07 07:55:00,479610,473241,254645,218921,567949,752113,1334160,838972,2121727,358011,1279123,981309,807015,341961,297144,442149,1319515,239534,700188,359397,960285,550998,360040,1007113,48783,474696,2035060,1167880,441910,1238472,115406,458382,201504,537721,6698882,195884,315409,3383033,725532,1268749,1246370,2114582,95094,195638,476425,201183,264825,607530,233824,2582506,194932,903187,293574,521239,3673199,838615,165524,482985,182296,307670,978045,635887,1008720,590288,732404,5730644,640528,244157,641290,619483,1035999,349363,53374,241092,4541047,138766,224288,298184,424224,428751,430435,311776,95199,270864,510940,213267,655943,1308672,1526881,1354896,247907,297328,299314,1163606,208302,557632,175471,195122,350670,763807,25762,2062781,165214,311729,933410,1709744,194568,76971,421970,251307,205517,290463,868061,369124,228529,92378,128313,119307,96581,92397,352918,78048,203370,36503,1111996,552251,355862,73163,67256,405674,135711,202140,434393,413013,711248,498693,341985,114071,1254012,835653,829437,1134375,10173264,421481,89989,1343653,708076,298255,95149,166142,241978,42874,274707,739237,251432,315180,234777,1287656,952361,225516,1003125,944435,475256,780652,353976,416267,62197,10200,249612,89962,107147,276048,612172,884902,1189283,1052219,3131030,217807,582178,79031,713905,4537375,8562387,583128,68095,1619209,186214,1792179,1191426,710925,1676179,290547,90710,118618,961091,343277,48726,348726,1610535,219790,698515,199560,200615,1317792,1006624,1175735,648411,1041201,259601,466682,460411,435712,3320392,1004683,843366,217021,534869
2024-12-07 08:00:00,765050,533077,228950,789038,845918,686728,963477,1230438,2324234,318008,1279311,1113093,736933,379976,232704,334083,754068,251693,528414,264581,623216,223648,176979,946330,43306,330676,2446330,939448,365115,1311607,206668,226593,363830,617738,6979603,612080,378044,3771455,917573,1506756,932771,2154174,97128,197715,1437663,223296,182501,502507,351576,519069,194476,770845,434809,539588,3198360,817473,41021,520234,159638,167407,1222612,763271,1201218,688549,1298311,5152897,509761,370630,880989,295610,462067,387551,45857,152600,4524966,107116,142432,226219,261644,158376,387321,384315,185057,788403,558775,129834,332109,1439189,1300556,1394864,282055,372429,340292,705297,235362,1022459,199910,237275,305407,753763,35254,2156279,205117,480875,591768,1087394,546105,93601,347548,264254,213803,167269,953082,392215,275346,143725,174931,103623,54664,217214,120916,67864,207642,31221,966279,311883,405259,76688,104308,771249,180089,197546,454498,326014,779627,468484,990611,123944,1191298,573837,1002716,934573,10003473,916943,69954,753694,1056103,483191,112610,224841,270450,139258,243990,674336,189700,508652,255287,1569126,825112,225598,1177214,559544,554759,727872,418163,345422,164520,65119,448395,142280,68514,357903,553832,812403,883105,803685,2697272,158581,505472,133111,900926,4783237,8357223,1552492,148659,1317623,162435,2394617,1045087,1160799,1784673,364698,141291,117477,699930,168965,397502,329615,1633398,254202,2111080,228704,17194,1475665,3598788,1083759,594276,673176,278592,561530,412085,543140,3258327,720903,964459,193460,490137
2024-12-07 08:05:00,1090459,537608,478154,371605,591827,608860,1217982,639239,2000062,292318,944316,1255004,1545012,301473,457039,583670,838128,366281,543568,208540,744222,243693,158197,1428284,60306,164491,1634812,1058371,447594,1185411,133559,205144,138676,707631,6928775,412183,481491,3501903,960884,1469706,914856,1783239,111423,189742,1022345,159569,290847,579258,429127,390853,416410,486227,398790,310569,3198497,1224340,50757,534072,190596,154973,761102,778949,857331,662678,1366556,5297706,477270,283161,896458,303916,505500,357679,32394,204852,4307167,186585,142390,171840,847297,140365,357101,457624,144067,393778,548239,124110,597006,1779708,1291776,1287480,508636,475740,294295,776392,144673,737168,215081,191748,321294,643432,521591,2211796,221593,560855,918337,1350490,337004,105147,259174,180004,223005,306673,1275744,680916,537890,71322,169961,309305,49117,76908,162591,30166,288220,34545,699537,270387,664718,64958,35201,1103933,195876,149716,545927,243074,887693,576612,288978,186814,932106,630744,779900,474473,10052850,792879,94041,399168,1184140,249851,123186,251114,150199,112761,251447,625893,340748,409290,302377,1226836,896342,337020,853285,447529,564914,644197,319748,358016,48182,25217,139758,84935,163525,120804,472033,1334869,1213448,765347,2033856,239733,627183,152371,859417,4690887,7981716,2133920,112254,1004571,193195,3601450,1285453,1506896,1386879,298481,113118,122003,416656,219457,82069,340096,1411277,180298,507000,314095,37584,1255569,1511378,957373,649800,599704,384370,423532,309958,394310,2782498,1085491,860655,273015,783191
2024-12-07 08:10:00,806623,511751,209325,476565,244764,856283,1741988,969259,2517221,316587,1176631,1274086,996497,283447,672886,562941,682783,754668,932739,299919,528193,205745,73789,3088586,139621,146162,868055,1197672,658424,1049388,225231,148783,524813,965683,6208522,351405,500652,3124331,752604,1840472,748219,1656696,90523,177800,870323,435657,142168,483863,382567,488933,235079,555397,546152,333046,3187613,1208811,60317,475114,184733,170287,858823,1000623,1331103,520649,1393706,5002008,452900,356724,628487,373406,549068,350275,285050,158673,4361692,94398,153490,250433,676527,270999,328252,470588,137560,442193,599192,114638,600512,1981640,2104636,1507410,429412,391941,300453,926559,165399,465724,285090,171427,424704,911352,180508,2324382,332630,359111,676923,1178346,361533,120644,166336,268059,665320,214781,1143165,293813,592299,90281,59708,245318,85303,296151,522552,57674,239434,43406,3127475,1091695,136898,69366,54061,642283,200617,232910,829744,361504,737706,736102,460736,284444,766936,539573,754582,999825,10234731,1100222,45529,381446,1338791,268026,249302,146781,199151,349147,249781,781240,373075,465782,712824,1329269,1477817,286762,1239056,874072,706390,1015876,615835,686938,41471,35388,257609,30429,35481,137951,734560,922340,923122,1161916,2353230,209866,522441,155176,1071852,4922926,8037607,1427784,205684,934160,299654,2459614,1281373,827903,1125674,363352,194452,188721,578382,263733,30224,320086,1422481,322901,845087,420614,77234,1370578,796275,1224597,958256,644000,227790,753566,257103,331123,2818481,836010,900892,133942,401949
2024-12-07 08:15:00,675646,545814,195052,278739,523977,745210,2971800,829752,2279650,304378,1615302,1137904,979193,200667,290553,320817,583162,319768,816526,359656,502006,353115,151299,1488282,92726,74638,820943,1638520,369869,1375552,188879,190270,308963,622077,6124049,401365,406680,2930571,1238476,1767627,784447,976137,69302,118261,870398,487376,167529,702384,347398,475633,228026,738369,291745,234689,3163341,1091104,96894,566662,161627,138451,1149764,943997,1155036,426393,602189,5257825,657343,870363,721129,335257,471203,356515,199891,277071,4283589,178615,171385,389947,627253,563796,417978,464278,268288,381631,919186,118124,392140,1720676,1622755,1326385,383105,468924,247714,1093178,232999,821747,138125,143759,547370,724197,67537,2075546,325627,443859,910613,3503130,283903,125353,258450,346375,1217851,278239,925536,448744,200388,121205,99571,240113,53970,488737,968017,53937,329562,24210,873874,794903,317576,88743,154879,487793,308028,254997,1848618,322963,263017,375606,408689,484998,1203316,517591,1027120,577315,10114011,1230099,103317,384110,1148589,345703,191155,2445405,140990,118667,897527,602005,435879,362152,476980,2173681,1874807,355393,1302636,2021596,1374974,779166,279408,291988,149910,40124,138875,315800,72954,142678,551461,1300549,773420,1154704,1857983,291675,444144,178984,1132895,4455743,7966779,1573135,63552,542487,252429,2548796,1211249,768118,1043178,702198,294488,200188,709303,270548,53248,223714,1271109,258904,637644,560611,45224,1495498,916862,1371854,1175440,638491,399806,454274,793708,465226,2816704,740809,1606453,190576,480921
2024-12-07 08:20:00,873004,624043,287410,309487,260002,1075225,1257553,1189126,2472855,984186,1351868,1343589,1662439,171561,452428,423573,935981,309311,1124970,221039,435159,312914,239002,707852,45641,334068,1276806,1544774,849133,1165435,300859,314146,269491,592282,6060252,751055,563643,1794531,1348970,1712816,924289,1270329,52971,211303,304452,431311,202412,385740,760325,445864,206470,447816,371217,220953,3105983,1460496,86583,498714,169864,181301,1363535,815466,1413779,773893,536592,5052267,743244,321499,672336,243101,815197,393335,50374,123662,4554719,240518,297760,442858,444258,693308,403206,578873,181923,285663,624505,124911,341171,1735859,1105503,1390944,592486,962203,324854,1413214,232748,712166,354887,210914,707371,1180377,306845,2114746,561270,405755,10848601,6350714,508487,115715,242853,464787,859084,169754,699581,286340,297687,58252,140446,478038,32269,92815,1014088,75712,459536,42137,849204,411775,184294,108195,83538,443866,170332,196517,1297183,254462,245790,539219,484437,425438,1640285,427207,912475,623156,10466132,664846,66848,327967,1460516,371557,240719,129487,169801,112961,472244,579632,326667,324199,304091,1089334,729341,671183,1062713,507059,675674,1311781,814631,205534,85042,69101,225726,235780,63149,149618,916905,1491756,1052734,661657,2114571,137163,342639,142054,1060202,4526270,7758076,2053721,86670,822420,269595,1673260,1640590,746782,1071473,545468,294422,125946,1026920,321507,39194,356099,1249049,304852,723865,459254,46578,1593406,937729,1176360,1625489,1043457,397754,529815,376146,306973,2566296,567265,630079,156226,545850
2024-12-07 08:25:00,1109945,489063,267582,313312,232657,1127768,1577450,788009,2135802,341138,1214769,1301328,1278733,260072,333305,393916,560098,298910,1067374,708558,426215,444410,791081,727997,95947,146741,1901670,1368448,1122730,915723,132116,156374,241156,677791,6085216,1068474,585189,1734794,1201092,1595712,965443,1410298,53102,441794,244095,289117,285401,325430,429617,324239,423654,696881,336482,826292,3117754,1199659,222977,464872,178940,163043,1621554,822063,1473820,965775,483057,4879394,469928,307107,683334,505841,860046,581185,62043,94579,4451165,161977,352163,392083,404601,386427,481576,516501,130451,350327,906407,247204,318233,1634138,1299678,2001803,286175,424005,1358630,1244179,203663,500186,607594,288757,853913,858581,123268,2341464,550968,478932,1285347,1204459,447029,159974,187840,261535,887992,142706,631223,317689,214871,190682,136381,205606,40803,185029,532303,73941,141023,39378,820361,577736,210971,240694,109064,719885,277966,207008,1476487,273006,219855,824889,345375,485276,1158634,396090,843643,752265,9950357,1345472,174922,377681,901647,353674,183322,343852,156073,193010,363341,705371,329987,324145,271785,1423326,835629,323640,1302577,456146,586188,937982,310834,283351,39289,21445,330356,29375,62574,224730,529267,1458158,899210,1044038,3084154,127688,680040,165520,966720,4453870,7862628,1616707,177423,837675,229467,2094552,1092241,961962,1106935,683054,170343,119670,528254,272670,55605,993467,2121425,389679,863836,550091,16916,1556115,775555,1282289,1176104,1151695,407883,626969,392033,291437,3319582,305802,653813,250958,395499
2024-12-07 08:30:00,1014812,946591,269889,347201,269605,744025,994471,938697,2365131,512260,960329,1080390,1377447,159423,237017,399364,938449,302299,1043579,372416,406498,912776,403578,1118982,151867,356278,1498942,2183831,1103719,856475,279439,322819,489237,707146,5998521,843737,904961,1153164,836359,1252950,1268337,1183030,261099,353422,140550,410211,252114,376981,563549,415330,373964,784798,395998,774416,2936395,1017537,46569,388317,226866,148946,1283594,695269,993241,977864,469324,5160032,532486,487474,648129,212585,948907,468923,53112,366045,4537580,194904,320217,251239,316397,591518,333246,494572,145512,307487,907925,143477,406638,1317691,1227375,1318349,473925,282367,2541271,779430,163442,713828,589759,306332,1123949,709448,197587,2250823,454805,445031,786024,1854170,758349,270778,187248,126789,632630,215409,813881,361971,200483,96675,102814,212099,45632,97367,531091,73184,105608,22097,627678,671882,170736,61754,33109,497894,429442,290255,1057464,774343,254507,1205215,442110,279298,731746,342885,931047,860274,10152927,993838,107536,415594,2208701,492579,313315,170920,298891,117823,390319,536440,3676087,373320,250295,1321210,891794,195861,1201229,937699,358624,754985,266925,294325,34450,48772,144085,89557,102724,145468,556207,1001009,811539,704797,1744834,103323,727899,221281,1497129,4759249,7486683,1553490,233800,1028997,682470,1507936,1862884,764474,1485639,561051,234998,150663,782836,477887,26552,747522,1820474,347458,629111,639386,20744,1831620,1050971,1455859,1632991,792838,485224,590903,437143,344631,3095908,616706,837736,382254,445191
2024-12-07 08:35:00,1248734,324917,217314,355631,232307,793570,933206,1297513,2368296,670344,847308,766544,1504572,184129,220129,339037,693417,415254,957163,441330,568038,604952,400875,926974,126612,71274,1560907,3313776,941410,758975,180994,226718,561007,943031,5824502,795415,820235,712055,945484,1604752,2485707,1267120,71910,118743,117884,378922,294025,693810,496955,430941,463223,773383,617253,669674,3324707,1382474,32686,363072,186680,188023,1248830,748306,753014,752635,460731,5428616,388338,459676,1009772,260611,1234971,511027,98685,191197,4671907,310898,311834,393924,345192,160460,408835,846086,135608,277547,1141772,141621,475864,1480236,1517035,1145816,553423,417989,404448,2098215,224195,1798610,541256,170001,917004,667815,236015,3490076,704559,382940,1137925,2047905,841184,155383,186936,248023,1337022,315169,950294,465857,235328,248148,129685,249352,27832,111863,660786,39773,114427,31609,724910,280408,213551,85214,49298,497630,611571,430236,1444611,373853,328286,1741096,360472,189101,901344,423396,1426182,622405,9644343,399347,71345,297105,1387521,454493,235443,167992,278448,378516,189965,527530,463069,434280,230229,1162419,587508,147875,2340455,540730,477536,903065,241079,369133,93262,46133,171038,77506,189049,200532,1499657,838877,983043,826048,1977911,146295,1148006,311693,2186936,4368350,7575238,1721007,142048,1029511,162820,1506562,1373443,780876,2119612,1086448,196345,225384,736570,400572,105220,339781,1825328,332484,822419,809596,26926,1759733,1528812,1171690,1460344,761127,481418,483036,341281,244175,3043286,437527,655885,356087,381783
2024-12-07 08:40:00,795201,381801,279145,386380,289733,579249,1383977,1089002,3192678,770087,1069506,544108,804731,244145,233806,637730,990199,217094,1063986,599792,372779,280179,205210,935222,59440,60532,2060338,2395141,594912,758472,177986,214695,459653,816860,6529184,736255,427289,795057,909892,1559089,1190215,1905037,109632,132056,179045,270498,181166,408662,463409,524862,232706,580478,531119,841966,3443892,953818,66860,393790,198274,147954,1234206,821026,1225138,676646,521780,4822095,506013,395525,1063068,442987,829481,611695,29711,562789,4608124,680159,506490,217020,300581,281849,434655,522511,143132,272573,1072247,75313,417092,1181835,1272360,1396853,301568,354896,231261,2634316,194084,807053,569982,233003,790407,862519,315315,4224934,711731,273716,1011886,1153279,439179,199570,253197,377518,430595,412734,798257,438871,226828,151569,138083,278654,44064,260342,615128,293617,129430,112437,788305,828644,188492,74001,242826,526188,161524,429418,577838,248340,265103,451356,481130,190292,423315,351112,812336,598496,9867500,535169,2326943,374621,1402500,1152088,207741,386002,242531,287919,310117,554669,296445,1058599,457321,1234115,593853,149213,868127,383622,620942,768271,272065,390037,106527,31560,272170,433341,48152,212444,1320148,755002,729228,892386,1822089,126523,385426,253887,2423099,4114408,8254870,1624874,153303,1118909,136006,1436394,1242653,1157197,2825005,930779,742778,123057,811521,1516769,107320,316907,2065776,455017,781662,455111,23041,1078494,956886,1060802,1546435,603813,323486,860761,250634,339150,2720314,322237,598803,244116,478156
2024-12-07 08:45:00,769652,427877,462576,260086,588399,743153,1359059,1082533,2746818,443734,728474,675729,907873,347685,185395,976347,785200,189768,2763679,328214,369127,261310,248186,1521323,67192,78793,1664106,3660377,684484,2793812,105943,486117,358234,844989,6397908,611789,496733,741153,710160,1635545,1231390,1346334,105148,183106,138068,312603,258825,408882,407306,426493,485230,527556,403656,307493,4328885,1123134,57581,457583,224440,387668,963531,784507,942929,469340,618867,4928878,468796,272860,696881,533507,604050,632989,89904,238714,4508123,186369,359782,284605,310694,457183,680512,498428,173868,374079,839613,78266,972723,1110524,1792245,1324062,771945,518860,363578,1012035,592781,580653,263987,242363,356168,916723,190974,2713661,1505468,413296,794269,1735082,567038,240290,305510,380038,308445,403533,823364,605910,362944,292212,248197,161343,60698,841271,141967,128823,175128,57216,727570,1268672,200826,92718,106706,614018,256239,209162,438567,287748,238154,1109713,388384,130107,520544,308004,1133696,673077,10039638,1294358,132688,665125,1751046,447995,271216,182686,112935,190160,302362,499147,352970,833929,321200,1216328,619696,199714,891294,445403,550064,743382,431760,235391,63739,84381,308230,178291,53109,396919,678989,1354208,656318,992316,1432015,162304,694118,438026,796630,4537383,7397305,1763868,93367,1113343,206686,1604280,1867396,819007,2013406,1030718,343878,137762,635262,420873,79633,737518,2215569,678883,1309554,463979,25526,1254595,830859,1097937,1539588,654559,302343,446991,444984,382290,2868817,220077,720314,1294623,483658
2024-12-07 08:50:00,507315,427051,322517,316188,340227,630233,1523778,1231174,2715148,378749,1346832,999240,759843,434927,310350,831530,464927,237126,921755,537894,356666,673635,174791,1090468,59194,72816,2071824,1527800,866387,749479,152404,362466,391433,773599,6141884,263194,375003,969198,725164,1943392,921836,885405,82595,277828,136287,213706,263063,528948,310698,497618,634872,934771,330608,360684,4233491,682890,61402,411392,211544,678246,895697,789633,1227038,384627,818948,2328386,478435,458976,493309,466231,649903,502349,90807,193772,4960804,200589,464253,251530,318656,486561,509444,1045763,84971,248618,707333,320871,1004656,1087816,1985782,1507840,349408,932912,407214,956383,621570,1011777,319437,114320,393529,1023444,335701,2194664,552753,490256,881254,1726070,272642,85643,206940,274839,250379,590332,682454,344831,245251,123782,119053,185152,48875,973517,407828,100930,156254,45058,820299,1012194,146852,128063,84527,596740,102477,300191,477386,405714,218866,579368,435131,156062,364364,211520,1015111,1277374,9790974,423919,172675,321557,1126522,498796,161942,380859,185954,437547,250219,442175,558691,541072,712758,1251792,1201755,186988,960906,849560,448547,1092075,1415870,525299,50252,55104,259957,234433,116801,232030,1072029,1098520,966341,718903,1460531,98869,420835,249090,902801,4157228,8591277,730742,175351,971788,237143,1895536,1779606,1186408,2078823,464525,156819,200814,569684,571753,150072,589754,1598350,1246003,779792,517449,20161,1191277,904873,1072600,1567923,811569,466779,420202,421618,334521,2423101,245920,2574895,728600,409392
2024-12-07 08:55:00,840754,421658,398944,260287,663603,915973,1562249,1101479,2179976,709797,1491644,792051,895835,207558,239668,431021,833681,232863,1074124,478959,400559,681431,164039,1065201,83836,491169,2712939,1327225,856750,2636644,183935,255850,394975,1125932,6564314,225805,347985,1018674,801661,2498743,1267010,1452662,48284,238422,93442,246572,245793,421055,254966,396828,711004,686676,262700,414313,4283901,1120105,36986,581876,817933,766903,1103180,595776,1507625,842686,953315,1649874,405146,484888,519837,359850,623313,568389,106945,137378,4473418,234823,264563,226747,273767,157990,531485,994530,68692,531071,833786,119135,895072,1087466,2163814,1704804,474830,472726,408264,614089,391542,653887,172116,111891,503972,1951897,174563,2598512,489133,619381,867388,2448410,199552,143931,150900,602159,521363,460090,627250,484054,157987,81332,168076,424484,104846,628652,145017,108052,113225,38263,1597047,1145000,180765,112077,116942,619177,289300,182099,540949,363523,339405,476224,528984,138163,408612,583536,1236212,654979,9893217,337262,69273,236120,2146107,970323,214898,129274,170561,665219,470815,586037,398463,362935,1244969,1220017,1455329,199323,1246338,1123362,819440,1004616,922037,1147285,74258,48101,294924,82761,142338,173539,554406,1323308,2014386,727239,2220453,113688,828023,410912,890506,4286586,8328317,701962,207363,988026,154226,1765235,1453539,1082627,2475298,579175,151215,367806,482653,974277,57090,557469,3084089,1404165,987381,388044,32118,1238448,1166180,1199758,992233,588567,315385,462367,1395932,1415238,2481679,221424,1476390,406003,439551
2024-12-07 09:00:00,636377,755247,391154,273162,353073,1016266,1695678,1031262,3034005,537258,1197676,610842,1337705,189442,493337,673151,1007652,181762,1194327,331645,912749,380572,616850,887013,87944,190791,2284343,1552145,927129,1131506,175617,576614,353840,669830,6003259,283464,315783,882589,800086,1756542,1488968,824020,36231,134747,79461,309848,381379,404262,247900,375855,136990,919508,391076,442841,4096539,668495,29365,373434,791620,812141,1255338,612314,898518,679909,1045986,1564410,349283,384042,826056,444351,985637,639842,153606,156517,4708777,166823,345872,221124,295219,132478,462979,726162,62824,332454,1183676,162164,1738845,1085712,1954284,3210057,352558,381838,244479,578055,328882,617203,346461,160558,383872,1878571,42755,2607665,481978,444498,945141,2900287,228646,69121,499753,894506,250410,519311,653796,497114,324726,140009,123511,236617,58990,119473,254161,47302,125437,38684,885238,1091996,121205,143712,95050,529945,244122,263394,688962,348078,446417,634714,723388,130122,465064,406170,1085971,700830,10211269,474634,175555,428093,968451,362698,219138,150776,162767,754984,589621,460203,483586,496115,1169370,1419262,895316,159272,832293,1252053,804026,1912389,630627,338188,32933,48563,154221,47518,75493,284578,757504,1616086,1174802,656896,2203355,170755,453094,165187,1550859,4236114,7917055,1019739,101703,1328915,148670,1661715,1876151,844971,1664693,601552,173844,943103,1407279,1189447,85346,440941,1715398,832092,1046440,371896,36343,1293362,1320868,1401715,1663929,777082,460356,366590,476576,394208,2666885,288300,940283,885208,523164
2024-12-07 09:05:00,793748,775687,302847,328852,956962,1339503,1583211,1288669,2966749,319921,1348541,612641,618703,218707,324111,807965,497329,217620,1144439,474151,470387,241521,158770,1000702,87033,76844,1091156,1833020,1297642,1072518,119317,295777,262807,667688,5957018,328586,350474,715003,953403,2064225,857417,1828589,55495,223030,134754,367898,231437,449312,398941,371855,242627,562682,385904,412240,3132924,1521233,27727,552613,813726,821982,1184182,628255,870604,381477,708113,4708712,584708,478361,860497,623503,800447,476831,83196,131467,4424693,200303,354720,282380,690379,259087,461743,730551,72556,607921,696029,319783,1514700,1096235,1350314,1897069,350921,377713,227294,447933,279805,1013059,634886,181164,599790,2219114,34115,2534462,450146,559971,1191637,1254131,388839,198804,165349,1075069,368016,244949,731140,290125,270666,153039,143634,534754,72073,98411,171248,43756,274298,22106,676959,356661,122904,136841,82351,672802,180325,530490,806865,331095,550480,552518,365410,329553,610161,349163,1741447,777790,10280112,566582,79977,353483,846923,520077,262864,154080,312530,797018,586474,569340,443122,1055658,1264601,1806808,868931,226371,1036270,1177996,446658,832282,371436,427283,35916,14010,241456,120812,100131,316935,787191,1887032,1939878,1022012,2273907,177506,208936,191462,1011028,3965655,9026312,745636,144507,1882325,186708,2386563,1860186,771090,2563801,309628,155736,265324,1930876,558967,26399,507670,1724771,3919594,682913,359474,31831,1052919,1634427,1080914,2072381,696372,368178,427535,390930,333971,3023882,532239,675964,895808,512772
2024-12-07 09:10:00,837503,604892,549893,231056,736750,819236,2286444,1551516,3515430,317011,714428,547063,657695,248133,233186,571859,871387,156394,1421815,356621,447640,285735,177476,944388,60121,416519,897449,2023084,965818,849598,345647,182249,649681,1041865,6063051,292967,383306,629965,1317514,4350030,1575216,1597038,133587,233803,369886,473538,319060,415102,324809,377964,867347,550282,482142,490581,3837504,708925,50414,479197,484380,830571,1133854,733190,1366715,1415854,506423,4974567,633549,471623,789605,1205926,766074,558912,338683,254339,4695903,179149,715395,430425,895454,150598,574930,618362,100372,274303,649239,138290,722546,1722731,1308483,2107977,365515,422687,225512,821836,288056,525836,366715,127691,891362,1476415,43163,2531481,442449,594019,795650,2323996,433057,105885,241373,700444,499567,593520,659556,216260,279752,87771,243912,195826,34409,222457,473803,45350,210515,67198,822532,773531,178595,149197,72199,932139,213078,286000,687160,204051,264116,513499,326620,264165,993949,414792,1481945,539405,10039816,503626,247933,397590,1539223,642133,325691,139860,354408,835081,624261,587395,480879,845030,576547,1365687,784669,202605,831626,806048,429828,631567,3064680,280606,45943,7492,120368,107039,178739,499669,1221916,1948363,1540712,1098888,2484865,185914,352424,170329,758918,4743824,8322120,776882,187095,1169977,163866,2401498,1268382,625737,2617298,945574,309583,134094,1867170,940234,19858,475269,2291856,608806,525935,385174,31588,1339512,1588978,3349573,2472900,777317,336849,312084,300023,364003,3163438,367297,801698,392639,510840
2024-12-07 09:15:00,1266496,651515,395248,360333,552000,673193,1798447,1031589,3119898,801085,1349954,590756,977518,312757,226286,649198,573569,175433,1101775,563688,443067,269115,192902,1013557,71530,93115,774135,1364804,1093600,1026584,218056,179473,1025817,1031426,6058026,245353,455859,775550,1130746,1966905,1837829,880604,94516,194045,178108,374598,461424,735705,705202,468866,354079,537233,464267,455525,3791931,976282,111310,433497,857991,811103,1767449,959221,902983,1323297,609667,4177283,684078,452038,1010475,490441,666487,401294,77416,145287,4375945,239270,507394,499711,581704,187133,609023,814446,208192,572621,932031,116235,729338,1333811,1666510,2535643,1166968,534775,264555,736833,267914,787901,349659,143596,725585,1785879,25720,2271058,465819,791025,2065007,2726241,291515,69735,648900,400375,370229,651667,742265,463059,234096,85851,131299,249294,47481,64337,53693,138977,227200,51398,1166110,779932,165912,95023,85409,651113,250142,222344,1344477,254224,284321,737295,671305,347064,1302675,385660,1258605,526158,9881875,601981,95920,371278,657402,952640,395836,151867,337379,243010,563387,711021,405523,1147845,1011561,1608428,837853,168833,932632,716160,556163,1000480,1401547,404151,33720,25618,239149,116828,422631,259309,564317,1675672,1927379,896073,2533585,161559,330245,189417,1036560,4647127,8513581,443548,381642,1263165,282243,2103990,1587517,626541,1722361,438594,404418,131005,1051561,885420,31931,505638,1689080,412739,765578,474256,21883,1411483,1649086,1127180,2787546,770578,356235,370473,315224,496112,3303699,224438,811533,317064,519929
2024-12-07 09:20:00,1072562,799871,286204,389202,639138,1016871,2773969,1149291,3184096,919389,973691,1082189,1021693,459924,258920,804662,567408,242327,928943,416343,460396,276926,332450,810685,46420,211798,1126628,2220635,1000163,1034411,299117,228004,750262,1267564,6627957,294391,454896,1163020,974609,1213810,1196217,1244201,38845,204208,711942,333027,215149,1020002,898200,407868,255337,887697,516307,372142,4290802,1237629,524093,757798,991018,838112,1908850,739509,1292365,920868,585018,3560986,821606,704153,1139391,896833,789558,914013,103204,144975,4608298,384517,743709,669167,454103,136462,569428,1352567,51134,296957,1242469,113654,445305,831263,1173593,2862772,824714,723799,332784,475440,288670,516927,194671,323786,833083,950126,54422,2074566,426717,728629,1741111,1691859,317421,118574,238849,431906,632648,458787,910155,277790,266031,141742,91997,286716,86215,122917,148377,108486,244962,26350,1077219,1410629,99654,89115,114749,1011470,195591,466934,1207537,368800,345631,526818,403513,293024,730075,439335,1252123,657563,10505498,840701,124206,619469,3048983,734233,318467,114444,346551,235395,741615,973189,554023,1130832,1597547,1804047,756457,199867,1170082,506507,434173,3965758,301185,393953,69052,87429,302956,59056,152811,277377,1745920,1717023,965228,1197980,2329640,187910,443084,313586,1373540,4736458,8029002,471833,319437,1071777,137268,1686240,1780185,612128,1926123,645523,210307,204903,1109868,253024,39116,301070,1688079,910554,687291,572678,18077,1149432,1664368,1142025,2597246,896738,481551,474442,480797,404687,3165189,198407,945654,514032,787786
2024-12-07 09:25:00,798871,592761,1126806,266513,185696,1011353,2341996,1237697,2571853,577211,662681,963899,703955,216998,267933,3481261,1174514,191585,1326691,280472,437000,265128,357781,799002,82023,114556,1365915,1552867,877882,934291,243407,328253,740403,1459863,6326822,318323,344307,2086802,795611,1537331,2123402,1352582,132827,211387,236261,389810,254296,786282,785162,448862,354939,637480,576818,723077,3310800,1560186,785017,694604,260243,778204,1834016,805961,1607885,509680,831352,3642429,768100,957553,873741,647549,530313,756398,104536,169367,4367862,143222,415603,365986,498095,173264,462409,674908,50779,613585,1508497,116748,449429,1514552,1799046,3711618,1156990,1012086,371770,684799,243775,866918,190682,176041,643020,1187613,39020,2113238,431935,410382,1297870,2244100,375659,79375,497269,222828,465064,366153,1151434,316352,333831,256226,135066,281307,122887,282177,61348,82406,305629,29048,680764,814109,110084,307646,52164,1054892,603714,521130,1780026,445347,370673,587242,451138,326723,846114,541259,1348141,1124138,9783194,808079,174901,544550,1187803,2116317,313384,150655,412219,351301,1333430,855024,639692,767429,1326211,1939078,909557,258382,1327940,1450584,929268,1172833,4025252,407783,56279,97099,169774,84970,105451,201689,702828,1972953,1165884,750653,2593953,85756,677642,233324,857824,4119802,8031573,701673,70729,798181,234310,1323879,2257693,774936,1859042,352030,176354,289130,784620,468684,45156,307382,1293689,1242386,728610,940339,35916,3405224,1203158,1632308,2846758,1764888,435996,713538,329541,261010,2478312,432393,875519,250038,474604
2024-12-07 09:30:00,758770,529450,880230,263611,235941,740192,1552741,1302280,2921785,437115,1020096,666312,826020,194779,325285,520225,1851963,211153,1273001,471915,510511,252958,308672,1037325,526483,69761,1632336,1190720,961644,894531,311493,337417,704001,1291848,6415558,279758,562808,1732447,785206,1397827,1135181,1196827,149034,107267,114652,321289,261192,513586,773366,2327031,336700,783155,489681,534020,3187882,1041427,736213,416068,627325,714685,2062899,733000,1077173,721729,730964,4356675,941361,419589,596338,586015,1028497,477064,95012,149342,4199091,133594,341429,277838,333781,189334,604514,1087970,29357,538803,1604661,147119,1346745,1083520,1598325,2717563,1520982,695463,363604,639455,492815,857716,449771,415197,814153,803822,36483,2580403,712334,482218,979965,1004277,328690,103403,171579,390786,2160591,349712,798968,335189,378567,167043,166079,480119,66086,92189,162698,79854,332706,46979,872095,309605,168957,153935,97824,754958,384204,1089581,612968,264692,296970,437401,367131,395477,1169304,569675,1277628,703323,10089771,803558,161106,534483,731843,472942,215740,268181,295460,153821,701453,563591,585653,658728,906909,1431221,1227440,330051,699794,1127885,411581,1413021,714693,428703,101076,57331,211465,164724,153969,149722,601215,1689306,1371868,1236317,1684919,134463,377238,184455,896929,4418742,7984630,647228,101830,789262,189935,1331290,1506528,1048943,2277520,404471,461797,603832,1968945,227634,46843,354556,2001721,879666,929438,1776148,45718,1106485,1393401,1589486,2759102,1045403,373143,238361,296635,303671,2124257,289965,564254,164757,1341389
2024-12-07 09:35:00,852021,642574,661305,356010,243138,1292648,1482805,938093,2693750,370573,893739,855064,1107911,263808,284125,2227188,1494337,163284,1553975,309355,357403,243207,167988,1058720,711715,1082635,1330366,1218762,886870,1341907,197710,190080,298441,977186,6294637,509656,454127,1751550,751351,1292325,1144935,1072919,62838,227141,187004,513608,291598,704395,710077,3663367,271381,647711,375547,343397,3461227,1025481,776654,472811,260113,176769,1614302,609881,1106392,508112,475308,4933590,458306,372561,484152,421773,1269142,501714,47727,254704,4598001,298625,561655,397847,374316,252911,463555,1031748,41939,322628,1034330,1031636,336996,1146949,2088898,2468011,323506,1050067,422561,516424,677941,706656,167968,474608,680273,752537,42410,2292691,705213,562346,1286751,1091187,428847,110897,203543,319310,559743,285766,598830,393801,265666,208870,221644,215929,65128,199068,133957,140477,636771,36893,744975,230017,104392,367082,93888,537593,194275,263567,1032774,321207,337529,860554,443390,289404,855198,909832,1463084,1380848,9977102,347628,107520,430000,1066609,365965,273372,152478,324421,262193,698227,473366,309481,965285,929190,1308648,1121705,170228,1047403,1367443,642775,2351049,336242,340442,36610,21508,231677,230615,478187,171424,688599,1726944,1471692,1034899,1740446,102697,339662,367187,1062276,4833874,8362880,908890,92173,3435497,183011,1801485,1574059,646413,2046517,324325,322661,767149,1346288,262350,67637,284992,2833627,1028629,1047968,642334,21374,770681,2302737,1233459,3240074,1110328,428779,380015,366306,488735,2458482,217101,639578,168781,973265
2024-12-07 09:40:00,823212,492541,440917,251574,169629,1507003,1744019,1210455,4046444,342548,1095159,737942,959844,195023,236244,666893,813118,249594,1414703,217523,356185,270695,139637,887292,613209,162835,1140214,1078623,1035159,927590,176242,295940,487716,756597,6107462,427552,228371,1108058,580603,1681542,797046,1402180,16407,135959,150545,296664,263472,658956,815314,511259,414708,1323850,343188,478767,3525028,1134731,747084,508118,245643,164521,1356811,911574,868901,1006355,689100,5471426,1161410,442931,905910,298313,816764,335729,62812,304701,4032579,237122,433705,215083,484018,225392,542262,898970,76265,313714,637430,380924,1321062,1054087,1490872,3165512,297137,708902,293855,493716,213966,873914,945120,231914,460872,750721,106216,2777178,832228,414177,1102925,1574170,482391,180883,204777,313409,526689,256852,1397316,341793,327990,166956,315120,232107,37460,290968,123180,53263,597049,11686,765777,530636,114288,805698,119848,637177,240809,278736,496550,748173,255372,584125,582142,386540,990182,690754,1523982,948896,10556756,346836,132456,358897,1128976,268286,396774,130079,283507,386698,682186,760015,443349,627892,614587,1345225,983900,149796,736193,685103,567791,2336061,276918,528794,47178,33136,264435,83678,439733,291284,805280,1402762,2502833,1463800,1468038,91023,475791,367500,1132088,4705381,7997635,706091,141534,781815,142441,1868944,1700058,1022957,1418399,440011,307810,784731,1189155,267812,198837,317468,2381816,1175438,1032482,679924,4208,879245,1470316,1189848,2426184,1105140,492715,357904,392244,388139,3137341,194105,771893,205829,866769
2024-12-07 09:45:00,954045,680792,433145,383265,184768,991369,1931378,1311571,2914200,226810,1392171,718285,1419622,163245,291549,447222,1227238,215733,1274485,351649,885184,257489,551812,1244322,651180,213334,784604,965754,1150889,1163921,151784,612819,551219,570345,6359519,368469,275485,780481,799481,1628104,1256043,980295,27095,260494,178586,497520,241873,574503,768795,2011425,294192,1155020,408923,554855,2747624,1165928,716483,482066,299332,196339,1438876,537024,751391,572230,931735,5268008,545693,454531,722946,1627463,385473,426791,956103,332907,4384964,152442,183462,297051,408726,214711,551200,775845,96242,330586,617452,108448,2633204,1392124,1688531,2831108,524536,585934,378010,872876,354829,728837,89783,229023,590382,1124833,71163,2245431,1122673,344860,2141772,1801861,506513,206371,334568,338514,380134,351117,768155,418471,594350,112633,306616,261116,43971,275314,141558,97062,387131,9747,1164228,271560,115133,456567,112985,533373,286706,337328,3614673,442914,207686,487849,521085,440815,564875,793022,1069062,734933,10161119,406274,119679,341508,1136480,499692,300829,182937,476135,155190,592367,781020,768346,761341,928920,1622663,1089260,271922,1054248,1025678,569063,1461407,426310,455682,107987,154874,343538,100142,106437,146844,763558,1892295,1705846,683810,5150782,194254,394073,380458,808897,4192376,7802581,551382,60811,769926,394754,1986015,1290279,981456,1389588,371322,404380,483050,1161882,212079,22769,284882,1608883,1183727,976585,531547,23334,933908,1584722,1253208,2242923,733005,668495,352978,392193,377663,2664340,190196,822540,153757,672420
2024-12-07 09:50:00,1108496,1474035,342524,387427,279415,761932,1989235,1028833,3488301,309424,1718337,689473,1549756,434447,359623,541139,1575396,235407,1835343,199618,392068,334691,291358,3033509,180966,396300,1293971,1547412,1194653,1721470,189191,628265,560655,786945,6375284,311896,352995,735012,1163529,2070544,1423552,1247755,90931,256864,615011,734619,210969,545926,818759,1913051,225516,666965,433424,570406,3215708,1183935,71738,421282,232407,226890,1882832,749385,1414441,606801,416452,4666481,515259,400292,804717,587016,564895,1369166,40274,112299,4312040,129726,163110,356763,371868,166685,444613,804916,54203,280002,1041226,148826,757204,1424639,2064089,2700230,706456,657466,429571,410990,153430,892313,163045,189054,808177,846421,237103,5837126,1733714,738999,2015394,1729246,553324,211397,224402,331747,533657,302650,598773,409642,290609,80593,263920,700400,44615,194488,57569,67674,300171,66038,807878,683912,179449,105331,87263,423800,617324,1049716,3392871,319850,227011,516511,520696,454884,556976,551698,1730852,603694,9904481,317163,131021,446952,1232669,544616,223181,223050,302851,492795,587919,851021,980234,863868,954825,2379066,1072492,117882,952930,1168612,587395,1125812,636729,533793,244150,42888,306447,60142,52687,227752,692823,2689715,2128257,668017,2038255,207559,591425,167530,914972,4231600,17200412,626275,78955,904236,156720,1939858,1462174,707201,1859555,408098,255835,327408,1413390,278674,30604,471608,2510580,1482662,984438,637225,26615,1008278,1343312,1880353,2056351,1266792,419791,438471,386566,386662,2764203,292700,832967,184516,648930
2024-12-07 09:55:00,778772,783779,947444,322551,325776,1105984,2296025,1659239,3098358,530049,795528,796526,1645401,325831,353902,884094,1960738,377813,1102616,260402,378187,384247,531000,1141240,57178,58922,1302738,1684913,1189303,2237925,270320,1088083,716674,724798,6840080,332875,318208,671255,1522958,2302542,855189,1327186,123113,118808,551935,295358,216739,639843,506647,1529335,603836,705540,501708,564044,3113997,1318945,49753,392550,231870,207491,1894531,683470,685423,1852650,480145,5276157,402357,458081,884703,1015362,488589,453557,58038,113262,4216778,209168,177625,373687,600124,343880,599994,660783,116074,1289425,839947,443763,1813591,1676519,2640692,3022829,465779,513357,786664,496326,156030,2269286,132389,204389,1410315,790149,163757,5322612,691143,500953,2003475,1586445,1005565,249688,204965,341640,688277,1558020,696299,404603,503206,115896,172142,1013133,21912,108535,67840,73037,263329,95507,941686,610694,151801,223691,46104,445765,816715,208082,708186,425335,354316,583692,735475,565544,1498544,675004,767916,637793,10105308,358527,125272,458986,1360769,1024736,225647,124173,380171,356346,543461,891613,331858,1035226,470380,3057048,1287423,217466,1207199,779388,354064,741028,447417,322507,100638,31987,311372,112301,155414,151974,801827,943060,2625638,765013,2707215,142717,845065,238424,1484752,4268635,10772371,2039643,156623,1747860,198437,2169677,1365973,760591,1939659,695543,194752,479531,1590438,263336,221600,275029,1984965,1133558,1049395,959090,18693,1275864,1399746,1437515,1940881,897427,526445,306427,433458,337302,2989075,1457540,1180267,536613,654941
2024-12-07 10:00:00,1284686,1154085,842372,463746,328622,1115783,3063211,1331588,4264456,340358,1182561,1125831,1558170,280079,471714,808756,1791328,311994,1181538,268532,554284,481276,244491,915097,68378,192564,2060046,1954269,1130049,1797168,565659,992934,586150,569602,6637251,458756,355141,979295,2913561,1119872,822147,1854832,90584,244278,166427,442948,181582,422896,364960,1742042,422468,519314,323474,994866,3376076,1000952,151680,373747,368364,246900,1519066,670630,1374922,734147,525055,4957664,644528,359766,626291,714444,583063,735203,89013,215672,4065114,195047,346727,306621,698690,191489,482326,754728,48394,537646,1671273,302327,473597,1069468,2439409,2698532,346823,561747,326963,791236,181302,696018,259169,214624,808277,753481,195870,3174020,450610,541997,1378210,1164634,750184,180655,237969,303260,429270,520213,742334,539320,367337,311349,136871,448058,34153,141392,40344,110981,300376,73403,2438836,412890,178580,275245,92335,841059,409996,506464,728342,387867,1845696,957806,543138,486499,1433097,484031,880573,1379456,10150824,314467,181484,393621,2166552,896170,363931,113822,364928,464504,442785,623747,1032902,646185,362992,2659349,1146411,176020,1345450,875429,541727,804814,529272,275011,83764,40544,336729,409255,146683,336266,947470,2184531,2915675,972798,1853632,150243,441891,139957,1585520,4382682,8934084,1382466,597127,1508862,212048,3105202,1247675,689913,3475404,761294,190415,290830,1889571,276194,42191,326790,1455009,1138980,1101209,571405,42774,4236365,1358842,1697988,2008252,1704514,565827,384697,364073,355706,3134972,371032,818086,735959,609951
2024-12-07 10:05:00,867275,630671,995985,331102,446156,1024208,3368066,1249833,4174454,591181,1046388,584855,1019329,363110,482780,472326,698903,453727,1084007,284431,1627226,447779,250795,1652096,177043,225546,1638854,1708209,1134764,1253917,309669,756060,338406,594348,7204704,290576,320637,1235678,1339257,1833635,2648240,1817028,58160,224410,236625,480273,137819,713831,419479,759112,407110,466226,385293,724263,2733957,928038,100273,449567,246955,154090,1665526,771898,1492275,608602,526047,5615026,950055,424575,631025,722718,508077,666335,96440,227896,4267454,297672,286360,319415,634276,336567,513678,1124748,28207,350439,1946523,166701,637582,994753,1502032,2707877,448545,582623,315050,794363,259550,1446580,248450,155465,478994,5236018,179933,5193260,436197,706403,1470933,1085278,617870,125990,221632,324503,530163,255676,949654,412057,408579,171371,178882,293774,24043,380607,70755,66839,354598,100981,2585790,318803,120938,101096,57703,518723,158190,4602331,1402825,378310,785397,649527,905150,738093,2416190,598177,2067482,1276100,10111715,323066,164682,218291,1601866,541030,266010,132742,333417,499929,573314,637002,500433,605750,517498,2355646,1331341,133851,964107,957150,534621,1043730,1264835,347915,71344,40881,313035,49781,105824,459534,1360975,6966810,2229513,1143590,1827788,181378,281002,207033,1721917,3739689,9632709,1334269,442137,1158787,151425,1637635,2139815,687436,2043402,1033498,204190,248147,1511400,490446,184325,342738,2013018,1157009,1025400,531028,33945,1644885,1115952,1599639,1748952,837484,572562,363415,375278,663012,3264982,302186,1475463,781203,468949
2024-12-07 10:10:00,717508,505032,449945,398089,490745,763236,3393175,1208210,5076175,1782161,1127571,472857,1076276,1202356,359725,398230,744691,241610,1549426,504607,522315,359418,864404,1390330,82909,173078,855626,2380110,1381525,1292988,307699,869140,727352,629888,6654783,738385,295713,832163,1699602,1064509,944985,1706679,71783,269743,159560,404199,226412,930171,427534,786921,339483,611972,314438,447739,2951411,1241730,83510,569589,265528,181912,1653089,786312,1564192,619469,679753,5170879,374295,753765,496805,556430,559006,373737,62685,169644,3972100,374681,219124,528873,1051939,209340,560517,407367,132461,366288,1002815,200705,614486,1132916,1267379,2495615,344617,935364,599591,1121754,265185,957624,315897,194650,677593,965243,456203,3789889,304228,479843,1772807,1590214,510639,63775,139409,528128,415373,446835,804812,452868,201259,274725,346848,391177,47490,605677,247149,170331,398967,52322,917460,651662,75129,224355,67021,868827,220218,393168,1889192,356247,713576,1164230,824744,369657,752762,747443,2053525,780464,10246029,458946,146018,461142,599918,292675,160773,182209,349337,148001,509770,641988,332170,582145,355008,2169527,857904,110497,790200,852106,637383,678361,381493,366559,93144,62770,328332,113528,92988,365898,2951874,1766099,2261984,1547180,1245205,285239,833648,185894,1115087,4310192,8278895,1288279,660770,1884153,161718,2127751,2378023,642781,1938999,651605,153292,175486,1341187,341028,29153,334848,2339841,964524,1179530,885977,36929,847281,1300321,1575788,1057673,1354090,456973,329891,351242,867365,2663161,318463,1166705,801731,550500
2024-12-07 10:15:00,1436094,634162,472253,527788,313090,1068898,3483386,1209896,3792954,1314573,1671342,436787,926516,421531,288585,562024,714637,245705,2203237,1071319,421216,244560,217434,1099310,64108,147562,1435981,2434562,1614472,2005179,263827,1168000,865390,604433,6969729,629587,333153,703743,1095253,1190265,1427757,1461255,38639,283183,167894,361433,243240,549618,493951,1162063,569313,686440,535724,492897,3389140,1120226,258468,1045915,241930,174884,2478550,764777,1021298,632253,764303,4955605,629833,359695,452445,623282,335128,729848,75341,177365,4374671,511225,239224,649429,622667,219716,511626,314903,123324,711744,722055,141728,613722,1819833,1081150,2966552,991275,407017,398636,1056682,258836,1235012,348892,289143,387948,783292,660599,3100684,530450,486990,1874361,1300446,772259,85929,160414,311199,745382,448545,802774,299966,189708,181026,68129,684865,14770,477081,318975,90365,398526,35942,617468,887037,106298,218408,110552,755231,122312,269717,1559794,294149,681914,1364364,578431,400897,751576,629307,2383091,1105500,10353072,570044,128616,429858,855994,509956,426425,114212,292440,318660,398163,472764,450184,685266,276103,1899521,1038911,129295,925607,938091,917973,1046360,451160,453946,71340,19414,168616,144364,138632,751497,1621415,1970919,2523811,750694,1833072,275770,670113,286133,1130435,2112697,8565867,1228927,651842,2354586,444176,1733936,2395625,1318202,2014011,1244673,135173,447467,1054664,260668,44988,430874,2274693,1176557,955190,575839,24603,1184607,1260365,2136565,1067294,1542658,579504,440217,471096,315720,3151509,236158,670402,862125,902136
2024-12-07 10:20:00,1845733,601368,477263,449312,228694,1251592,3720706,907278,3844341,1045992,1143152,759709,874329,815271,275826,466932,800664,177208,2136614,765504,421717,241578,391965,1313213,56204,392014,836082,1838546,1190299,1935318,349360,453224,897680,659366,7105790,423726,712380,867818,1283768,1664610,1167689,1928826,54215,402811,169193,407873,177760,459539,474116,1007976,718388,789355,829970,507785,3932754,825910,108435,1024366,277926,139793,2642670,802609,919888,752183,523624,5044198,478761,479668,677836,896015,514514,639699,81513,247014,4325128,501902,261256,270379,575178,196843,494575,761677,242021,1520349,715689,145789,546819,1113450,1252576,2995294,724334,519943,229545,2012573,267247,733060,258110,303056,944158,951791,680502,2705178,440763,861594,1486631,1400280,923704,88856,258886,260219,344941,214056,1080182,301775,360673,149781,249912,242289,30975,486269,1401074,122997,331517,34462,635553,696840,143230,151171,70311,799414,137120,281805,645318,261711,544481,1034547,505796,284790,571841,1555700,2285499,1499397,9988192,387771,205132,351610,506434,918211,872084,350742,308134,195575,410703,581451,526201,752449,432117,2211202,1110898,410835,1081915,511787,520267,1325742,300356,301398,44556,23718,165984,144355,116778,604358,720938,1366708,1705916,1015808,1451685,152992,978809,195564,1452212,2608264,9609257,1487408,729838,1622900,534813,2301182,1444617,1533890,1696794,679577,243593,825389,1055357,221170,290006,466880,2458129,1018018,834531,688042,17936,1054168,933495,1520951,1960747,891728,689437,645806,434709,699878,2759208,267286,870252,639068,582956
2024-12-07 10:25:00,1570281,433485,608728,918969,234890,891971,3709946,1628262,3471708,413210,1139660,712137,1136260,327756,410905,754165,1027489,253235,2200047,644746,867316,334351,234830,1494146,101174,240305,1411077,2538995,1278139,904271,229522,946442,476277,693533,6323285,232687,445027,2598840,1373042,1687586,1015035,2093932,16761,229987,128402,300514,191957,612598,616206,1014380,307811,746702,891962,1038793,3636260,1034218,39184,413813,258917,219734,2347556,610114,905738,800440,534743,4953614,468275,538258,635490,1233547,756101,662873,71768,341018,4309671,516945,162457,345043,562754,160264,413064,547908,161808,597644,715474,126376,687701,1068129,1863125,2328096,944408,460162,256791,1291430,279728,1318559,307369,691794,842144,1039709,447566,3641387,554107,790075,846580,1681092,883305,64573,208169,196365,353804,250434,1719976,432075,799717,188397,55012,555658,33222,438367,1543070,533839,258498,86288,1560528,864245,142399,121552,80576,641597,182984,284164,831092,347361,664577,668398,649647,512228,529482,1901837,1663920,1160892,10009230,321687,170792,558110,806300,286632,278568,316949,344176,473414,617519,355305,439844,611648,551476,1884264,1296709,195848,1511756,1113551,866543,2242970,460126,322105,259169,47449,258154,66049,74218,223368,677203,1189909,1037822,1849110,1719846,120431,704378,178383,1429963,4560113,11052623,814320,564153,1560013,379091,1925539,2412449,703106,1359782,977229,233824,850688,1305593,331826,63889,244891,3036727,1253763,692133,854989,34414,1435522,998693,1365962,1724635,824357,637894,576667,432778,401302,2332342,228868,1218824,469696,1427988
2024-12-07 10:30:00,1247836,595007,614104,394873,284356,1081732,4662435,1272115,4692261,998302,1856368,1106988,1727453,386654,319451,621147,850170,280358,2151732,341708,376529,212610,207535,1245741,71433,181225,902315,2296625,1066485,1156328,373009,435018,475755,956160,6409098,605550,570345,1028413,983819,1736922,3209903,1386441,54517,193579,341332,382119,298059,611920,348789,683649,216292,1229433,376744,829404,3012362,1755553,63648,979493,328399,174292,2341315,653035,1251655,896191,468873,4893404,385787,490729,587440,913162,521745,492042,74065,343553,4021544,219654,192848,1380755,406598,146380,632671,540029,100518,409475,890653,137805,657794,934296,2268292,3101066,1172996,844918,353287,2311288,312061,502237,268070,330909,4532387,979790,456377,2991626,306386,358037,1357488,1732957,292979,97171,377300,200412,246575,165875,1668347,299333,306394,48855,73689,615889,14229,1164675,1412976,348241,256999,62430,2215555,489383,111901,143548,79139,406547,135555,363008,660845,283604,751338,759336,305545,375093,877890,2476070,1877651,739309,9934672,320581,147044,592526,1189402,492504,265453,279075,858883,274103,779627,555377,485814,592242,407234,2342050,1272086,243580,941816,1588707,546027,1210682,491485,369983,82708,81639,360057,114240,48305,474813,527186,1193633,944659,1277621,1737287,97991,1106359,152994,916965,3857821,8191945,571462,657620,1099323,188996,1223510,2070193,627807,1415786,644442,130558,1224209,2325653,1086890,34582,317436,3361299,2373709,973812,656772,23548,1730102,1088717,1616576,1314652,1006221,768338,403115,567881,296634,2626359,415198,813131,204946,1027870
2024-12-07 10:35:00,977556,586168,534169,303997,236045,973366,3659462,1220236,4223960,453300,2167242,958118,1021254,315816,366403,599151,1133717,330003,2646190,422801,426816,334454,299897,1218286,333650,659715,1409183,2055165,795588,1443822,504401,577264,550876,459507,6945639,540440,582695,1348282,1207344,2243832,6298991,1651121,126616,227126,327607,533103,252130,886974,491466,866700,411494,1018214,529312,709701,3567182,812705,47626,1171926,482233,268256,2768690,1628226,1798489,1328581,804845,5323637,1051568,557581,719016,617788,527467,273052,110249,368247,4361913,637693,415837,525881,686390,211397,478335,1070664,44482,230531,832243,109877,417114,1345493,2487349,2004600,482009,422019,459951,753439,223792,935845,442405,205025,509600,821672,842103,2504471,303195,648823,799875,2008149,573976,216162,225644,196693,367736,243978,1564253,380889,150986,149948,82804,461928,38338,904778,1406121,184757,253892,72182,2210662,635363,145378,60449,81047,622767,228093,677467,1041471,332190,602626,617256,423250,347606,646018,2273538,985285,1201069,10196974,425990,163141,543567,1135566,400712,266683,292225,323951,262034,860555,527342,623903,499418,815777,2117893,1505325,896071,1128333,845136,410309,1004631,431454,286087,78169,30677,180330,141019,243285,286048,1051537,1318622,1288008,1168822,2181576,131670,793021,171363,1598964,4443206,8332844,829235,609073,1346729,177500,1649654,2602219,2067933,3506577,1712098,151552,933201,944036,1089328,26652,317189,2109861,1052388,824888,884790,361750,1996904,1410960,1642689,895560,1236472,653091,317303,499768,364403,2167219,272801,968940,286063,622098
2024-12-07 10:40:00,1914310,783531,436066,450132,214084,639304,1732401,863554,5083584,714178,2115672,581256,1135356,595672,452111,833157,1471120,186894,3096784,658962,419485,494918,239492,951488,786032,808684,2029272,3009790,921410,4283824,867833,754230,355876,2141031,7361760,771982,631077,1413677,1641230,1219900,1101558,1226114,55128,177578,345777,700344,318182,882636,472884,1355947,485886,519321,468520,1087951,3421847,1097582,85556,925778,271345,377338,1132497,785442,1604169,976898,856630,5400231,656841,473832,806534,934813,728461,396996,60903,289736,5070406,228257,216502,608676,423260,144150,773800,755297,89565,767022,759619,152282,782693,1474599,2162829,2491009,636515,575237,243578,828233,184885,487434,267144,193328,589472,3272276,526915,2573323,347346,601704,1130827,1482848,598480,106462,238983,264668,415537,420848,1277888,433881,289875,142628,183035,521379,12021,839948,1413023,203815,266396,204545,1178045,535634,150061,128329,88572,346601,379145,218403,990500,352522,487992,494135,409666,569155,630881,996892,1744154,1732964,10068073,885790,378984,308054,800676,378981,263381,149906,288198,361158,800530,435616,817360,592702,771312,1844386,1419209,106011,747110,444892,892629,1700552,499022,524002,147107,37367,131606,210671,61798,328007,721260,1325738,1383342,894499,2289447,178168,468728,265068,1662892,4341934,8370921,1078657,640289,921439,148315,1406383,2372271,1205973,2522160,561351,191731,915487,2194143,366361,35772,313592,1519767,507666,925246,1192703,23285,1256640,1213582,1515194,1032118,1493340,471368,354602,2658591,319769,2197922,262101,832071,169443,535625
2024-12-07 10:45:00,2128933,789961,525201,292527,265257,831816,2023431,855785,4357875,855715,1574366,1238740,1284156,335877,477932,672999,848104,110635,2917010,427642,404735,600447,466775,1160032,1997000,239229,2116940,1996377,790157,2728694,185114,1157825,575040,1635776,7031118,861734,527055,1211169,1483811,1674921,1270697,1065415,241181,147094,276850,325922,237730,658443,854832,1776990,164204,1018068,886424,543019,3262344,1158482,80608,921939,294999,306628,996815,853089,1684335,986353,848262,5546076,656637,502139,615856,548391,1195643,263266,106346,122350,4666685,252291,280767,417492,517413,351535,580803,336272,325317,268406,960445,134666,676936,877036,1991322,2929586,1102835,705651,252437,1275856,274989,773671,202173,149853,1144161,2227909,326508,2574377,256879,841585,919776,1696247,813111,129810,262767,219665,358581,296124,1362880,325030,358875,78454,339024,309382,24343,905417,1460024,148406,245124,84018,843386,506366,144382,392550,173170,422883,220830,191262,1062512,297134,387947,404418,353836,291018,722833,962346,1265109,1446972,10101935,891004,151820,773624,779402,367812,249313,159357,258679,309768,695443,519456,355596,577378,604815,2268920,1364869,153006,989949,479564,889832,712990,328471,1137388,143007,63643,153870,68824,94288,310327,782512,1159285,1477546,1088898,2197966,181268,811399,134296,1321465,3304115,8556309,1062832,655992,1220604,205661,1558126,1971677,732078,2326806,565594,189443,882544,788078,316461,27940,394111,1659117,815382,1378614,526537,41055,1387581,1555164,1389176,547100,1542176,726725,473343,406072,327622,2259906,190659,1007540,233323,533116
2024-12-07 10:50:00,1518354,765630,565180,480327,304815,1281279,2739625,899717,5140825,1100200,1060944,1133113,1331637,323570,653055,1309700,957431,323620,2326961,334542,614722,474217,357973,1097785,1927413,228101,1855417,2208678,613439,2702180,273692,1086905,538433,921272,6924470,1233836,1115127,1207483,1279723,1534157,1275232,2164094,187737,270903,947533,494029,265622,1197963,841209,1619567,588287,1123807,451612,825736,2631661,1408193,467842,836402,333013,833017,2967236,1186547,1427688,608847,751915,6555346,541196,685022,585138,857100,748405,267561,154781,267043,5001864,127397,175524,287419,775645,199210,522579,288888,84721,190029,1428007,176961,553416,1166614,2307257,2401280,788104,649831,311078,1196908,297857,565265,187906,187542,902645,795207,386584,2849718,290914,824693,919096,1661392,444246,118504,240178,395589,350466,295813,1370932,598370,232840,441594,313239,769844,26839,280217,1293057,198392,422981,133750,1196313,546707,264153,482683,92084,773830,183701,208599,868753,485857,485813,952196,411187,460532,951451,1044540,984966,1445537,10187574,598698,140038,367973,716011,516958,418927,145160,277530,265644,918606,422985,538298,730743,484058,1956508,1220414,155956,1057192,586193,550183,735677,394524,425064,38060,48974,264074,226894,175231,245925,645832,1564158,1254810,604252,2952770,260402,1487606,328431,1518800,4420805,8897083,1182739,641941,708486,115945,1438431,1772005,1210058,2065739,795426,163776,836805,749586,296001,28913,371673,2551013,618948,926471,459405,10362,1776910,999780,1420018,861949,1753446,923221,410949,479541,403321,2459639,232995,1333459,244043,523993
2024-12-07 10:55:00,1096785,537502,380502,425698,425361,1634810,2248266,675238,4860160,3400662,1772695,1016282,2102216,266470,345341,532495,958873,186327,2595452,437838,1379044,252065,176480,1227012,1311991,208390,2097128,3706398,470874,2626780,340227,646730,497485,798876,7801932,1579885,1301553,1373410,1024191,1869265,1730337,2809849,97802,219894,673237,375168,210327,956158,462378,1260435,273759,1576841,596649,1000432,1437946,3556663,309677,932425,361334,941310,1379069,3311618,1688917,610809,742239,6323941,584345,403238,607446,800554,1011766,467873,125216,263443,5030512,168041,164399,259337,1226007,472900,500640,430793,99686,329974,1625841,203978,877810,1628421,2151666,2295941,660224,638061,506214,1390064,273737,597904,171852,251242,581899,1043181,448608,2348858,310509,828827,717318,2002238,503236,152494,257799,520514,324665,362227,1973253,1191125,428253,247247,812755,384633,22309,203306,1338078,207671,283665,42517,1834786,476560,155981,495304,120514,643722,273472,820467,1322594,549119,447919,1312904,394043,398726,1182143,439779,863316,896308,10321988,662545,98991,360633,845405,422490,452289,170391,248767,182269,671708,478803,631789,530556,672055,1805367,1214668,173598,1294826,857262,734524,1069915,476721,798153,52990,67895,384250,150234,128934,233738,1092567,1900727,1611803,1195954,1924017,170961,1019523,189076,2027136,4636846,9794065,1298257,673104,1077644,283179,1493565,2287285,701605,1729722,989756,189119,694472,1072387,402274,55895,284564,4260874,402783,1588127,759505,86787,2968450,1792931,3196961,1802815,1110754,506920,367119,515133,527611,2588833,233052,2413041,1569066,583079
2024-12-07 11:00:00,1191632,669899,490784,463327,496445,1586762,1646264,1120773,5619929,399834,1966082,1239377,2282251,325970,589393,750487,1070397,269637,2660180,591910,1865416,638259,276371,1492459,1216042,303211,1788343,2109849,660059,2063498,269568,192148,532194,3008444,6859973,1543892,758880,1173817,824837,1895310,1307125,1902600,140486,195231,425089,279857,163378,806713,418540,916168,186556,1258398,531193,376664,1517696,5602073,51654,657235,290877,193399,1629963,1914043,1160818,495764,630170,5469794,342617,468779,667882,826632,791939,236541,619101,408811,4610862,223175,134902,364505,857151,197086,483825,323685,58579,300425,1566921,231234,1190417,1361681,1471034,2188950,688676,592971,532114,650520,214124,597542,250721,183559,665319,1188258,298991,2641345,356449,915963,972378,1730387,1295681,104153,189778,238294,362955,436843,840232,2092958,274576,242278,232785,345610,21905,280132,1368641,163216,250023,55637,1554278,238278,194387,75755,56691,712538,247861,516899,810967,280695,356121,984851,315008,191502,1385603,507472,1092097,831305,9979189,943844,179767,591661,1131927,380609,1022308,136821,255657,192794,655973,699527,927437,689707,683109,1454770,1587774,161771,1146918,514512,557176,1032698,391289,576674,45997,42064,281722,134932,140123,216985,822900,1491075,1859389,1379124,1711997,231637,396374,200205,2129001,3778427,8736652,1089243,284223,1637339,285844,1580534,2474856,830280,1912806,1229820,488415,797709,1145136,408599,62654,296394,1978446,547636,1985394,888704,22802,2148995,1288065,2137022,2210421,1146071,500536,448243,306832,393333,2350063,384906,917116,181709,671232
2024-12-07 11:05:00,1473795,561013,430464,326178,383187,1875106,2428768,1419982,5340845,923730,1291833,631976,2322789,306461,452389,489448,1633257,346050,2762687,693788,675763,164386,194628,1156913,1304782,237610,1548550,2033068,379639,2014583,130408,340253,516235,1689608,6801733,746594,374173,1346606,756855,2578453,1217748,2753278,163906,791606,774560,720988,273288,641010,917127,780087,260957,1205554,529049,347602,1178827,4521766,75272,309464,295792,200480,2008757,787771,1247700,718386,833008,5612593,683426,366076,551448,776201,589503,194435,269006,222627,4625028,201330,124800,193743,794109,238501,1772852,257624,80879,317036,1223891,199016,1309262,2425575,1918971,1714132,1263123,539510,319837,886993,142018,1235998,248642,194683,1225349,2145195,246496,4691024,250634,485271,1127314,1442098,829603,51846,247221,420059,318118,287576,740306,880010,401328,755149,765158,449463,22494,248606,1849015,493065,180131,45971,2631162,539904,174262,82164,682084,958183,214425,848800,661709,277278,373154,501042,322502,254362,1164839,416750,1352839,1341826,9792513,1037844,107922,262159,967878,207248,278218,101172,134693,1332915,614203,449288,1171858,482371,632106,1728417,1360896,211366,933031,1131486,728867,1364721,390635,330957,72077,45636,201958,120874,86273,158862,2421808,1384698,2262974,1482101,2105689,130527,598392,436452,1426160,4268624,8009026,960302,266342,1805841,246142,2884893,2200764,855174,2009746,1152760,329688,728954,1242913,264654,45668,431099,1894259,492116,2400147,1283549,28577,2721767,1858348,2162106,1235137,1023422,518828,511101,1348294,388835,2620039,246848,1280620,264992,1148459
2024-12-07 11:10:00,2716581,579020,640074,378149,329600,1157941,3122678,1441599,4781497,519994,1028031,1007832,1549099,257536,606513,935211,2113496,286225,1853715,820379,355507,665681,379827,880043,1645352,258962,1889101,1991816,485445,3421248,141483,195822,699825,1819520,6761366,988861,1004089,1111777,684458,2735021,1107310,1449671,85833,665008,315938,781532,337907,739452,539478,773252,616241,1106307,693832,328162,2202429,3849464,59739,629372,345884,423978,1869654,721857,1855555,378472,674895,5846354,560408,310340,692463,954951,954667,394699,452429,245864,4345589,391318,309907,261305,623512,318101,2030312,373917,98197,339230,904440,209312,1353131,2028450,1921183,1875192,585281,613504,149713,2962504,611657,902085,218429,168282,566750,6660058,263245,2447891,251183,503587,1143113,2223560,1136936,109152,232483,286402,739899,344829,732051,1198468,577352,556548,289419,413499,53096,267809,1332908,98805,173122,82284,2292537,432425,263068,81624,203255,641476,237649,726865,802098,760900,505944,566888,277051,301752,1083418,424101,2162544,1224574,16604987,508838,115764,508929,1040058,235603,268588,133763,322133,169274,443362,572289,1136904,1016457,1018211,2258360,1489771,242830,932665,555141,392086,1685640,369274,333367,43410,517367,163935,179223,87529,165601,1770178,1558563,1779393,1707532,1901286,70757,462048,265194,2166581,4174796,6902942,869494,98816,2004361,251088,1592020,1800616,668944,2024067,645559,317580,461801,1492456,392447,179963,825848,2322405,634550,1884214,1009981,82085,3170751,2176292,1635302,1263586,1046391,677699,1372524,375950,338568,2204371,322569,1219086,212204,914287
2024-12-07 11:15:00,2854643,1232331,588120,333037,319189,1242650,3171362,919363,5112957,586589,994974,526707,1047600,287602,464141,779670,1902078,269314,1449361,560516,610329,692603,273023,1038552,1718671,639244,1073950,2137958,422462,2003777,237972,412493,764362,1055407,6475682,436930,529855,1509598,625735,2992282,994855,1562963,52384,725449,313797,406183,271139,537941,925651,715454,349024,1380344,446670,534570,3866538,1802310,46013,361034,469023,592460,1950349,1257351,1513220,777545,712758,5912307,1049149,403939,971838,1047784,1018299,277037,200135,210294,4857257,692038,161022,549350,595080,185473,1434345,348116,91347,176398,730242,292640,1510059,1208490,1454447,2215287,585253,1270702,361097,749978,274807,567105,372358,164595,319746,2488028,145254,2690975,382885,967034,1142187,1533672,980437,132313,209429,2254031,532507,391322,782209,1013948,302969,139705,236909,388217,51978,182323,1338911,276556,170889,140160,2102608,488669,272952,108079,250216,790192,129283,1259028,887004,988376,1169437,795064,440628,719191,1238944,748025,1102025,767654,10536559,379316,118418,490102,1032747,353540,469342,153569,220534,121362,716432,470579,690450,632874,823627,2365302,2088798,438275,950681,524127,658109,1511166,748617,389060,205552,341529,260532,128072,609671,118598,2117546,2122307,2142219,1537906,2973489,138647,600642,570056,2391218,4542649,6254702,1463482,112402,1627145,137491,1619833,1380678,679978,2310847,606865,373434,438481,1472068,271249,29386,1292638,2274330,1056323,1429770,794759,17411,3851703,1484927,1489572,710979,1816287,689183,519344,353164,398633,2514578,277924,967211,499585,652083
2024-12-07 11:20:00,1810055,1020035,836554,730210,337207,1653434,4309360,1562582,5210167,1574880,1547650,796070,1802272,236269,486654,472382,3073626,449010,1224932,580569,576129,679689,557896,1621242,1421221,664150,1122777,2977892,579209,3251834,185573,417731,182940,783646,7228162,381360,437990,1412241,1297388,1949893,1078461,2907883,29204,150366,257164,470416,166207,610450,1809866,869528,218282,774815,449724,587559,1669734,2919574,31555,435691,445511,423905,1174825,1329088,2024685,732844,476029,4957398,717559,588549,728451,586785,901615,760362,151259,610307,4814427,509275,316475,161354,591920,861077,573056,544348,92558,377068,916772,406477,830143,1515816,1397857,2752296,621637,929939,266039,1217156,300440,668330,160217,238118,859610,2670937,558878,4331994,717369,871047,1214539,1903043,1985229,93531,590304,943629,556587,451860,506996,1217445,676961,80722,250314,902798,44041,495825,1152915,258186,188858,129348,1881465,1048858,246225,126317,158377,667492,258855,1689992,1337734,556457,1029987,651209,607239,856083,1333937,957033,2367426,756898,10944858,761586,154515,374706,977621,488117,496129,145242,490599,432034,471794,272404,998939,497919,643145,1635771,1898089,644978,859244,1003197,605729,1066928,642617,206919,293357,491204,230735,80654,620569,289505,1160359,1688329,2791605,1768750,2634427,114009,720726,319881,2488790,2898261,7031677,855654,109988,1964635,195839,2353205,2162553,1135368,2864999,723111,363256,283483,2807234,161773,205773,791052,3624196,612740,1512463,756138,20062,3390436,823295,1133253,774400,2115659,443384,946840,550786,801324,3226041,234583,853487,376559,611728
2024-12-07 11:25:00,1717509,737268,678899,257832,278207,1626010,3334774,853995,5065827,671133,921395,574111,1248745,299893,399934,942603,2300544,275450,1245542,430988,455354,776735,556368,2464825,1357108,633993,1372770,2233407,612264,1722348,142033,714894,314975,880459,7419200,472370,569680,1487229,1039317,1231526,1052127,3011635,51335,248238,123377,632512,92841,660961,1314593,1147925,313750,1383883,840700,602527,1818774,3080137,40737,378373,713770,782160,1109141,1194856,1010110,1047021,481593,4979184,557792,449856,702530,566703,591736,805922,332148,510200,4954475,407343,201458,278128,450294,146241,474418,365763,146642,526649,1725745,563499,1223782,1666056,1822085,3107177,743647,421404,196745,1477901,340396,1428594,857166,224779,1844552,3897945,305478,4221433,505494,942114,1071089,2013188,1972993,95250,250150,531259,520925,424304,508961,595918,557536,149123,636827,387558,51034,295276,257801,112556,195260,365046,2500752,649404,237195,66313,173755,507365,271455,983834,1456170,517318,1238586,825723,371510,535019,1527967,337766,1441835,657443,10493442,727731,81346,854779,1224039,510330,298499,381531,269614,303602,756600,252771,1169019,684694,425402,1500964,2066401,783687,1622622,679324,479798,1382356,1139855,330454,317902,378658,180706,190894,531228,309967,999138,1613049,3003444,1610942,2887467,109270,1061523,237920,2975051,2159877,7275595,771503,65049,1891681,207170,5087595,2132630,2356291,2708916,844971,638271,393896,1932621,376924,100970,402320,3997088,731534,2132637,875430,26213,3682149,1221425,1403620,1160800,3507941,360326,466811,619219,399781,2685105,175041,1255124,338285,729066
2024-12-07 11:30:00,1720290,885000,998462,263131,252879,1752257,2951483,1023681,5896016,669122,1384831,742778,1291462,363141,1050001,1391930,2240833,245799,1380487,766706,390205,706462,601162,1574802,1612270,919885,1680561,1764042,840419,1544321,204578,1244341,300847,1070436,6877813,402367,604868,1177497,1408942,1889099,1423822,3179357,38475,174223,430222,820600,190647,1047840,1074217,971993,283763,1241652,842596,528611,4423740,1882790,122201,380821,789100,1013033,3383326,1285822,1595821,1080591,730688,5162449,459970,410659,804708,980809,514518,383140,132812,346129,4979305,461782,110837,3365007,454767,165230,675021,387045,121671,426798,1350100,251471,799675,1795502,3152611,3325976,1115600,643173,249789,2666286,173591,1061794,189435,184556,1053100,1421308,354989,3151277,280768,1160232,937194,1774362,994351,75654,229506,520633,800882,428388,832795,800085,686814,136441,796026,462819,62051,680711,258524,872552,197754,133249,2454937,923412,249398,156802,76279,687000,117856,790553,1515616,503444,1267090,1223124,346427,299725,1211396,895241,2828829,1203108,10194489,849884,72945,519420,863967,440856,729362,329213,346506,311834,725547,258269,1501209,680183,971404,1382292,1951115,683998,1024726,695963,795031,1798133,749752,710255,241778,472135,178057,235060,250947,366826,688899,1175215,2081408,1849744,1954153,103893,1468141,262091,6375101,1745359,6540940,755826,58366,2501638,179046,2056730,2037476,921472,2557851,1288134,494103,215290,1111943,383755,33407,646281,2403800,452341,1225480,753400,28462,3487904,1481125,2075325,744849,3170413,529560,415389,324464,386858,2453128,135029,1421092,274562,588674
2024-12-07 11:35:00,1703446,908080,611929,402849,382968,1420986,3176886,873577,5811050,655044,1282681,1091558,1329075,431563,689531,1356169,2108159,285486,1305060,527851,608004,661390,1139619,2519620,1324839,656950,1686546,3523707,935118,1457602,199664,462493,992965,1012600,7990864,510591,664984,1705566,1376011,2578402,1105329,2255032,66013,234099,832455,568734,166163,1257598,831796,2198227,403553,1310687,576634,595757,3019493,2840937,202668,721601,1007533,813789,2389763,992498,1535673,1932950,849700,5407009,676203,401430,720329,1003261,376464,333780,98531,463630,4911847,319419,182012,270194,475051,175163,407227,314442,70542,271944,1583536,186470,1028995,1159155,2714298,2679535,1043259,411297,373884,937447,197919,822699,155354,365780,1158150,2882450,84591,3412985,363404,758026,1066164,2864734,621385,68619,242385,539646,782797,559420,867455,762007,530466,317584,977568,241884,134476,495220,155755,447856,266471,71919,782564,518531,220434,114321,183761,730994,212717,1033086,1197275,506967,922751,1736107,358880,388423,1206834,348263,1162455,1392867,10342326,693547,71823,402011,918694,641619,573154,331992,250145,709832,734487,361210,1887018,1178358,688451,1473720,1743074,391042,953042,535573,426191,1143870,587280,299457,99334,77199,120629,158520,116385,1102087,1515997,1494795,2811638,1549167,2096110,93309,1273527,251943,5571697,3196420,6754021,751281,48456,1663678,811682,2300336,1777927,741154,2889530,955431,137518,208886,1431691,277918,149264,473078,2190930,519507,1218305,652510,44962,2176266,1600135,2590602,713351,1954801,327264,567955,397556,324992,2567353,138276,2091318,207899,789577
2024-12-07 11:40:00,1597368,886074,606591,336183,430506,1328423,3171288,976054,5082271,1315654,1109951,1206971,1267707,314491,745216,1608804,1761410,200746,1096700,483407,1135952,523220,596652,2219826,1582206,731102,1491803,2810871,923158,1845440,258249,447314,1067412,1005238,6919826,899502,616660,1354960,1081642,1541577,808119,2068992,70864,448125,635454,707591,383902,1836885,426707,1213713,615723,757124,583446,544026,1914146,3538518,36252,1114271,809835,316542,2338746,673414,1227979,2012927,1390145,5061075,810467,664413,973556,1286555,491349,422314,165613,690785,5258846,463911,231750,434177,510618,375244,452352,339395,85808,285174,812029,241469,666159,1194960,3054496,2911355,1085678,485946,212335,1728742,264811,1386953,123085,189975,1275546,4158396,65797,2900907,370409,747410,1238653,3448686,349782,81825,443330,406504,713397,309095,678821,428864,379374,202126,926291,508079,375570,830379,224778,4582678,165253,68989,983528,1203510,284198,124664,111207,436911,394136,891594,742789,646575,519722,979146,501170,487056,1123961,416711,1691970,877600,9954923,945472,65740,958283,1185115,509302,269349,364361,102111,353568,794826,448690,2047851,697926,438887,1408741,2682566,249930,837479,741176,588244,931989,585352,604482,121800,54002,197987,146104,178919,283583,2057152,1756350,2767313,1421711,2548187,98198,970332,583529,2363681,5511521,8497967,834720,121139,1590919,809365,2277407,1296977,1088325,2660929,783437,429281,241733,1746106,396708,143884,338114,2261096,1086957,1445113,848386,26331,1713751,2331681,2685885,877732,2281791,677652,1621292,480343,306287,3445100,135726,1777991,406051,636824
2024-12-07 11:45:00,2676317,1065774,611904,325663,453611,1634165,2644292,1461810,4559623,751886,1378239,1627669,1258172,294432,902116,1548294,2179892,170387,1494643,384188,1243509,473234,283621,2226623,1272804,793568,1862927,3266349,1201337,1571615,321309,416534,1357842,1361784,7863713,337685,552379,1607078,883900,2022372,1619894,2141979,297526,346512,73754,900899,195533,1671747,522616,1589422,678741,1089546,444352,434824,2145968,3270603,174497,1341968,305280,264917,2008201,780151,971259,1512144,660343,5211001,593548,405401,1008364,1295055,426993,448309,162776,270945,4862938,376487,411844,443726,608683,484655,466036,623262,44374,310745,1620673,154857,563406,993616,2519936,2444514,917892,549752,232362,1647500,273991,622557,289954,980833,2038415,4978489,67805,3537783,250036,591366,1326083,2659932,361665,96450,453056,687653,488687,325612,741083,468671,473627,289510,1305351,1420195,16158,959695,249143,170516,235479,149459,673921,359233,202292,163809,137038,450179,196713,915910,851831,481037,446160,494151,393016,402270,860829,802448,2025419,667684,10264601,739351,68115,515056,3991225,572660,220622,732209,134140,556760,386955,617224,2318756,1122748,549098,1065832,2347642,166991,763576,1536765,542100,984684,511009,318751,57644,72818,280031,105279,164622,217962,1747806,1739314,3215915,1287499,2494071,107289,621827,169576,2790497,5457358,7674139,1278345,80196,942904,793814,1731890,1875571,785913,2372759,999083,85376,255480,1082499,664482,119635,346460,2987179,1134280,1175781,860921,4657,1201717,1888254,2119391,770391,2037362,625663,626781,472331,428677,3042106,126828,1269012,455128,685007
2024-12-07 11:50:00,2259281,781303,660403,337650,239126,2759957,2860461,903016,6792684,1052775,1082796,1096980,1751590,386542,802138,1009253,1847422,203637,1367895,448755,1537289,1087853,260221,1595928,1100768,1303046,2257350,4289904,2118181,1682105,192270,445718,372594,628548,6879776,365463,720995,1892331,1177331,1813795,1940643,1720659,59135,308616,121074,816067,174437,1506047,851735,831573,339331,1470979,886990,875746,3951312,2523797,44160,604879,470738,390049,1999993,990253,1099585,1509147,579735,5760740,444030,303087,919039,694663,348940,366917,235421,327964,4742043,562089,346492,269379,763236,772947,378017,824759,50256,231186,1452727,330492,703999,2076414,4468647,2120368,764096,1259773,194875,742566,525981,1164581,186403,375450,414392,3359109,123490,2666099,256434,895097,1591971,2269400,708725,99560,716047,262252,501646,190291,656441,677262,592155,89197,1055948,1367341,51694,493632,271271,101934,281110,161227,827950,435142,814109,206472,106311,695960,380457,1471514,959265,643630,626582,676238,385093,307282,925275,385930,1823003,877293,10515336,1063210,65378,571710,1239601,586679,632474,412052,525678,422244,612145,345074,2080626,711099,586466,1210032,1981165,135623,937887,1535961,406073,927194,701370,267424,55497,29267,416490,95471,217981,187968,1868422,1883405,2603247,1972270,2076195,107131,1071713,404986,2460252,4086140,7433914,850368,456187,1181093,411835,2070322,2212582,747148,2315111,857204,184599,547098,1060287,501767,61268,314029,2033157,1391843,1409737,771139,17538,1617421,1790618,2502306,959242,2875367,832923,830736,623688,566880,3042832,179010,1662272,296681,574759
2024-12-07 11:55:00,2845212,884499,561646,294234,257209,1909991,2756912,1186448,5580038,614101,1079766,1838533,1906000,181915,1065077,817717,2379488,221582,1267976,815283,1395193,741286,612328,1283278,2908778,703117,2483495,4225899,1292271,1792193,312725,833324,427952,465000,6762655,380229,809786,3144209,1836710,1896671,1878353,1895841,90765,159187,106205,421338,347244,1646535,670460,1168594,249456,1317941,537977,1200999,3567291,1304633,47330,376100,728239,339355,2559498,1207394,1146271,1125214,2288427,6897535,519652,334002,1100967,283828,346694,526909,65170,348179,5179280,592999,355249,533841,627863,1081632,416472,1050447,82843,402213,1322143,440529,587716,1061096,5574624,2761524,719331,2597456,231726,551746,254508,871217,187445,216544,536414,1048745,197384,2395924,406978,655058,1403823,2904351,870868,105098,870320,481572,793440,363915,562247,329579,610050,57586,634600,1463490,57936,538523,405967,113979,869627,77406,1002231,337140,335236,195438,119356,631953,277973,272833,770021,444704,851615,1256277,473013,278490,1881687,483351,1339271,1009301,7888692,1149394,93449,468988,3772988,447221,683624,192648,572407,227519,939157,572659,2122560,514930,1021751,1163715,2216399,94950,953410,1217049,366367,1326347,442379,225764,20187,56766,356129,108324,104892,268183,2204595,2217114,2461351,1447079,2080865,177330,1064334,205005,2448500,4763976,8685020,1270705,76216,1622263,274664,1792448,1394885,669602,2482420,1448141,92302,351591,841571,631858,18320,600171,2882173,1596211,1070360,754158,24115,1122635,1447541,2520670,845810,1568804,1409992,610140,634689,382989,3522521,171363,1597632,244721,1043586
2024-12-07 12:00:00,2977179,1093101,366344,263007,292034,2570767,3639822,1681191,5974213,553816,1083039,760031,1707843,256814,1369747,987970,2047010,186088,1472828,1016388,1166322,357938,348537,1113640,1178188,481399,2037141,3467981,1251067,1950037,479903,571636,611409,795899,6815950,615855,680502,3205954,1777959,3306264,2853196,3009304,87910,179278,117326,339029,280952,1413269,524798,733420,363779,1350344,830713,415838,3322839,1634972,65630,810294,575631,450425,2043821,932708,1404996,1970541,426774,7110100,935361,338628,879726,678217,410387,614126,168893,705202,5149237,438713,322982,335732,481966,587921,433512,468612,121171,384085,2089715,703978,862274,833513,3981307,2627098,799681,1293785,180787,830189,154328,700179,237327,213964,414264,1549537,116752,2412377,458491,669116,1417538,2872966,360242,102385,447506,583295,437632,926168,746468,535022,475361,302024,454741,1449236,43601,792136,304229,70490,1011683,81672,1137142,386338,291816,101137,122761,656950,248879,668437,1272978,287965,647053,615875,561418,235803,1657242,616123,1738081,1185991,9384999,669130,112549,405539,2206813,744289,1057911,316726,424131,497333,956347,379977,2304883,404722,652126,1112513,1761257,150021,906488,794771,452074,2481817,415028,378723,112410,41518,243115,111701,107520,188893,1985705,1865238,2593288,2024591,2606121,141567,1001700,232278,3065818,4478731,9160598,1078141,85045,1932157,270651,1933570,1721551,629620,2642638,2620783,418846,237622,968034,1224369,87916,644087,2191470,882484,856475,1017339,7245,1459429,1048705,2243413,1152368,1540483,1100272,649212,624165,328783,2899989,120198,1064245,222515,971395
2024-12-07 12:05:00,2736187,1166154,949834,193299,432873,1948759,3646944,1773606,5491095,671905,1490303,751225,2426830,257088,861197,1056128,1559878,202816,2155651,902794,880063,296072,425976,1131532,1093416,158455,1440232,3427362,914142,1844152,288804,302436,199084,2917177,6841455,734390,568591,2130707,1560856,2061600,972741,3756531,53500,164731,272880,389365,324202,1613199,440255,760669,401227,1447030,814277,297499,3250823,2054141,51653,688504,413449,783041,2397908,892255,1177357,1310655,415748,6780988,686641,611210,915596,1358112,300478,671359,110706,258957,4741576,303825,222898,230867,470036,348616,396240,358159,76407,306936,1371581,284868,1005539,979218,3184272,2003992,1072148,701013,425899,1308520,384650,1512877,213198,165908,517724,1356114,158445,2523449,345607,489774,1344491,2525968,492660,249926,501322,669010,454712,513454,974063,454113,459668,159179,574362,922623,57470,806563,250946,906295,313034,64415,1185531,424776,273014,116528,150011,1105176,268739,954678,938596,210586,477407,886825,768992,974786,1325538,513693,1333979,1104002,10186812,643372,93968,333850,1071759,439162,349929,729766,82017,512142,675715,299042,2406885,508213,394935,671662,1817239,362196,956054,1071881,452009,1886328,413602,299517,44997,40318,347036,155769,110345,204478,1574104,1624864,3787554,1911891,1953687,118821,666938,216357,2966795,4488242,9929882,935367,175666,2355547,223658,1921261,2927009,841327,2491757,2374433,171490,459763,815884,453487,68749,434867,3335628,795492,1016234,620457,17038,2318790,1060616,2226041,750961,1372373,1114699,565906,857305,265413,2341609,239483,1215470,161582,848039
2024-12-07 12:10:00,1673224,679465,1389829,420934,260231,1516362,3660006,1668964,5178758,506688,1175253,787143,1586857,436426,302345,722878,1561660,241051,1664245,549994,555464,451717,691992,975619,1087365,241320,1405304,4095425,1186228,1335654,155600,340003,1017232,837712,6324545,765586,825521,2524666,1435075,2090045,1355013,4261002,62119,162250,140014,445663,286285,1165093,923533,707789,641932,1309815,859853,1004273,3809168,1477665,57646,744916,652470,278728,1847846,928460,1644274,1407201,469399,6978256,570298,473780,1305768,1250803,411066,806719,100934,343123,4638644,275841,223138,246144,579402,870603,661826,443908,79585,376951,1249556,726264,1067371,1027968,2882606,2975861,524454,698960,508911,1390234,212781,1918929,196687,225403,586913,1038118,253173,2266371,292176,482996,830689,2394149,545597,145264,270866,649525,1237525,697339,617947,891488,548898,298693,281765,490584,49468,410391,420125,69349,420406,34097,1647266,594614,239872,299569,201150,577217,258670,442211,820334,299840,349074,940176,467878,523483,865880,544870,1551254,869395,10222907,1011626,80193,484870,841377,224753,545062,726033,129513,254481,815434,382888,2857340,1020338,527354,1138353,2192665,234696,972186,845362,608214,1721424,509217,337626,85752,233633,254620,498270,74953,240697,946105,1451110,3007799,1280170,2020826,111285,539077,208888,2360608,4905841,8770657,710454,179815,2815301,379396,1773265,2287455,577698,2617750,782101,217036,422747,920959,305109,41005,356872,2107136,955915,793938,639612,38528,1739300,1066322,1839184,777433,1510040,1013014,1006910,755923,570444,2454905,161782,1122696,359571,631395
2024-12-07 12:15:00,1375064,762614,1855890,382676,357947,1636280,2863873,1470055,5413067,947738,1376904,748422,1551161,257140,349607,1355112,2021639,258242,1804274,378611,457803,814162,276042,2559090,1087288,900836,1784388,3166652,1059333,1547974,94866,666228,994087,303670,6296737,706117,1208972,2679201,1043332,2091498,2658842,3761251,121146,158863,201190,733211,216846,1371063,868824,900057,191243,1229031,693040,1171069,2093170,3365718,49103,883209,287176,271110,1329154,959842,870030,1447507,2111713,7299619,463788,869438,735036,565410,249001,838733,119191,444804,4613077,203474,184834,185166,430237,480127,754651,554674,85823,248356,1283012,557389,869570,1265361,2093959,1500644,504878,942454,364411,1579255,172728,555038,245912,297191,887689,840762,858338,2104332,449810,987746,1182324,2655331,627985,120342,443090,565109,987012,424119,546493,402734,348148,366912,284094,2125274,37894,627575,942022,89993,503041,45146,754855,1066646,375621,157449,129150,559034,277591,402201,777109,235193,1138941,948625,466850,406294,949500,393142,1274338,1004905,10465578,1078398,183185,353734,1469941,370756,702135,331907,183661,334491,1063044,209491,2334058,1890164,1254524,1272712,2358740,241854,1313484,974243,784072,1601551,624510,278186,67501,33194,223804,255491,103794,254712,1008189,1650573,2797832,1254373,1823259,169080,726000,185540,3243793,4771788,9401899,482577,94933,2923797,355404,1744636,4298410,1172946,2854971,699850,233325,459336,985657,429098,50818,377968,2368630,774589,1098956,613475,28128,2185470,1511733,1966608,702421,1532525,768700,733120,540511,480901,2004447,177854,1267313,358196,526778
2024-12-07 12:20:00,1209232,543637,939824,507235,781356,1245266,2812660,938740,4224136,568845,1831151,1182227,1323761,287223,408847,996198,1380325,402902,2167644,357395,447299,506848,869442,2695747,1085578,733032,2194013,2512548,926550,1589776,97305,385757,650981,1351412,7064525,549376,1216149,2488506,787769,1783851,1086263,3138523,76679,180382,604419,663797,335679,2060374,650249,750399,256684,3747015,685958,969570,3799702,2807671,49368,478962,252197,251203,1004279,802714,1303948,1248807,550238,7358323,692881,590345,565515,467230,254616,760531,183068,318616,4679852,184589,169591,399543,350175,167790,657955,439501,334461,364279,945530,363662,623404,989726,2396181,2456633,950244,1146454,336691,1431796,239322,719279,233387,146125,944867,2060480,778224,2323142,331511,675566,1189115,2793242,1151057,146923,482782,754225,1162886,419371,633892,552882,462109,448712,258686,953872,21503,584268,227889,90261,475180,35546,905148,1094347,495980,189433,151997,705020,260312,492879,621663,713068,721778,599691,617188,507453,545717,456225,1090023,955858,9873352,1135359,223844,316334,1310504,772287,774839,690369,226352,331520,1104086,312805,2157087,578981,741124,1368778,2744652,158812,1222518,915685,432929,1012025,558686,203734,24956,17516,353261,371036,161503,219978,809710,2729199,2250976,1057460,2650707,116708,751007,254774,3159650,4536425,10646332,549047,86722,2145525,242026,2019523,1760165,701898,2373940,628534,151399,211701,998744,194804,49525,362337,2258891,1017243,1053048,1188561,16142,1773662,2194209,1716608,1269540,1461915,429998,785360,376509,392754,2437196,242279,1120701,290480,1094290
2024-12-07 12:25:00,1312545,1267266,755251,337135,570960,1412245,2424399,1690300,4242449,439973,1342642,690459,910576,337173,526553,1247052,1154081,326123,2337269,394566,887395,346830,1903090,3044011,967847,339258,2101584,2309681,1067864,1989527,255892,325363,631203,1924429,6567629,495259,1046721,2265765,1174428,2059552,1230156,3175987,127885,175649,822813,589301,406118,1082983,598852,972914,474745,1650201,549513,636674,2151181,4854229,71748,444158,359816,269268,1273298,910314,1219104,1071721,482538,7448087,719782,411345,830330,199014,285635,756957,148889,305675,4808232,229855,201460,195638,379163,105716,566769,391937,139303,483102,971378,299519,1495895,1556916,2449889,2029647,1233427,1123933,333735,896419,116465,927912,193094,182138,707240,1391439,130179,2744723,603399,996749,1096368,2719527,272674,123849,502772,520948,1175382,514157,533512,454556,446910,560455,208483,723320,26569,758471,486000,37472,285323,40837,1241452,542244,284539,78853,121142,559215,274407,371694,1118430,754348,569148,545166,444195,388492,572237,497766,928298,865649,10742286,970279,174998,587148,1503498,627639,675453,374572,60041,370770,760823,318590,1772318,556326,992946,895187,2111129,137519,1002493,901492,859814,968897,425663,305066,92050,7263,217791,663012,159830,247572,676808,2255960,4393950,1525783,2881923,144517,509909,145833,2388985,5022855,9538176,762295,673339,1180658,635815,1856582,1766167,629288,1539527,751312,232139,599018,795878,673008,65432,367716,2368204,1190915,707932,978759,9295,1275775,2589711,1292618,1741196,1409685,392714,608139,551367,532346,2864625,266046,1248124,234664,408237
2024-12-07 12:30:00,1475413,489376,447577,352921,217349,988836,1591555,875263,4866786,767479,874704,585257,997062,296637,546905,1129974,873384,206559,2328720,581334,768346,790771,407102,2938142,1365863,172693,2624455,2669963,1564592,2013182,201996,346693,361597,523510,6889631,357377,1024632,2064636,1211301,2174571,940272,2303514,148160,192077,674943,568378,302795,1024411,504373,818252,578366,1887870,595212,469609,2451077,4055825,84478,536542,357241,200279,1022313,1361790,2079683,574987,850210,7381312,321469,427436,1030696,328017,282869,557257,253007,209703,5159314,212818,244903,157336,581239,234540,576629,279002,114051,508357,926389,315109,888835,994077,2156164,3409993,371813,399941,325102,606944,139669,980567,203335,185676,538316,939835,150550,2981778,706497,451742,659772,3348070,295967,185624,267102,395535,645593,498864,602724,654917,274517,488229,223705,1233061,35328,1428120,166950,108233,422511,40170,1291519,330243,528094,132556,162067,559503,281738,464139,1521603,457438,515310,401946,1050185,279311,572389,670064,1469956,853408,11283022,1013758,266238,504604,931228,389574,294939,447875,279322,510214,751028,207316,2135692,737834,656231,892815,1804787,161905,1141511,1041074,424554,680933,498708,306821,31368,22271,312737,559076,143335,233749,1219725,2260120,3043228,1617196,2967451,194133,457478,210536,2225911,5123122,10251037,725063,761643,1497856,584422,2473091,1991687,778313,1645773,1021139,189504,308719,892882,471094,50642,342143,2380429,962107,902699,558270,34456,1329153,3751982,1278716,837483,1541443,302612,670364,435629,345975,2665965,311975,1636301,264500,456709
2024-12-07 12:35:00,1072242,421419,551682,340412,217127,1208234,1966235,876007,4528127,726901,1107608,835570,903442,194670,691747,1367526,1217794,252108,2593047,600229,370915,752346,524044,2001885,1747077,148982,2887848,2343259,2408848,1843482,189619,250188,729161,659118,6396798,710964,640379,1580160,805053,2232453,1387957,2847553,404828,161993,408752,942919,308421,1009464,531707,708068,514378,930324,757791,420576,3672750,1796218,32752,508118,653011,189300,1271954,1595180,2026249,593505,881553,7118491,522931,492168,909617,1058819,509929,382702,228035,460436,5269788,231419,232311,382920,779567,186134,466806,420245,126022,729078,1212384,185160,678831,963127,2206421,2232849,464447,501740,406471,629661,203320,1392452,251240,390668,382663,953494,109766,2412812,1104341,550856,693030,3435933,294241,126028,286321,539473,634914,1044701,573394,861971,399976,275668,182957,1266474,67114,644880,225646,56689,312616,42482,2874886,657112,587643,120749,152789,635022,224764,421108,1131100,355965,521368,730339,350647,306494,608834,399271,2287022,742761,10517422,1295927,202193,603323,1045839,328681,263605,139413,161186,551404,697274,286092,2147867,1252382,634382,875044,2100598,194432,955649,835599,493806,593561,622825,244366,69056,20713,227785,132235,97691,188667,1030964,1848195,2512027,1439737,2726740,160028,471558,194185,2334973,4817651,9903326,742668,1034682,1388385,301098,2629126,2214199,811653,2383761,1225010,332626,481912,1151377,265232,16399,368134,3002764,1045932,1767747,834647,16284,1064199,2847125,1330771,786760,2328927,472144,846719,494874,428465,2454174,685568,1930044,222985,757294
2024-12-07 12:40:00,1751553,510768,722314,276302,535248,934077,2480233,786445,4970658,2079270,1030730,547677,920852,552415,527603,1301172,1301308,177300,2374960,239226,363629,477742,645721,1565783,872200,268524,1857777,2076729,961700,1510957,157260,348865,547554,552854,6249780,644163,2031039,1465460,940131,2362973,2273897,1472080,226075,164891,208887,326028,318073,809927,477047,821627,414489,1378423,639613,819734,4544683,1172834,48456,1023029,296407,260068,1633243,764130,1380465,413653,1553818,7558745,519060,332642,830019,467264,604399,269273,79331,396079,5578123,165212,169905,257519,501286,130592,552806,327746,126637,230563,1337895,227411,538369,1696380,2329569,2673660,819297,1592655,172635,947919,163262,577694,358855,446106,236246,889361,91453,2653885,598804,757596,550871,1587639,456797,175588,294199,416965,347272,599313,1976593,1191226,272243,437624,152314,1268178,40456,401278,636320,88843,182451,70280,922894,507684,239746,99420,121689,546721,229988,810181,839220,636320,492299,626870,504043,2582796,554741,388720,3257471,1143625,10255460,1176089,218657,342459,1189466,345117,523369,173251,58412,239028,1227330,215127,1894732,784923,531600,585154,1567294,159306,1170224,954798,499654,784034,513127,197993,31774,36183,251618,391657,85952,150014,1350853,1907242,2065972,1008791,2616105,82456,601855,237606,1746686,3919975,8355148,1200851,696291,1232655,360817,1814209,1846188,941640,1796827,1168585,366510,270915,845854,391842,26851,479372,2224381,1925129,865272,691558,10459,989461,5184493,1302026,685553,1249267,459522,491797,706434,372365,2868349,224019,2340735,567373,812184
2024-12-07 12:45:00,1491971,532900,773195,237303,857172,1211256,2355275,958461,4354956,429542,1841037,465339,1788866,304691,616904,1231589,1616814,204332,1976743,426137,267298,450636,373157,1513498,164539,195413,1194794,2185859,827169,1636661,232204,330030,468538,461219,6184391,794647,627920,1432437,1185060,3102400,1867808,1280613,467642,157253,288489,622185,363572,1680968,773792,961803,1072382,1907436,1421043,529969,4044389,1957988,40091,1292357,384791,351955,927612,613451,1114575,638148,500526,7357207,354469,360548,803957,277866,811949,390732,166790,316699,5316986,197549,178789,302080,588328,189711,451955,312131,90627,240698,1033972,269917,589687,1179976,1559697,3098303,408681,1238561,182728,1150277,139613,580682,161989,200849,349595,955151,155198,2607713,452249,808067,428436,3099607,310550,173711,546416,233829,571696,516861,582871,916254,283951,139766,115298,903687,14096,265122,184970,110444,293163,56316,872833,605270,169476,139629,136699,712506,176601,624543,803914,648600,325587,619407,379088,333035,559833,805597,1116180,860172,10433878,1109805,645317,347497,1419037,478661,271647,125548,187717,315700,634644,308104,1934364,916047,437656,837601,1885988,137475,977684,913285,607971,886815,497874,224189,53948,24324,303562,181924,87592,140951,2198240,1916655,1684221,1440292,2482562,134250,559430,125460,1797665,4997617,8807795,2387210,722383,1519696,273313,1805885,1677030,736458,2018539,772935,387064,265646,1015879,296789,47413,427397,9082562,563138,748108,500726,27952,822264,2870850,1112362,608917,1900190,501094,317155,970348,280566,3030850,163889,2257140,237267,542457
2024-12-07 12:50:00,1617274,397262,917387,390451,209060,1569174,2551356,1146718,4622059,378007,1817454,754764,3111892,384407,495901,1116239,1223008,165268,2068990,645119,278941,268368,197620,1234232,180719,538465,1944174,1822527,1123972,1787129,191612,423938,557335,551675,6505435,1146521,754596,1771864,988694,2802318,2464730,1822943,317373,189131,551481,615412,348704,928671,587137,776817,219473,1552365,404118,483480,4054088,1564179,75257,1113497,291610,255488,1424039,1321126,1007923,568946,1194232,6823346,345554,422965,668643,287857,736154,293337,66669,384350,5284779,327737,268838,290240,999895,188442,749927,236929,98603,496373,808209,209263,550954,834122,2409887,2971028,542439,1364886,205758,1011734,132316,690454,210219,231874,607660,2947311,70935,2317085,354850,520534,665879,2237386,225866,239847,322097,425029,402124,232972,637571,979487,383875,149587,130294,943288,15823,596348,146841,46267,283521,67796,568712,545840,144859,122086,107108,654841,665005,312714,979389,628483,882684,592487,486132,349979,373549,1142499,1365262,780306,10099227,803640,216186,359963,1074296,328452,211222,315463,346699,474328,683645,296186,2087558,603172,216184,718705,1719971,217808,1187445,565865,526175,874998,646713,288293,114948,18005,458651,163439,128107,207652,1769343,1992032,1342750,1145300,2636656,167609,487755,122841,2050659,5049385,8881822,1609928,735757,1902397,273435,1978270,2053251,1000113,1743961,589543,181577,258299,1125158,333617,74349,645270,2442162,530310,881016,469985,40961,1215351,1584605,1206498,614455,2569072,382212,792459,527679,315749,2884796,520374,1826589,290011,461926
2024-12-07 12:55:00,2032437,567541,714803,289735,256662,1059058,3417515,933674,3846381,367493,1281527,498734,1846374,274425,297430,1519743,872543,339575,1949398,364581,319480,268272,200917,838932,187994,487086,2759808,2085713,584748,2170664,477878,352170,442010,593576,6913904,669538,1998856,1654927,819996,2104649,1140156,1412829,131330,153444,237089,572794,240474,875887,511630,827521,395647,1293745,839074,407886,3976357,2574766,40134,1147084,224345,310207,1791090,908549,994752,411453,783133,7310062,425224,374279,683275,216486,532023,334141,95939,238604,5461051,201098,234920,350495,478991,470146,592006,851904,69282,700448,1092684,272117,604431,935566,2329032,3080492,724335,656797,219087,793308,153506,896747,266900,177447,559282,4425795,129193,2330039,422530,885200,1543063,2051754,815699,150735,233664,447670,454383,207421,444858,1081517,260046,358150,176758,844103,50109,595855,112882,56275,295708,64319,638838,881570,247434,129975,180098,869971,213586,556640,1846150,510317,525102,572834,424018,315539,651890,1961947,953066,752391,10170408,990431,240164,371857,1325006,570565,406070,182195,184170,234827,642951,285463,1831172,1397049,380767,1252301,1169358,163185,1115676,676127,484426,943635,415659,342868,78997,11936,163852,143782,125763,344777,847612,1521009,1196997,1334461,5916276,111056,569310,204769,2366762,4592552,9202157,1479478,1522153,1997281,182116,1461141,1796754,814240,1984298,678282,162147,166821,903930,237518,83685,710008,2030985,499504,770452,584906,37313,1507248,758985,1265565,838056,1664009,374420,448486,486674,195748,3250859,216943,2046586,219486,437233
2024-12-07 13:00:00,846385,651031,1136755,307994,168277,1262122,2097119,779523,3939584,493985,1373538,443599,1159632,704689,404897,1467918,1363970,286774,2118523,317046,391581,632630,309224,1034308,71954,340340,2254471,3422355,635479,2100610,209453,325566,1033047,677686,6291522,326215,900458,1412413,801416,1892214,1620221,1399611,110952,147727,210143,652532,203955,621638,723363,948261,196445,2375670,457208,484006,3328395,1362031,21147,1014172,235669,300342,1758893,600791,820261,667056,666438,6968269,387169,467137,697270,225240,460029,611877,49293,535529,5505943,166500,223490,429898,1210628,569788,518173,271428,156713,453710,721915,206799,541246,1305639,3172987,3005592,525633,2219537,171074,625633,197021,778363,131755,231564,522205,1712115,604205,2608112,573429,955501,1541948,1619684,373953,113686,303384,782077,495341,251031,493691,899103,325456,274803,89310,1406688,21646,1596378,112701,51540,365765,88718,795779,1031367,183013,222408,115950,531316,260161,374410,2019486,298161,330472,691042,600465,424830,448844,300532,1005370,956249,10521023,653326,226834,435625,1065836,522764,329118,160218,239330,223823,816070,510778,1077483,817398,503052,1299298,1394117,198143,806801,958469,579051,969938,484688,603623,100924,46766,194972,122824,117260,611237,1021490,1900080,1701526,2142774,2989970,135726,435092,787379,1954666,4582075,8492217,1480868,1533434,1853112,228548,1418391,2086659,1028069,2332973,584232,196890,181555,1234400,520062,50853,684750,2094538,527615,786005,607092,23172,1405804,733193,1313639,457568,1880244,460081,684930,514925,562381,2459821,264655,2163916,395473,537746
2024-12-07 13:05:00,1158005,856379,539497,396693,323107,1520866,2176811,1054803,3368814,345975,1427472,931201,1011618,806987,804353,811552,1201073,195913,3478879,328292,471606,376907,488040,1095363,170836,830006,1430816,3276292,715786,2639888,360787,258576,787724,1207426,6441346,285685,576265,1458798,1206866,1089649,1041903,971437,41071,128264,302170,352887,251261,643962,673132,1471257,249521,1190406,502187,519086,4067763,1341683,19121,917732,284260,784164,2091742,1009626,945712,3579004,703417,6752527,280815,919869,1217158,212745,655220,570582,93859,155245,5258612,547898,146854,666347,420937,695566,1035369,766560,160712,328812,787771,219595,766845,918328,2453640,2158744,422298,2019025,166165,501557,191850,1039864,291981,156657,650536,2457087,1191976,3702632,430241,738503,1098348,2093631,403036,163900,336516,357705,273616,575057,602330,1117690,307199,132715,96769,2477427,19616,920813,176729,107010,254921,77220,1209868,902425,101944,152768,131730,584496,278840,450339,2150207,370564,812485,772623,630219,333882,1344904,450848,1120717,654047,10678767,834534,204195,483824,643495,276986,203662,150687,257520,192352,701913,520945,1469498,1027788,382418,2086192,1198868,164314,884152,546988,624029,1349152,465221,319662,69726,55308,218185,300799,116750,596879,879095,1700034,1788070,1109533,2620447,167951,732889,507452,2344899,4474423,9240303,4036177,1396998,1954181,615088,1828251,3952794,1220890,1600616,772716,163975,271622,1276925,952493,62878,294410,2102300,481946,880498,584240,75135,1326797,924029,1159530,520829,1860888,415785,688111,507966,870748,2620652,124965,1686869,935477,701538
2024-12-07 13:10:00,2654496,883041,870036,509835,207974,1947085,2094305,681970,3629270,554959,1224809,906224,937490,588642,500045,864872,1116262,199114,2981127,267928,597876,283507,288196,941205,151204,297478,1003118,2623605,570614,1864542,171491,366268,730406,553820,6080561,848076,516890,1788228,868054,1153537,1488853,1207971,42084,191443,360607,368032,285022,1162171,708640,1303953,196012,1209278,466748,547675,3215202,2566469,16943,592488,853663,920837,3726903,715867,1067855,2775989,536657,7283837,506718,524015,825469,237463,740397,720068,163526,331552,4466878,839415,165021,489667,763764,485068,1225294,346077,137648,347836,906044,312952,438190,1710836,3007846,2930521,498930,4307412,190705,747125,257306,772326,125328,482423,414547,2932641,1394255,2269344,338426,801043,786687,2346009,881593,115486,516031,626908,290183,343362,2098617,1022444,200276,283452,139692,773147,44384,1357978,118165,175021,396544,95039,854680,991799,213407,177601,109782,497559,509053,701069,2314837,916518,1444471,1286033,575314,522318,667283,445931,935586,883432,10352426,492263,250283,369268,1059148,328821,340041,147770,207442,275282,798645,612518,969671,1665831,470458,1689463,947271,253552,622624,902928,947908,1006681,388670,201956,71437,20037,223228,303888,304141,839553,985006,1971706,1536203,713270,2609355,169676,785681,250657,1680045,4657562,8942112,1366688,912789,1824222,1003739,2269416,1916505,1108045,1772517,874835,151859,427086,1105147,519048,51714,351480,2508386,487497,1727788,674050,25485,1707184,1273348,1733203,657036,1424530,388137,423473,651869,1036961,2341225,188890,2009714,650002,414760
2024-12-07 13:15:00,1668258,1031292,1093075,422651,173062,845969,1930024,1130608,3484960,1131584,1066567,1068949,1203552,419170,321397,1065073,1379048,180102,2983719,368809,634462,465027,195037,680899,128928,244395,1405420,2994789,516479,1837943,125573,987572,545235,1553684,6262301,724110,594962,1270175,869580,2273951,1229560,1199225,49591,88225,229724,410180,172178,1077330,415684,865508,166829,1026846,432862,402853,3410458,3506484,6312,1028266,502268,559964,1210063,866784,2281585,705646,751091,6861385,630188,257307,631163,181236,947034,550853,94017,750897,4391730,694070,239718,347452,1281354,623584,727563,332586,122284,243678,1049942,283199,824708,788775,2798964,3015993,506996,4656793,219514,1163315,876850,961894,172063,432814,456325,1671564,984850,2164049,470441,663586,673258,2222648,718653,74461,312105,421344,362695,409256,1837785,985149,443364,174012,80553,1413137,17023,1352214,124241,41057,244312,62863,1339038,800499,148007,252277,87373,1002695,216817,574110,2019698,458826,549507,1359187,335634,857912,1063343,362403,1165221,699059,10172316,407965,145501,472493,1225254,433484,742625,314450,135722,188425,484263,493384,1136817,545983,404689,1314077,1021450,187953,1038938,477394,540097,756649,527572,380123,60158,27301,310110,90620,136861,552641,1072555,1823614,1900523,898265,3839222,115041,517020,201158,1409132,4849487,8128316,696310,2708339,1101142,751993,2201250,2710295,1375543,2118204,1001065,120105,1238917,1386517,263129,48213,264491,2418779,563004,2094978,988683,55589,2415383,1039620,1069351,913467,1911193,322404,475224,596337,838527,2267414,358890,1886811,563883,602235
2024-12-07 13:20:00,1522873,993034,1021589,411055,183812,864375,1920586,1227505,3771908,918381,1222884,1271904,858094,344917,329068,1370427,2193640,260986,6831618,264524,708444,275868,225417,812809,140718,205591,965435,2055969,1337504,1997287,239155,972302,636724,1277485,6459205,428253,561777,1696205,1233907,2543295,990299,1331161,46760,104468,180080,435627,210365,980682,403414,794277,165490,1309272,427296,507406,4627651,1587239,32349,1322088,360603,589975,1037476,959219,861706,695630,615608,7092996,873742,472235,802398,197917,706744,483263,192284,103646,5390680,542008,251179,602831,1151524,485998,442654,375004,108870,260247,1186254,206707,583087,3986147,3194717,2435792,377417,3550087,230132,7725528,1160734,806738,175634,263603,363348,1642220,729309,2504201,529631,392013,697992,2768276,990866,65064,367840,430781,227822,569660,1005945,661123,313579,242894,115361,1690383,37280,2172006,285558,64055,148025,93855,1407140,776401,177273,256491,142703,912276,208715,513729,2609595,408471,475946,579960,278646,534970,539439,481389,1111666,1398902,10761471,1075894,199381,413791,1060906,241373,1171068,395873,148059,568152,572784,409910,1545770,608611,716649,1164529,1085656,187229,775675,684796,746633,1111863,498648,736936,71099,33283,618177,115320,76287,306093,1052040,1600668,1513727,696870,3373620,129761,360768,267360,1585951,4493920,8456782,659421,1285693,1471400,697044,2199914,2485294,1629128,1497552,1467289,398885,316521,932530,500754,58509,636213,1705543,731072,984124,805053,9974,3218210,1283679,1541752,635312,1693607,390995,547244,583394,427986,2533862,326962,1837421,304772,987352
2024-12-07 13:25:00,1815513,812137,1531996,400289,211963,789930,1702133,626412,3333343,986722,1589197,868393,917387,502321,1174548,1118117,1663397,272922,1916452,433488,316227,218368,177598,690377,291946,218201,1561407,2604760,1229610,1290098,159559,1005434,507935,1216033,6397066,260032,469055,1256703,1116790,1519342,1251162,1052903,58499,127213,204115,307610,164334,954619,632276,1065271,693556,1507061,408298,2162518,4524254,1339668,34549,1324175,690059,923582,978684,1105987,2084283,411353,506968,6944178,536812,263876,800021,246088,436926,350482,93454,152429,5232092,599484,121736,465505,1198408,456466,361689,315203,776340,318132,830430,337273,682413,1316503,2715594,2634050,505750,5776526,219582,1147951,196514,686969,186797,330455,370319,1556667,1155973,3134045,442516,532057,962301,2367960,441557,135178,304208,560228,550886,333434,1394922,825597,394843,130725,308539,502746,27656,1045893,126448,70478,146774,48825,606409,584097,230481,199481,154956,672195,249725,424223,959321,422548,509645,778566,348101,739015,933147,1579603,1757994,1272617,10687798,613265,161528,567193,1170786,862665,701778,411902,97692,133752,537599,582446,1448433,580876,589363,1396951,1271306,344131,970771,882043,488787,1146849,494252,385310,63861,24145,238154,103749,94324,163734,890928,1309920,2443494,662401,3865668,166930,390660,184098,1385290,3779819,9055691,829054,1312611,1450911,207201,1699551,2543419,840237,1586200,1140166,573475,821098,830774,577469,27923,455157,2752242,592494,1537818,973465,17828,1547843,1222291,1799945,590326,1334581,388817,471147,360394,351603,1971394,293497,2969543,293603,482057
2024-12-07 13:30:00,1233354,582757,445288,544946,363396,1288492,1466819,1501876,3789321,1213571,1657649,1408831,878926,843543,1565006,1014889,1268617,274962,2373874,253470,421658,418293,536764,1281365,281880,1271005,1927938,2873119,979734,933342,216219,957302,456497,1030557,5422155,354773,505733,1621178,1045399,1971567,1086044,2803778,77121,94257,162417,547084,189972,1178892,653255,1144158,491648,1717687,650625,877594,4027964,1498727,111197,691898,702103,798235,1375890,1001378,1156740,389347,735167,6826553,632160,454353,1006235,282074,339990,530413,170383,170554,4286501,522493,113127,322833,2186519,496003,413711,515899,778336,406232,1512229,319084,810492,781427,2895582,6658938,308064,6303346,1021949,1171314,249709,561111,281483,405059,1052133,1765287,681472,3238116,1433604,788900,1405309,1751894,382121,151221,388588,324649,351046,352464,616706,700591,273636,235386,275430,704320,23978,1097125,142096,81521,208898,48523,857398,743201,229878,217020,77815,1212704,465868,395813,928839,434510,559174,590600,471299,369602,456516,430380,2219715,744572,11350678,441847,180589,819478,1095746,867125,618910,195045,299436,377455,526156,266121,1687213,847642,510967,1131755,1408871,131326,751236,481226,539524,864063,425812,417422,34421,149650,414935,118552,152074,206376,861089,1314335,2285778,915739,3842476,114156,570017,202507,1140175,5699419,9050718,735322,1167259,1173378,224751,1695609,2340071,899196,1409095,712412,461944,629014,1027578,374181,32471,419601,1233284,490102,1508598,685888,15933,1390701,946655,1055921,622160,1223525,390989,484656,347560,544361,2159016,205536,2275560,822890,676967
2024-12-07 13:35:00,1311935,905992,545234,339198,260370,1001880,1780393,986977,3297679,954258,1671124,1565964,781627,967333,1546886,365917,1523396,622723,2457561,417261,464398,1078880,831596,995499,563247,1529049,1789297,2300024,1371487,891590,159949,652736,641241,1039252,5933081,228931,657704,1166251,838194,2056876,1622387,1845063,239771,189734,199750,468136,209046,1578443,978813,1344814,347933,1197325,792625,817392,2902295,3157261,27652,571470,220842,854230,1606338,941198,1772131,388482,4870434,7156371,495216,402867,995885,537661,298501,584104,86406,295400,4925293,688913,170218,181969,410750,459785,428658,768626,2658643,438753,1045389,259541,822608,1345248,3518676,4558593,415713,795693,263543,1452116,123129,750551,279082,548150,520316,1691108,368507,2824919,1499794,637868,863096,1927760,416926,144730,347302,245507,248799,559108,658984,1123664,434191,137413,519353,1323759,23499,1131086,120188,89282,192765,75218,1128545,452433,264410,98548,66431,1107115,387566,596077,1348474,434426,460539,877372,395719,434679,1294305,362837,2335545,732186,10902235,635991,82194,487875,1366018,489947,1166152,315616,145129,149946,863324,379460,1633957,668896,745185,1332380,1330456,205262,917122,721734,521723,663140,1022841,436653,44221,41425,381121,145233,93774,196523,937369,1335247,1602255,629110,4532233,123746,663477,305508,1197978,3193024,8485916,1067812,1154951,2254453,222342,2204057,1860378,1043475,1354426,558217,361269,237018,1325189,410529,38233,339898,1326373,473757,1737700,844900,15997,2378308,674718,1197834,907891,1329956,498174,551310,500871,272112,2237884,213011,2229674,212728,1237909
2024-12-07 13:40:00,1317365,563436,411202,539509,228032,1030904,1942967,923705,3372727,955501,1053465,1331631,902138,891629,1034509,231355,1351828,546086,1874782,496848,277591,814515,858397,1149238,243894,232262,2265112,1601606,1205262,874137,224992,1448001,3013615,1074861,5981377,723658,646120,1783823,846464,2300527,2230532,1065340,248237,218851,188308,251940,195447,877655,623213,837468,236598,1202333,399817,1013904,5348820,2023133,45836,832471,273926,280155,1163415,1787482,1214606,631917,759859,6807000,451985,298567,891607,550853,611776,808476,106983,153265,4784575,681642,202079,247654,447251,387413,498982,384446,345547,213617,1292387,360436,1035997,1300269,2996215,4824615,851669,550010,347468,1431106,426968,952626,184550,583370,719161,2734654,203322,2748509,410059,633542,1725273,2822720,904885,128775,282952,369652,310253,397968,647541,613019,352141,455864,346873,1261226,22934,426409,355254,102043,173624,70351,933709,401955,261932,162348,89777,870723,443796,546639,1181550,434533,346451,1417210,681780,411418,593392,354713,1285327,830170,10283697,381366,76110,343353,1128011,314057,725246,198442,180048,142298,491498,388273,1146115,846787,787293,945506,886852,130977,964501,913314,535030,967335,1337420,273432,43653,33102,333147,479098,131658,302880,1046520,1236854,1700638,919108,3226284,609472,350591,595912,1836778,2648081,8424585,763149,1091829,2322044,294848,2172248,1614879,1031877,1887569,710270,224903,310245,1115808,588727,56126,1027705,1926841,833826,2248724,712536,15365,1446783,804705,1770016,777693,1249706,523548,666579,504362,832709,2178971,286567,1988636,350247,1215645
2024-12-07 13:45:00,907703,504152,416314,457770,387789,868092,1832195,2458339,2716366,1483230,1111770,706704,1183598,856260,779038,637939,1308809,245538,2027366,728848,410661,957664,746035,945644,838606,839244,2797414,1982223,1290997,1269381,403233,473199,753929,2075188,6936919,943506,1075065,1807211,990375,1894356,1524120,1187034,91477,338111,114322,954943,284598,1236068,587632,1891200,410103,706756,591025,1250368,2590446,2483576,20979,804988,236099,361981,959558,739966,1176492,446374,545507,6980634,403789,369163,742302,379983,719637,714072,449292,118563,4716940,417805,152496,246635,700358,322151,977600,2673476,122240,328228,1278775,179002,2066809,883086,2215763,5468739,512660,586322,311121,4005744,358323,922131,256174,1029250,566366,2254183,315387,2241692,312423,730873,971280,1774831,1345703,162026,382765,293269,278434,501815,717691,358903,383563,555108,180399,2238270,22051,1045286,183175,143852,192668,32647,857501,281923,312532,201120,184969,830447,270820,976671,2664921,505872,435041,3418840,479277,356083,951097,347485,1143433,818585,10549774,554530,112925,949966,997900,374978,724441,231160,106038,236863,549745,685851,901716,1105105,733901,1120124,1329239,165104,1235157,783680,782671,920187,538146,351707,88548,105700,285840,251383,109781,264441,2567546,2532788,1898453,1522585,3205025,125856,406670,117081,1451044,4555651,12872579,843372,1244909,1523021,212621,3169673,1891250,978197,1835282,1057990,335688,220425,1069346,652726,46578,491632,2499097,903535,2093785,840043,33985,1230654,785358,1583598,784886,2230067,615532,1068074,462758,469948,2333909,336116,1758476,1272046,569563
2024-12-07 13:50:00,1191709,426787,564411,610047,289416,970120,1378756,1467436,3192675,1021758,1002033,583262,915264,417942,1854370,454941,1188035,271361,4071769,574599,543816,688536,1103618,1748964,891051,1523171,1632906,1693608,1096806,1236512,342370,193075,1210229,1909239,5674164,226153,887893,1564652,958093,2059052,1449602,1525368,131657,846298,128964,541695,332995,1331380,505030,2607668,509869,1388295,656908,1310511,4588313,2396592,19247,668593,729662,471851,1210039,1012010,1088034,437567,833483,6720299,758800,492346,972196,386048,777229,618952,70053,121997,4545030,324789,171572,454385,1397150,776082,1905550,2722692,92298,689612,2065531,310856,1021045,944479,1642929,4345021,617865,370142,181058,995288,246484,2856431,901112,1090583,546802,1547870,184843,2527573,323750,504267,816358,1076022,689853,109191,341815,212443,400532,357342,1067433,362442,395548,612326,168920,2012444,14932,1043609,38501,66772,151736,88472,674544,460792,445144,237924,515509,812785,324054,1604229,2963429,376768,460412,1644292,522123,407360,940760,428202,1022336,550609,10249212,305553,70162,544392,938316,540830,861725,302711,172384,334555,899799,701991,1115494,916835,630381,1122452,1517445,284398,1597455,1073871,496546,1652610,603954,350465,31806,37191,211093,143458,448335,176316,935967,2715440,2400128,1576745,3418537,203272,672454,106238,2615383,4951456,8442396,1084601,983531,1771816,330703,2719324,1980095,1153752,1646949,2076974,438157,173628,1215118,690836,239758,328316,2444905,595916,1955816,922140,62581,995333,1299928,974239,841539,1713184,447532,571918,316425,432092,1997532,361538,1758863,876026,618344
2024-12-07 13:55:00,1764210,512216,414256,665856,433527,1536426,1617046,1589106,2418345,446915,1313371,715518,1152079,410968,1311736,430252,1062043,348033,3652593,571031,501858,323276,881063,3338218,459374,1303682,2420628,2881710,939069,937169,333294,334790,888662,1738683,6074637,684988,1636946,2194324,943863,1241768,1664061,1334507,59262,1284483,148966,665159,198041,2760271,459991,982941,572681,1341340,392447,1118949,4669741,1923567,19517,708155,685687,244991,1114575,630469,1282583,581697,695640,6730344,441071,528139,1027074,1273972,609663,522013,91500,196593,4703993,316804,178225,446085,1048862,174063,868865,1046627,157416,551127,981610,188088,1167222,1032894,1709842,3248508,552540,361133,458284,1381111,249147,937710,164793,715560,735829,2636841,133025,2137492,672256,1216619,702086,1329242,1095594,170745,213243,295545,395299,391061,914711,658221,490803,850688,194910,492705,28863,1086603,111144,94853,293008,32324,820365,468448,331130,434907,670925,841113,426314,417677,3952773,902073,549648,2276707,750521,380253,1395570,419494,1380529,718388,10209705,402927,100587,362739,1153984,603358,601587,347171,122204,366705,473386,793227,1690913,2007259,594762,1236413,1177732,644176,946675,702271,582641,704880,381004,327407,24384,19536,418486,194767,151762,316487,993135,1179503,3898303,1210479,3862868,241004,334090,578927,2126357,5762321,8361995,947648,937474,2405133,205860,2419555,1860786,1155087,1317152,1148358,174803,265588,1174927,292666,56417,461527,1692534,461431,1386107,649130,18967,1269784,1218031,1338007,629936,1022222,484142,447061,337702,418139,2512006,460933,2196267,1067114,907074
2024-12-07 14:00:00,1858602,491510,404241,558257,338279,1382406,1812463,1845887,2756249,872913,1262377,663608,1106716,693796,637847,414274,1022789,334987,3169480,654237,686659,299532,399762,2430923,197459,1197903,1738619,2291583,918564,1173678,587138,230046,982309,1129466,6253199,591988,1424230,1232776,813382,1280028,2367852,1665911,218100,1736573,567193,959892,236843,1223179,730556,1529184,608411,1315478,316669,864943,4051436,2129611,92154,833678,599680,273069,1226435,802341,1008868,727025,788629,6744998,513330,636647,856739,1847006,523898,823710,124553,99297,4574442,229103,372868,502618,1114495,212396,614018,383653,72301,655595,796613,152121,1473595,1817657,1702123,2702966,870777,545082,554156,719002,270404,975561,196397,1105249,862161,2077154,590448,3145573,293643,982494,711460,1779713,996766,100144,262186,405425,667526,342060,860602,288804,275879,727112,546653,428303,43772,516292,73837,290676,195294,126179,838474,614202,213350,271840,162698,592016,223556,357298,2256479,403175,612135,1980006,672156,268370,1309123,293543,2638367,666663,10588746,361457,117991,461361,1791311,613569,377846,399065,223893,390890,540823,678305,1364038,1047466,821560,1178141,1103300,221269,930867,942343,511482,1176415,686220,534086,27980,64641,212081,441712,80590,171855,1228361,1089809,2550915,732509,3659279,226603,489610,171935,1277263,4771776,8104747,856286,1333939,2643675,192111,1699208,1385700,698252,1670098,989073,223889,230950,1330603,232747,12728,428544,1798936,526769,2234551,1395739,17065,1560408,1692716,1746571,717990,1203337,375434,608855,303093,570330,2266707,473782,2476251,770856,660265
2024-12-07 14:05:00,1826730,469733,467561,748696,553968,884386,1939200,1161624,2367515,366531,2023012,790695,1699027,491735,421812,423476,1089349,398945,3416867,498484,654585,317287,402672,1038340,219396,1515228,1230880,2417601,1056008,1219318,445631,264720,800245,1573688,5679959,611713,498674,1019509,948191,1560365,1949437,1317394,93261,1354771,150216,471487,265480,1036646,353740,2483172,221527,1537111,318066,581303,4036221,1924666,10711,1348980,429092,326536,1252792,2139335,1187153,857336,783249,6960872,780483,525628,838139,1310652,883829,783550,72269,124769,5478221,183076,209472,688414,1089622,164084,533215,431712,97462,783668,973836,217750,1649063,1571815,1953963,2503575,2276203,560152,780271,858508,335895,866202,249730,1244865,657806,1705321,239101,2914499,429631,1580819,579281,1512630,267896,123476,257566,263421,219466,392488,615489,358892,644346,560188,472468,882426,29006,503145,324028,224873,180860,51361,815129,323556,200475,171399,61076,753195,372797,855841,6615558,489397,464436,7958458,448490,362362,1468886,473102,2690476,639674,10069946,537476,165386,375355,1303934,594212,456176,310496,217783,321042,637948,615331,1649698,760105,644735,1541857,950571,178157,972465,1276437,853504,956979,427199,857044,57498,43876,274525,104208,81916,186984,1203500,1107946,2796850,835019,2878732,147841,508895,182091,1878112,4413460,8170073,996519,708768,2601541,189962,1967950,1367996,868764,2060522,969343,293155,258053,1238264,443977,49190,562781,2379530,481124,2063806,1869593,23132,1241907,1087907,1664872,1012777,1035122,667692,945450,1438154,421127,2573499,260803,1899351,1566069,1226189
2024-12-07 14:10:00,1169764,405766,424912,488249,1833421,830806,2113355,1724452,2410337,572121,1847104,811681,1185779,436571,326754,452910,718203,292035,2107080,585097,694136,338350,526174,2874716,247372,987802,878237,1856536,1120682,1339492,266631,350447,840356,1602075,4262653,238604,632134,1184810,795215,2209536,2187626,2719674,128209,1065253,147477,1063196,265979,1327220,564894,1717592,198332,1602578,622285,477030,4106089,1163891,12737,1276751,566370,325551,1607952,1203005,1069731,932103,675809,7098763,710368,425691,885835,1039575,427192,791699,49058,163002,4509184,191736,241814,329787,574169,309368,614068,654049,72336,863529,755213,355587,1342627,1652078,2105191,1931568,489589,473494,384145,1105152,221767,778680,184052,1067871,666219,1884970,303603,4075442,601707,1458778,821760,1573904,306917,153063,342916,326482,258209,405996,928164,798787,744975,507496,494522,439536,49628,794035,83919,273804,246063,108226,1008685,486971,199705,162703,150909,549682,402959,571916,5914984,378387,429679,5386974,501137,1370865,4257385,324265,1032919,728236,10285589,541467,142375,336422,1536025,458571,362509,482031,191755,421699,915059,696809,1468914,703797,738694,2103222,902023,171708,1018140,735157,738257,1027830,704900,397684,53844,26253,290654,72378,86717,545414,1433494,1760196,1708948,997219,3223821,187524,335616,250236,1840907,4618778,8143064,1250737,1183962,2416661,350250,2358262,1603319,837091,2096854,1040222,442600,298656,1083812,218274,42327,572317,3380930,424125,2011052,1327411,16952,1356237,981174,1352578,591342,651414,492983,653844,695330,325096,2357722,305167,1878132,1225054,827341
2024-12-07 14:15:00,1013077,636762,380568,286768,681659,1125166,1775730,2146519,2067194,561295,2419542,901418,2509446,428077,323526,578284,1478661,336553,1553868,1057140,464807,376045,520357,2936303,375581,203775,1310554,1532738,1343611,1414222,413851,753164,826385,1147390,4593061,548647,1297501,1461007,674398,2978586,5262503,1611267,62060,851164,170724,860324,308293,1328085,556203,1029089,204457,2108355,691443,561165,4115640,1468453,31782,1960786,915967,276379,1258071,913671,1080488,1415197,959416,7262736,761934,416668,681458,870096,324613,644024,84858,192892,4261237,313705,130764,458359,412644,139699,622657,530219,109402,591510,627998,347874,1451317,1655867,1890767,1657510,470624,395845,230312,731312,217154,540462,150792,1043567,743269,1415176,169418,3112461,278951,735010,1012657,2567179,294886,162533,268525,258631,268030,220544,684970,507164,985006,256951,580894,504768,44446,287681,792402,322897,163069,259839,683451,415347,200064,145184,129906,447763,281699,326972,5880759,293096,241772,4538497,435251,1525777,598912,620364,1995646,674554,10363299,669522,185669,733406,781565,463673,330010,916157,262150,326944,552811,380446,1629004,610560,595924,1805105,637004,166048,875406,1330983,403835,1958094,252430,456095,31287,22165,256547,77482,356997,793788,1157066,1567181,1998594,742834,3433382,232971,757247,263632,1216126,4395860,8063270,738037,1083804,1985412,577972,1941325,1369994,1254684,829686,2275686,228699,216752,1150115,338862,64221,604654,2108727,375608,1504131,1132697,55449,1394023,961196,1518584,523017,898145,388630,335074,561977,399974,2336128,228652,1685350,1147022,609619
2024-12-07 14:20:00,1075423,1399386,751462,670983,995845,898049,2702926,2230482,2619626,742934,1323764,991996,1065488,660163,594393,885263,1398535,221473,1647513,697610,460703,306520,345195,2933677,483508,249011,1449829,1566376,2142037,1505331,242417,280072,1206469,720732,4430627,733200,986152,1146878,810493,4321948,3360615,1138110,192080,740766,136335,558116,174323,1538603,645660,1072369,265239,2428710,337888,471849,3825076,1264859,52813,1563559,627725,209361,2191690,777469,1146292,1298591,635880,7487384,766842,294983,662177,567689,421053,331490,38449,174888,4419884,755917,195366,320231,430675,209786,583423,386405,92703,431517,642040,464096,1278945,1698294,1637955,1677640,459112,360665,314862,731657,251361,1176481,185213,627623,589455,1921682,250293,2633557,880711,936430,1311517,2115778,292915,151277,203657,489981,239498,262619,627538,791709,422006,370241,288002,406769,66254,324463,426500,173182,537037,248442,819449,540500,164600,135932,118832,796414,257115,337535,6483513,356629,332167,2041271,489538,1686948,751237,473366,2558243,1161032,11011844,613882,108820,614596,988870,650095,253202,335670,262753,416559,535182,482254,1786832,733451,945952,2348592,1035506,624406,1206178,1086394,426344,3056063,315091,652699,326191,497629,247633,129767,134883,620920,1576742,1547662,1183785,1113992,3271251,422136,389371,196181,1677739,4469530,8354880,800728,3412048,2139789,877608,1938658,1274360,886520,1019263,3758000,291278,242158,1322863,250142,106934,569628,1759740,343631,1091544,833165,43332,1253676,954588,1231315,691841,937837,771060,4742426,619078,431930,2608468,288915,1155838,875342,1529536
2024-12-07 14:25:00,1193349,960139,304691,488946,663297,1041828,3801462,1713379,2230748,781636,2888544,876295,978028,414809,443460,835092,1604172,302211,1656123,536075,376056,229683,303584,3305949,514676,366619,1288605,5792867,1613181,1642265,203272,423969,2020533,685248,4564107,736119,730855,1034885,846038,3249657,3739645,1265721,83270,678698,242248,682300,177922,1021903,1519602,978642,427264,1160505,324116,234567,3888643,1413802,25420,1318216,211843,193795,1964620,669676,1019141,1225582,538586,7037219,490671,240809,544349,279666,359655,344955,357158,236985,4321928,518254,248260,277339,891646,156285,509334,381136,88296,513838,656657,510424,1705408,1835315,1782486,2035413,315002,430658,342536,866608,240358,1865151,182942,317014,612515,2113320,648191,2457598,423532,2143112,1635573,1947295,698864,212633,279470,450456,288558,243603,608625,988633,565487,216374,211258,471212,132387,1057748,239538,52823,557419,250410,816359,324394,122119,222180,193366,515652,344542,1331321,11587654,549394,734945,3655964,431735,1460610,753877,638265,2122923,955740,10126515,384591,255735,314960,945987,889138,391892,307123,213811,486507,630846,445494,1812229,750916,786467,2486616,1203405,610357,1171511,1302376,657163,1201034,446458,527971,82036,31625,969558,96950,112755,164219,1204208,1822232,1384552,875494,2819266,148842,516635,314737,1301887,4443956,8324280,808654,1128859,1707432,282174,2008376,3733639,852833,1684479,1063005,193496,230993,3902359,228652,77237,621622,3503401,370261,1349878,1049580,53129,1205192,1001015,2134736,583480,1041176,452502,1298729,766826,427375,6401848,209390,1281785,1229874,679201
2024-12-07 14:30:00,1205955,1100194,405905,753480,848822,1174395,3473750,1590033,2950394,582364,1788820,1102505,1019407,426852,615617,479301,1485433,302269,1179973,699017,525254,331707,282243,2356982,201145,208988,1316300,1576876,1704764,1302048,216401,440739,802082,1080092,4220269,637042,530548,1289650,872086,3763085,3389527,1094600,51683,1063443,325413,871693,164525,1341305,2460296,1785925,472326,1313463,404625,484671,4020111,1447803,108178,922618,498401,285332,2215644,723501,1181838,506690,591476,6801334,581739,334782,701507,730928,438319,249068,63576,143523,4361893,478727,251895,322942,847429,208827,741302,479620,76744,298027,870354,351572,1507288,1508414,6795812,1717016,466233,525229,431041,1860914,187916,1664167,175787,548851,341615,1296164,177899,2945826,393755,821905,1030381,2148872,629994,154023,243191,242057,353691,521286,652948,800042,529059,203406,170048,720491,36801,887302,199918,69834,234518,143023,731840,322657,177496,172215,213632,476899,909593,1222450,7777226,337903,299417,3111989,763745,1667453,777397,492874,1547480,802146,10285210,338032,105268,425035,1124700,2553546,224419,235699,172739,464484,625504,466456,1582091,677557,1048929,1863521,1074908,741432,1220985,1080964,760546,876331,437308,552351,60038,15633,287917,185369,75243,232730,743531,2071769,1640202,885746,3024796,142627,340675,225131,1739431,1169494,9079896,652364,962350,1997350,252363,1875084,1649568,898881,1661922,949159,245691,642995,1623758,303310,45142,417105,3338388,622645,1486933,1230379,72975,717305,1177939,1015654,1491406,790124,480502,1365179,900971,385004,3134880,335732,1634577,1382748,600535
2024-12-07 14:35:00,1526504,669534,341513,697464,368203,900434,3176498,1509344,2532331,476498,1019015,442404,757333,373559,642109,933799,939331,226727,1469786,419474,533790,307697,257101,1495326,253604,301906,1537333,2181860,1604259,1999848,970331,771424,810659,960742,5842818,427606,1725154,1260684,701002,2235797,2928019,949516,236415,939574,308673,475729,249892,1632217,822157,1551532,303050,1442157,371852,388370,3844204,1217681,39631,791279,362363,297107,1725266,754124,1279917,380881,846994,6408839,646246,276969,822409,280045,563942,379277,110086,290138,4389310,605395,353906,293514,924255,251184,415441,350687,119816,322866,1107113,803662,1327537,1999262,7765689,2501216,409457,721282,280490,712475,265427,1680777,281290,358415,540055,1831525,159161,2716225,462989,541244,823520,2073597,502510,124836,322481,169715,333384,678867,2091678,1074807,703527,317389,169261,513333,73048,517791,202741,65161,530045,180508,734504,390804,225424,168347,229657,711717,257172,565802,16418195,698001,364323,5286192,826245,1755696,1535194,402437,1856081,627990,10628103,434925,111723,539620,1176519,634664,1092317,372766,195150,401169,594321,443616,1665370,829202,651498,2344221,1189653,688665,882090,946048,652325,1679001,446785,431632,38861,41392,277116,163746,161698,189659,975225,1417556,2682058,1030319,3870565,162136,431655,136379,2276737,1086169,8262689,838035,953280,2405525,241286,2063191,1811069,971147,1239384,834348,205501,261192,1849430,267629,66638,383732,2296772,338178,1349408,1035021,46240,1173856,2504947,1323694,858344,999899,567734,2010047,1451544,571246,2217755,222612,993270,628753,1140787
2024-12-07 14:40:00,1132335,542821,648462,285772,412201,1266338,2795441,1508539,2121308,605693,1387616,527582,1118145,331898,632345,887727,1105354,420782,2093570,447569,637339,308769,223796,1640980,309628,254746,1152349,1589491,1544584,2375433,1716660,698590,978882,1338084,4862796,448435,953459,1163094,1664774,1961916,5014980,1251746,98422,728445,245065,1227006,97034,1566107,409995,1146671,251377,2051917,490208,378599,3702787,1933589,29476,528940,675943,344024,738790,824625,1134417,1046916,502160,6883398,529743,450214,505701,772610,583539,284685,70237,211324,4637967,884904,234431,428011,383734,450347,421829,479125,116737,375311,1037972,195157,934859,2449443,8356519,2909367,432342,743819,344568,1420985,228946,1235973,276460,240563,490320,1950742,107745,2548314,403092,465790,984598,1712472,585400,167881,353120,405520,299040,437311,908528,683996,688052,108496,394209,393537,58809,254215,253332,83830,406952,81135,954704,675175,249557,138414,340677,584395,368925,451606,13469116,384465,317723,2448384,902148,1541648,1892041,511754,1003191,495545,10716551,451721,189779,620708,1207336,511438,900309,459734,212440,364502,627445,585699,1673843,795365,654193,1318349,1185841,667958,783141,985263,505404,1193244,536868,452487,21462,44014,202532,592024,461069,220694,956469,1260236,3129462,1786850,3596419,173912,502622,152228,2152345,4045349,8235369,965467,1919134,2112661,225940,2628831,1566807,898379,1292809,867913,173235,258110,2139740,424594,29931,485181,3558462,468602,1586044,901107,35710,1567979,3335076,1257529,1017765,1001672,477953,993417,2134729,973390,2106130,529991,953035,164607,1037751
2024-12-07 14:45:00,2683788,850970,714121,413820,204722,1099328,2853740,2607157,1324664,946676,1334915,610623,1731195,296599,449415,822267,2712717,418062,4273606,502186,337766,284489,334070,1825814,138861,293310,1233558,1634851,1541796,2717778,535714,573747,1001364,1435134,7005027,263616,909357,1102893,1123796,1969158,1598801,2059034,50236,148201,261267,428003,205902,1345396,570406,1148498,335293,1484701,451491,331924,4008436,1560739,123418,494910,377762,400279,927087,2014418,1478129,720221,2905899,6825813,416665,517580,1928985,568719,429249,534134,134229,203013,5315908,517821,203990,345729,519822,278025,531723,322178,118446,407217,3001273,199595,668164,2032495,1575045,2703185,432509,438586,606113,1247109,182497,858969,638597,343737,2383479,1175855,56744,2540804,364361,550403,1052602,1830853,378273,79037,481132,195954,330866,315756,982098,1148112,593299,126795,203212,373592,48982,506267,817892,36033,319976,67146,1491431,610490,108388,112486,67383,1090593,322889,383696,10460837,457474,342614,7652704,638250,1472710,1914172,908259,1982970,894048,10282425,863267,228533,540419,1069750,533197,306706,265682,249455,381517,537279,328266,2156712,1167247,902014,1566269,1365888,1185564,931154,669974,496100,1052097,743401,404351,23318,15415,243698,553427,73687,208559,761618,1279074,2567457,1545504,4171573,300663,507327,246563,2605363,4593137,8272675,868355,2112461,2074611,214219,2303007,2286504,786891,2569808,944336,384728,762000,1691192,477541,40115,595593,2515684,949100,2061611,870353,26806,947947,750430,1081519,706327,963267,432656,3496645,1715193,758522,2502395,300363,1058855,128739,1164959
2024-12-07 14:50:00,18655512,725776,453442,486382,210875,1180480,1686956,1661726,1709037,902109,2118064,425943,1379698,310560,561257,826966,3003059,208942,11598239,456839,324995,362812,427041,1493617,161422,138515,1004789,1628861,1427202,3214400,419523,311923,1161504,1174033,5586259,315621,874138,949497,862051,1624612,1412493,1787261,137777,238908,315766,965836,219230,1144514,873999,1184848,404336,1021431,488381,455526,4787697,1431173,49752,585503,279796,478295,904676,2129630,1105147,388852,5132068,6984396,555809,348596,773484,705426,298750,532498,96991,243260,5585660,520777,160338,322130,306194,229001,967467,418066,90106,343836,1300651,235704,742869,1641976,1439216,5172017,552926,747639,2202922,2283271,220695,1083063,547181,329328,1770204,1805209,48304,2427568,329239,713864,879613,1651302,498238,117772,306593,429289,264714,262453,614956,837534,509743,134222,7707595,429084,18410,570859,1152074,58813,278313,47227,3012638,357762,254321,153082,207852,1042446,327132,1514956,10174907,406840,2423786,3195829,727381,1432870,1627195,521525,4691248,1259603,10531822,428323,141404,522693,1430321,533356,508838,699211,199540,187777,743188,577884,1445081,973373,1014427,1751387,1893178,910991,701468,1086755,577979,913255,767715,517256,37740,12141,408588,675200,502953,237785,999234,1218591,2555389,1064150,3612463,244467,447376,392817,2102981,7019419,8742591,2445220,1258797,1488363,240286,1911001,2363968,822310,2858756,1179192,360188,309223,1052967,213074,24773,403007,3011195,1398589,898684,675632,47871,1218671,738179,959046,1260514,1320289,492953,3092894,536423,600547,2732886,440420,1635092,265158,870732
2024-12-07 14:55:00,16701660,698094,870064,347785,519049,2234185,2663417,2042579,1377179,920860,2325672,386788,1525062,458488,447481,1141461,744621,227434,13435569,260893,310482,294353,302596,1331248,628130,422600,2561721,1525006,1758346,3016684,404169,485234,580507,1175323,7362474,286455,1063100,1704916,909196,1392500,1699145,1231156,139569,163566,422031,496775,461143,1188038,486327,983426,591018,551655,563520,846339,4873639,1447174,43666,510470,264037,437382,1286389,716107,873852,472730,4869650,6999347,798822,325872,665130,471519,370008,888585,84724,150275,5796946,383488,194316,294724,864403,585481,820576,441536,96390,419501,668801,2390196,603081,1321421,1179549,2641661,889184,1092439,2913112,916987,257576,732130,430186,329740,1275751,1544210,79556,2576961,543611,628132,778328,1971414,695544,154151,476119,477882,184928,361137,613968,447813,637816,103231,2040441,435459,613904,741336,858698,39543,270940,42671,1050032,373077,103400,196687,164951,895542,315000,1659489,11763942,385348,1943384,7479999,2143186,1516423,1056167,436296,4421377,1408418,10255548,255318,277134,491016,1686206,848483,479063,292607,285864,111693,604168,456658,777589,789523,1000003,1534917,1461507,995118,862853,857979,731458,947111,276208,423049,18520,40271,444017,524839,338656,586970,941082,1470563,2572628,772420,3204852,229001,410924,160506,1412222,4503856,8732112,889658,1036502,1081034,233805,1805080,2160366,680859,2312298,994689,188095,343265,984037,344475,11846,696302,2768480,767993,1594640,585789,37527,1047285,832010,1412318,961748,1618891,526527,596708,440870,442312,2852703,350002,1464794,1100187,727593
2024-12-07 15:00:00,1835723,668375,896515,509165,774159,2128297,2870547,1677895,1804726,737006,1215282,407620,2333350,438357,402501,1886372,768840,347728,3172806,298952,204938,199291,224745,1340294,222209,661959,1981584,1294063,1598670,2331627,176414,406883,943143,1895059,6493842,311415,1601957,1236078,855289,1417107,1248835,1805551,102699,271198,332160,499950,232023,1304575,345880,1105142,271308,641909,1525603,1623165,4106508,1496283,44575,396354,494626,564983,3208525,691215,959732,798452,4978651,8742120,1102052,351243,797311,295650,651632,558705,79536,186306,5629800,380706,142286,273502,871200,762970,972650,537461,81494,293991,1626353,362740,616104,1511261,1576522,2950188,848817,509785,485915,912419,798539,921514,160654,409861,1219062,1745852,98173,2306875,464956,511492,966059,2228849,481739,102383,313387,511755,279208,399244,1023186,527658,445898,255147,543627,493448,277614,1975478,523405,105647,263462,81120,2032103,206940,172197,156493,217356,746666,352014,717003,16319104,300869,293717,4081504,794082,1735082,976580,336357,1156696,1178356,10309659,400175,70425,807350,2481058,320505,385776,457928,342508,286621,407148,866917,976879,611466,799902,2779277,1234580,532434,874218,765578,436473,1366353,383450,389435,18633,54429,437030,346824,293371,530913,1503392,1227248,2592287,923510,3088935,216239,459239,101049,2402438,4745400,8307679,2369182,1043946,964184,540003,2217191,2595526,730027,2393056,782364,309764,452109,1123048,378450,29481,466865,1603801,419764,1294505,678462,35195,873356,669515,1418183,1235296,1024809,439004,440898,431060,478387,3314358,343321,1394834,232041,446435
2024-12-07 15:05:00,1286531,518492,1126632,464794,414069,842983,2711959,1733907,1181677,824017,1576239,812724,1701476,454805,303242,1960464,838694,333806,1377281,2010726,656553,371650,1224694,1984113,213463,279004,1397596,1490593,1511716,2597354,155559,301470,1148962,912891,6290353,614397,1512510,1583292,779052,1355482,2148811,2036301,79070,752417,396004,445620,418351,1679358,431437,762687,226100,945285,743929,649028,4992050,2582719,30475,437317,317821,358989,1245110,1025104,1173764,386789,2974696,7248580,978717,343599,1056472,260904,649278,697822,104970,143103,5636766,291674,373079,553988,429679,287180,511850,588110,56837,709394,1516391,244347,744139,2188899,1762331,2447745,585448,832965,780284,682040,166545,739235,262358,334412,994835,1867298,132995,2387795,468921,938077,1467072,1785924,781527,209830,258412,301411,287370,386612,751067,1019537,344014,139634,592464,377459,205705,380898,198616,60915,383443,83664,1346086,617293,205906,301758,238082,1093068,285418,760590,9273800,603461,449334,9616835,1640704,2113537,806737,879444,1198253,1385739,10506139,610903,100446,504927,1052599,1376616,576242,307082,273575,457376,328294,953950,1616815,483596,1914975,2125216,1461695,395695,884672,785491,642816,1332676,804864,318884,278636,126868,353433,698767,645956,166901,822676,1135056,1605883,737855,3200841,245725,714821,154895,2385512,4474520,7894823,593395,1031098,1176885,588483,2362278,1802202,790530,1761772,1036247,264248,302093,1593511,506343,46184,467265,1728423,653374,1495395,619027,45253,1761621,1136721,1508678,1142553,1141523,614444,615495,353963,500448,3166219,436971,936274,182658,865184
2024-12-07 15:10:00,1530041,636859,1601382,476534,287254,918802,1368173,1827365,1663333,1246989,1743898,1075423,1609616,430334,765469,1769236,856274,334053,2502066,441304,1020874,413105,337322,947724,293660,353870,882050,1649937,1773012,1959348,162499,364517,855404,491156,5967516,267212,2023134,1149402,1027798,2278211,2155201,2575787,63249,204225,176145,353411,160015,1473296,541780,1278230,450077,1221788,648703,442876,4901479,3090407,14112,453260,353785,512108,1170910,973266,1391977,469075,2636649,7812650,611046,401595,1186189,428858,374873,670849,180350,344654,5682308,371672,308136,254096,816113,405664,456967,462472,43454,683971,1200118,386455,1032306,3000516,1301889,2913892,614113,735420,357945,802788,288590,1075927,327936,280532,662101,2833368,345883,2420739,1001021,729629,1138859,1644657,750155,103123,289549,290560,441004,284326,1044564,682323,274469,458775,301549,447211,131336,663605,178079,66043,451660,141585,882756,847975,255118,166712,278865,636851,430019,758405,4134527,366262,472075,4177947,908184,694152,824689,927204,1064672,1121633,10458606,392993,177222,594627,1033258,569082,450351,239895,228034,278073,455987,601913,2680202,857583,1912309,1510377,1940155,601756,968193,820233,604676,1582147,393265,461026,976496,359229,205340,280197,274363,164492,1056235,1333480,1573930,1175096,3016433,259123,1103335,168501,2437892,4699547,8680038,765315,1268219,1348614,915355,2301634,2146786,953489,1290205,841094,255347,309160,2013896,484659,23638,631771,6637505,560976,1638009,744326,34672,1810491,967570,1943078,1311419,1437476,615955,394900,319089,414079,3087797,247045,1674675,231902,580867
2024-12-07 15:15:00,1694808,778548,557492,500381,329845,1458728,2778132,1007788,1564965,762594,1593610,461973,1545213,894011,279888,1103123,657752,354297,2751748,405950,447950,329617,587837,915298,374497,743334,772418,1841556,1573872,1991707,152989,632876,434838,504146,5523985,590546,890216,1116709,991037,2700261,2788788,1756123,91832,320822,170496,437282,181693,1920736,405636,2006830,299787,1457454,524703,280335,5332849,3127905,46104,622649,464779,582960,953581,868837,1405152,407899,1459715,7173530,464482,294353,694081,239127,400306,744514,573117,163945,6035158,338090,358018,1136793,961303,138521,1017305,413215,47668,362965,1172265,796898,841017,1486016,2002009,2932161,741079,843697,384332,854800,177471,1171709,492834,224592,856549,2182420,1334201,2385550,981199,1044962,1396010,1166287,650922,136643,733873,341277,338087,467237,1349392,816675,412026,251356,268764,861525,45122,1149190,156965,173218,327346,67201,882811,302167,294315,213625,259566,995599,1063022,791404,1763297,939250,493124,1867386,666122,291796,1262710,1231284,1706192,1011643,10343697,543986,92083,373352,978774,292720,890514,219680,637753,619488,641391,443544,3073693,825961,1156148,1488861,1911282,843433,1246147,636254,601680,744525,850097,931398,369538,307157,233398,140016,608903,275873,1110265,1801687,1742606,730160,2737447,286691,1206159,205212,1639423,4625178,9017960,1017324,2434905,1257875,428260,1821789,1889272,684198,2121193,1271735,288428,351448,1033243,718837,67685,458730,2622545,386105,1037602,480217,81726,2665777,1233435,2075944,1123546,1523956,649964,555123,345402,458549,3022311,530241,1330947,265977,665382
2024-12-07 15:20:00,1252335,536885,882153,560535,285176,1243585,2730575,1490819,1980505,715775,1720789,434334,1778031,790789,388200,1016463,1283176,469577,2420625,987695,381514,309276,1280911,1087840,273310,193323,1056906,1977189,1578661,2076704,237439,551338,829963,532942,6319309,436108,825967,1026995,932950,3334431,1689730,2109996,107328,392258,1232879,379309,259602,1592748,512832,950050,273347,1425883,501596,410313,4446085,2186604,56772,503271,445778,683642,965285,1036692,1494623,899502,1107794,7300008,614939,332152,631293,298349,326611,519973,486100,342260,6794719,256857,183397,371086,1273629,190584,955365,370244,66293,1004171,1222184,834545,712040,2264118,2356914,3712990,413751,654165,876008,570952,175389,890434,462636,244164,680607,1936467,142974,3210641,1077817,1000743,1714045,1276036,479848,113237,535637,450331,426521,368817,1048300,781379,960762,184362,371687,288553,45910,368621,155358,331368,299485,35951,794800,374538,121950,151821,255834,913198,435493,881373,2329515,512369,577912,2225518,589289,184411,670421,2149024,1465301,1906515,2960267,364118,153791,368243,941600,306472,388777,593526,747396,404041,516299,488101,4643577,859280,1455081,1215899,1885070,367866,1041936,462592,555266,643801,325877,2647437,128014,242463,328753,375326,691807,249702,875200,1532004,2328826,985961,2695961,117238,1035755,214625,1845691,2635542,9101955,627160,885955,1327456,268215,4170371,1830981,846586,2476795,1157381,260239,387592,1119956,1327499,47946,405749,1950703,351400,1776582,533205,95005,2711568,518163,1801414,804473,1569317,720959,596651,445414,345205,3385769,360000,1455930,418340,438290
2024-12-07 15:25:00,964356,418155,1034928,545523,419308,1114652,2821912,1130185,1471769,556388,1597179,498750,3137732,838619,424456,1323403,943637,266147,1674715,685191,284560,324462,3316230,961198,386577,246237,1061193,1659048,1487457,2004860,347547,774216,1371806,818162,5826005,203957,881077,1874263,790752,2390194,2301159,2977762,309335,276742,597354,322308,333114,3550446,564960,1257801,319833,1291502,519978,639744,4350498,2474263,33267,540710,489779,804821,1459343,4895022,1278131,547660,534799,7179104,415728,291915,1092297,269442,391623,536171,168183,457132,6440037,249597,121256,496351,874189,263221,465045,406674,138672,476841,741930,544691,595086,1784368,1799199,3268729,1237601,465873,3524209,1213109,224365,603756,408391,313439,840765,1758665,248743,3911938,1003890,1294682,1737025,1503169,273901,73962,514199,790566,332731,371986,1379405,427464,697082,140014,568005,358714,45260,586503,138539,190739,277850,299717,953622,582589,184021,416274,238511,749416,340770,456069,1506257,547205,1072299,2422242,590130,230194,1280119,1162488,1162990,1394169,1394347,457707,118917,418254,7941328,714756,338347,281786,1093570,287234,955281,689911,1746813,784756,1266241,1069030,1793985,186845,1030765,737690,640125,567429,528214,447692,39509,63785,328426,128586,755747,185598,1168221,1390654,2271638,1232145,2735644,130511,695952,143527,2890705,1579547,8799874,544812,1095658,2064077,212412,2854662,2795737,944700,1644935,853561,205455,420204,1695209,317133,172685,225119,1778827,280740,1079631,610111,66392,2532078,892754,1766694,566143,1642865,873697,516396,368638,276228,3844360,842272,1107354,223953,613839
2024-12-07 15:30:00,950702,469874,649046,362381,351092,971122,3776685,1025871,2212997,463663,1794502,460864,1175426,1110480,550950,861961,806847,392287,3334290,657080,475304,317136,211816,1259251,186243,940486,1254718,1396038,1234328,1997518,253584,893606,804631,791048,5982193,218493,1468618,2565672,654092,2110258,1338723,1185660,135535,268906,161496,497137,281440,1475926,418462,1181647,574798,1569008,398488,969941,3593323,2432472,118986,565354,518826,708355,1734134,1799250,998072,3411938,675556,7483791,525315,421502,904630,512282,375536,408486,298875,153989,6035952,284656,158496,498282,689371,322992,539145,589436,80081,363677,879888,558240,674714,2306858,1945819,3721920,946133,603026,323540,1018760,157027,974719,429591,509391,684819,2288485,396426,3005496,917299,1154733,1650937,1089950,259143,70571,450869,798155,331042,391438,770162,626201,529351,205840,154589,214242,59584,701101,156631,131837,244132,74315,935211,565293,174170,300950,261744,761835,295238,665687,1595568,353442,1899942,1024625,518485,507753,1308135,1754707,1160584,1546191,1162744,609184,88067,626415,10208918,767090,278759,188468,735283,194831,496600,390152,1690687,874735,1153664,972719,1764843,242155,1514998,594710,913931,862801,372620,496781,44817,49357,238467,104553,155945,156061,928472,1511422,1378316,1723453,2977567,169461,906259,134923,3347675,1087556,9165309,956081,451828,2987959,264689,2689246,2531472,994834,1608411,779440,430933,326357,1521206,366714,21283,389307,2283758,1159272,1246804,480974,41335,1938220,1044084,1956359,991146,1536104,750199,667020,469774,593421,2645383,261951,1450768,211902,502003
2024-12-07 15:35:00,1908470,801639,641044,620854,329053,1295269,3297568,1090868,1460584,1135303,1567682,908088,1302947,950313,367153,914885,1077276,299183,10330111,409191,297966,311877,173650,1116798,339841,585265,1113486,1443916,1079701,2308515,376080,409726,970964,1027332,6057111,202273,689320,2905435,783946,1770384,855703,1333834,151910,242720,333936,543327,254399,1152025,562851,1746911,287836,1200316,394481,470681,3225865,2331625,45215,831294,296427,519566,1269551,1812888,1406550,4132799,1169431,7400630,989083,319231,961424,753823,549279,907422,263968,159824,5987708,292109,174394,464199,1417787,616901,643976,843298,62731,359186,642841,643556,953071,3031934,2348386,3870172,1058474,469824,239171,1187384,591543,698178,411914,525120,551033,2130518,183858,3299403,745183,1109090,1573646,1376510,472815,85108,392744,789665,534391,385232,1118849,305843,454402,125745,284087,211331,9167,421491,143929,224172,246812,114477,737137,404252,182389,425255,199460,1029835,328664,696180,1983555,1118648,451134,1149596,435559,190375,861967,1523548,1035597,1314946,1148102,598619,71972,1093477,10367153,550420,195991,375274,428619,252189,488845,451297,1852014,811382,938877,1175535,2536184,228991,1169986,647573,835193,1056701,453227,414077,46096,40919,238617,137930,365862,162141,607162,1606860,1420324,1156175,2966732,145346,326081,170703,1758289,3761269,8465844,808325,373450,1831647,218229,2347390,2168918,839667,1373666,1044816,246603,217903,1719221,278972,17821,439601,2034760,424181,1547704,943397,34421,1884361,1140620,1494242,841313,1349172,501241,577475,968007,859822,2607860,272234,1178066,348971,509299
2024-12-07 15:40:00,899993,609234,465171,615688,513045,1400475,2469184,1142282,2127272,899744,853005,678386,1089467,945559,259630,532367,777597,625084,1749636,400556,760349,309588,266597,1354226,176434,853139,1381095,1200494,594588,2646763,161012,624904,983250,1037086,6098977,752041,354383,1357683,814840,1959813,796811,943752,191213,258882,186554,420180,885695,784111,612805,4398981,812201,1292411,388640,482984,2870337,2055423,225828,599697,251370,596206,1897660,877476,1567507,616246,2329867,7093388,983901,580112,896909,618295,732517,565587,159934,220902,6358759,439924,325346,586814,558311,273938,377790,383256,97013,409314,557206,507463,569477,1846893,2455638,3619537,663775,432333,214004,900850,247365,709005,459678,455705,334378,1616396,520430,2861305,601147,706568,1406318,2232075,430582,149187,503375,527465,512554,601887,1214997,459146,450917,119372,254060,308287,6482,816631,555644,144022,215193,499305,943297,430794,142680,231744,715226,722112,611807,845439,2139415,782607,608390,1311051,833373,243755,679658,900109,1786191,1105207,1019352,432283,100605,1150992,10274623,961492,1265629,483900,342206,228410,752071,434165,1583291,321050,741271,918869,1459764,332131,1104284,824778,1161520,971025,228569,802406,144003,30461,257507,203978,98212,235844,738696,1860332,2784156,1038738,3522735,139455,253651,256766,1951075,1140821,8813769,1731151,837520,1926068,201378,2251069,2564738,1810724,2528433,1344960,184428,320826,1448635,294566,41975,492609,1741413,424377,2286629,879351,31283,2817363,1642152,1553400,1039766,1596298,516150,639611,1283592,446217,2714279,253306,819276,205535,774125
2024-12-07 15:45:00,990110,417641,440820,359633,467648,1694406,2771243,2299392,1265660,532876,1347980,1424556,1065243,1038708,344428,560245,859546,332757,1565607,489975,974795,433453,187103,1113664,1015384,1646388,1149060,1923343,833622,1302912,633659,641762,658588,1122402,6612671,733446,518568,1839373,1424241,2107655,881160,2185917,392249,183660,291812,369579,261188,868657,336284,1332572,816205,1200640,408449,323275,3149387,1993468,67305,516438,399824,684888,1574384,708109,1319152,421565,3406464,6126779,1013175,463101,942945,1261156,862833,1006264,110294,395340,5889913,362381,515995,230382,704661,133139,513250,312662,100810,335399,820867,456446,775372,1927309,2336908,3067380,731233,661632,234826,1110137,256694,553994,324835,738044,407628,1481862,727401,3447631,598589,607546,1391160,1718676,410754,115089,284776,1478681,362487,1144135,1032939,299648,404511,173691,548910,237018,21964,942178,777083,96529,213351,535061,813174,970844,199969,520200,180662,1333824,353769,424966,2144093,930813,421964,911707,451248,255890,606216,894654,1642899,1102818,1493121,345755,78185,1136863,10494230,616606,255506,326710,356753,378736,932601,193595,1137310,437534,1028499,1892102,1391437,516935,1187643,1508331,703357,1272794,311766,546562,85428,29366,446102,122511,147035,249695,655105,1918956,1665544,1479750,3209806,140983,646809,242890,2601791,4616122,8953438,1513367,491045,2549351,102040,1890591,2996055,1040214,2070906,1082575,194175,748578,1473874,384355,47844,463109,2624750,335952,1413619,712628,43228,2196275,1529220,2598720,775628,1660135,459062,615438,465221,450014,2563213,479868,766811,141273,435261
2024-12-07 15:50:00,978659,454723,620289,591775,493946,749944,2241040,1380264,1737262,710030,1727061,1019320,949204,1326393,691165,978101,975971,484866,1342157,782178,574649,379444,312692,1332645,121641,1256831,1348286,1590651,778563,1228817,555650,673957,1213980,1801045,9039317,487499,516509,1755714,1247940,2602668,1592780,2114948,515750,292166,676603,446243,266847,410050,688378,1148417,520306,1345665,720467,377761,3313912,2063780,162679,379194,410452,607722,1272831,874330,1198904,375953,928142,6751023,696082,529417,1152112,434285,376597,579983,128912,171421,6545215,343967,486247,147474,579042,532609,615119,306218,59132,279460,1087402,625243,718369,2298749,2077004,2387780,528767,507468,282260,702368,231112,982016,455406,397248,493855,1401091,833759,2751543,397200,484163,2144213,1630018,572066,104445,291796,310384,568332,511297,863963,368041,422971,73396,339382,340441,44464,960572,164609,77147,179583,505094,1202871,495926,356690,177763,85053,681541,385753,502375,2301933,823289,369414,620965,673213,189018,821499,577881,988621,1259896,1410370,375412,123376,865198,10668627,941230,186601,460452,226169,637715,592068,333915,2435314,1282207,530438,1872058,2025807,343061,1084517,2080721,1005650,1544853,328374,681726,46396,38727,459969,136225,93782,180908,924142,1691858,1852699,1717413,2830364,247630,605873,156571,2036889,4700304,8440534,1274068,787484,2592943,166437,2328057,2582032,744861,1846887,1031213,123669,981553,1216155,360697,58727,654145,1799961,475117,1152140,1119584,128809,1482535,790958,2578676,1207505,1541159,455299,400677,491641,354112,2910684,359459,1192010,161698,560412
2024-12-07 15:55:00,1319625,481904,507568,324620,467572,1132136,3307033,1035129,1372948,914916,1795356,435737,1039401,859110,631598,918849,1699461,470866,1568906,722247,476994,342969,301436,1060924,187600,895105,1069460,1943215,838603,1662009,654284,307098,1073582,908738,7639614,645813,931433,2461420,1286877,2385150,2713437,2272506,414662,294230,305597,516221,302606,549173,1785023,1242699,409050,1366008,493339,504750,3361713,3019270,46214,577469,350199,667801,756603,1031966,1382861,375990,514245,6373785,792232,385987,498438,329525,423754,1060508,130546,160422,5419870,258076,482367,316421,1175416,786760,503865,253953,84177,209910,940803,264238,627372,1387576,1448704,2040049,556797,659811,300302,775867,159270,740827,190198,359374,757787,1372395,1245272,3048679,516492,522250,1870348,1892497,531767,120807,410048,890417,466115,383562,551929,281927,408562,42781,205287,339213,15234,788470,393668,103963,206237,353328,1257448,594074,640885,334145,244032,737013,288552,294446,1175259,790770,585333,712842,731952,171956,774283,472290,1451587,1111918,1206319,678227,66551,530697,10962070,769510,288041,393974,331442,635986,707135,537458,3202736,865782,1027063,1773950,1624179,528614,740924,1398558,1423853,1212464,367579,450399,33762,10312,307530,178893,298683,225139,838416,1975853,1786629,1582153,4138953,197169,888915,320920,1867044,4589921,8129791,800556,1299036,2242295,350198,2316299,2090705,859869,1849585,1158149,146585,263737,1414586,373842,64082,427678,1955876,277911,1317232,866678,66642,5359460,610569,1875989,656856,1666217,500960,436064,395791,374663,2542495,389156,818858,259588,536250
2024-12-07 16:00:00,1755596,671071,507232,517361,480879,1433934,2328208,1606116,1715338,869267,1113283,594275,2192626,397992,556909,825368,1279427,417797,2297159,1079646,1413814,271517,700003,1656849,162965,777926,1477273,1414509,532859,1457633,524258,296321,1718140,1272407,6810376,386021,975575,796110,1646422,2513071,3249357,3396888,356290,262430,264883,300070,230904,696099,484781,946014,342487,1361580,425176,333681,4246544,2662174,74784,998923,349016,758240,1680351,944696,1550906,382060,752818,7306466,666596,307601,661691,595871,285761,581095,83383,207967,5529146,191694,229223,211804,1336546,513298,529792,293152,66097,238251,865287,245544,630560,1800099,3079684,1983814,663832,744698,392749,890419,240700,582509,397823,157421,515698,1811155,212998,3368853,536501,680712,1579171,1558275,678807,88688,283298,735255,643234,477677,903123,644550,393080,96344,202735,827592,23170,1035944,734945,38754,309656,58586,1391819,1015586,285298,199146,235483,575027,642793,444304,1568145,854550,328124,810121,438523,232328,658166,495095,1717859,1603096,1153537,458394,95795,427373,10659294,544295,347874,331855,602964,486344,983198,342608,1759275,1048358,1546720,1326264,4993104,315630,814015,1563503,480432,1007367,793965,458002,94224,23394,215179,100332,63164,226779,1642192,1876894,1653626,2963523,3744671,193604,746131,173840,2039308,4587413,8513479,816044,1078226,3004524,464043,2504176,1729653,1057534,1919892,1064937,147418,279971,1000312,210808,97578,406550,2004023,383039,1190320,1566153,73384,1258435,743625,1911120,614011,1533592,270769,467898,365182,316516,2545876,230666,1305548,439857,538238
2024-12-07 16:05:00,876720,478485,403872,523887,270083,2554501,3136832,1125430,1268627,1344741,1212313,516264,3145108,348106,372359,833809,934652,333974,2108171,500510,613727,633965,439951,1970536,500601,1255886,2254066,1169928,618306,1747546,371802,275685,643712,1037924,6405248,728208,839499,1101008,901575,2670703,2257678,2500608,402075,151802,361605,372177,119993,777266,569493,650313,422360,1168568,421191,345357,3989668,2084519,119348,899468,320320,1165356,904554,950306,1761626,730288,822944,6816624,873951,324211,728955,752477,288937,341374,121671,232456,5679504,802590,241940,301279,1202256,201320,655619,509867,48818,604078,714323,328273,720486,1233530,2831552,2079870,1023046,542657,651785,525090,230505,1018460,201802,290525,479131,1659982,93133,2584105,564298,825484,1671740,2395289,501701,83321,321037,445491,459514,751850,701495,639240,226044,397088,357705,505393,5436,657591,520967,123966,243973,76733,2336148,841838,331762,152417,262449,942529,381418,743356,1807919,647576,268897,942252,537420,394555,756025,795850,5185720,1456627,1104908,473414,100437,491259,9905273,418203,374016,158548,228990,414359,500874,376310,1558237,1661457,1491045,1305179,2993112,332080,1056791,1236966,850444,1252933,933953,617889,43316,44060,366190,66572,269990,576165,2016377,2471875,1794570,1531358,4324126,204962,435873,234958,2178365,4876997,8424218,718683,876613,4478239,284481,2590907,2186237,1059619,2289324,1844889,174250,321261,1632039,336579,37847,345792,2442812,423228,1199758,2343616,50137,1480047,898914,1399884,893166,1279096,412072,773296,370161,820460,2992999,426133,1258314,124036,920875
2024-12-07 16:10:00,1994039,533424,366841,582657,540637,1206123,2798587,1869091,1590578,838843,1658284,509336,1946700,399332,498238,607540,774762,489527,2263216,568344,373804,381258,260573,1637832,594617,971755,3151980,1216841,1625508,1257952,290141,402502,675887,895186,6659402,547346,934340,1590573,923980,9471672,2427011,2328511,195340,398528,629329,437233,182918,771973,439738,1014908,422138,1270739,432956,380233,4288772,2262296,114435,631719,234174,1257843,800625,1298409,1978120,363537,841573,6351781,898266,432018,828802,561917,611005,424046,217744,268420,6916553,753135,370992,347265,681608,337880,590439,324891,84355,656182,691522,258255,816596,1237730,2871943,1672293,966128,641351,743074,805546,308363,866280,185657,449018,570959,2027129,118054,2935370,525876,632675,1417725,2219536,592295,125255,795342,453841,453417,494890,1358008,602507,484165,258939,588241,958757,152989,636912,381597,59631,166033,59568,1119487,486870,173763,213966,43930,716164,659518,653698,2504473,1037780,323436,1327803,630026,352377,925809,1445794,1960574,1185679,1279788,336998,77186,962121,11197753,338631,317768,211922,375782,432872,1180657,318818,2241919,1949790,1438030,1571623,2776696,330991,1244355,1273472,823870,1367955,1113299,573703,123883,43075,325855,151528,692741,238297,1360126,2140132,1919195,1811802,3851482,284683,438117,228399,2114702,5056081,8750633,784647,768552,3027716,189701,2400587,1976785,767787,2674829,1618764,124187,215111,1343984,256710,12727,1308086,3029493,516017,1341072,1932390,354200,1343866,912214,1125354,705001,1804940,347181,929022,279380,589614,2859879,345880,1733668,171291,903815
2024-12-07 16:15:00,1491129,445091,482749,1027888,598642,999272,2528016,1618396,3283959,750155,807017,1105336,3056980,649794,981109,647418,2208641,359329,2368528,824042,388490,521206,408046,1460481,144408,295815,2137977,1501096,2290058,1436072,209349,633222,727439,1200135,6242296,213901,748411,1668734,1981180,6877286,2430219,3041522,163069,206283,407336,609050,302567,873204,1834183,1113734,1396158,740220,477774,340579,3716954,1820757,107043,635017,206956,753355,1025766,1121531,1141237,314007,593531,6585834,2283095,616812,1077939,567400,322707,342422,276672,553773,6502892,508249,279213,418912,1063622,329846,665860,436932,31027,284759,781273,221086,750829,2078405,2062258,2174117,876326,1139372,320913,735290,300820,569212,218681,705374,875742,2372182,139878,2171992,830921,594083,1496048,2660565,726479,162173,369476,612297,275787,518270,1406104,579958,211373,353782,778579,734153,33206,579675,477808,186962,159162,200396,2432593,508147,142986,200653,179697,681512,476400,783645,2714678,498359,406781,648601,418770,310227,814292,442132,1368073,1578565,1601617,488262,126054,526698,10210888,632089,733833,119493,275317,233797,493969,348956,2118785,1365049,853958,1649316,1671132,389822,966338,1832556,473390,990805,1272681,424753,37687,26301,304544,377178,707160,415314,1168222,1637637,2007058,1234652,3813108,218230,408390,137160,2455657,4987031,8858030,1324361,1245994,3231752,199143,1902750,1752155,611353,2443857,1196848,117871,141826,1526385,421221,23716,703879,2519451,706604,1013851,889240,325339,1714406,979538,1003576,771915,1241752,312879,1144357,535929,533343,2799176,660423,1445390,416017,1829190
2024-12-07 16:20:00,849228,517549,481269,470488,922569,1072627,2865884,905853,2130771,1828493,1379344,721022,2922585,1217738,760033,1375174,2596955,284508,2255404,825767,596296,394876,460355,1668061,85765,285989,1311850,1322585,2071911,2735120,371984,582620,743281,1095565,6443272,418332,367017,1670988,850120,7302800,2561450,2249380,254557,341909,431867,924799,139348,1176742,428532,968812,1359179,1791928,707117,355509,4797635,2212775,151468,501784,133715,1130560,1073241,864739,1348973,440443,457890,7081197,1276901,368296,780246,508705,858734,460789,192925,413329,6194470,562450,330637,317702,424532,123253,895928,629192,92705,227443,920387,382585,785681,989533,2094742,1833699,737868,509693,262987,1080826,190501,802252,206236,724868,1045545,2141556,217981,3009213,542616,1004153,938193,2047752,405692,126947,279954,446898,730582,347172,814098,371641,370668,122166,1173479,435008,34658,460659,1106136,128924,283339,245933,1421353,678022,188945,420588,109029,577942,345126,382293,3327446,618778,474972,737712,1248833,293430,657505,1069689,3150447,1703242,1171282,1050253,39546,505625,10126051,926000,388982,186249,440171,443930,289556,576887,1754300,742394,715010,1343194,1729199,366797,1074040,1631403,487850,1265467,1095126,1150531,57611,20233,468071,110983,747835,239237,1158018,1492634,1894322,924268,3927886,114817,642926,139813,3365645,5158554,8761824,988104,1179737,2176045,169919,2261859,1518370,791991,2156481,871159,219783,165676,889682,367985,34386,300948,3673605,533328,1216060,670789,119017,1028960,1156199,1208235,618934,1296826,426634,1553630,407653,520656,2901016,474894,941257,305178,1927476
2024-12-07 16:25:00,1141969,679517,854552,514485,794065,1654675,3179647,1119547,491866,1641608,1401132,528150,2414171,695470,419513,519634,3279877,314073,1968858,1387227,363345,363854,574093,1902678,112462,951583,1241305,2062529,791662,3487542,1166276,644549,1594393,1601649,6741961,252668,437893,1198039,850032,1890837,2391154,2190415,94729,492389,214402,1072899,842344,993853,1333326,1438571,1225230,677757,1767479,421015,4469265,2243975,155999,435522,178127,521347,1250079,916944,1587878,2349568,669474,6616949,984505,330182,666469,684138,465392,581585,218722,235058,5888208,655433,197131,454715,435909,457434,938931,603355,30048,326176,2006977,440242,972388,1555708,2181414,2503693,948940,834704,1013434,2315666,251084,1693389,350828,687792,553925,1855593,203029,2522326,455815,613252,930743,1412620,1135407,293822,731867,454531,617353,428012,790723,781352,476946,116438,669183,546397,469351,619747,877923,146083,484233,42908,1212004,457303,307230,280357,115092,897201,278026,603561,1600948,728231,643503,1639841,1201425,778600,714437,727521,2600525,1496294,1671261,601274,42349,658820,10345111,683474,280232,247678,359806,237908,3247216,819812,1872768,957607,612014,1486014,1202068,468476,845884,981062,439854,966126,1103649,1839984,95649,35533,267581,108858,496622,253904,1030102,1458728,1856701,969395,3843895,131434,611725,239807,1880421,5367758,8997700,1011964,813616,2735012,331642,2756781,1573473,1221349,2057754,858544,141318,164321,1176173,314919,44905,459544,3997268,431631,1286717,670815,77487,2024277,2109203,976803,862003,1344419,352585,1355009,373608,745657,2875564,420053,1199992,282680,2238199
2024-12-07 16:30:00,1801582,610363,991215,1482052,854463,1037945,1957250,919105,660878,1631793,921260,696763,2423876,450159,327309,485245,1640788,283819,1745901,490378,289131,892269,524972,1216232,164310,497343,1005395,1227100,1316475,5079328,6350052,496291,1247346,1880411,6921050,393590,476531,1452015,898011,2688783,2669006,2453620,223301,457837,1105409,467007,287272,1014070,485931,1344547,1081792,1131908,1092184,560697,3954669,1468081,243805,458479,228897,537312,1302018,1028120,1844579,685078,677798,6242716,1633994,279124,1256977,738518,265649,496050,182137,219572,6287073,738198,335820,260900,649119,289324,759034,535378,71631,413304,3386984,389814,1261227,1074578,1713180,2110738,1050109,928301,464742,869980,215922,1603737,639693,419760,654227,1326242,377467,2497638,404908,617883,1032251,1716626,682594,188585,435519,411121,537396,494199,856315,404818,469224,134374,441554,1414231,829898,893625,1290594,73829,789646,90088,1830812,909158,361586,171951,137925,955512,385187,646806,1793533,492212,459592,1553698,657509,779936,1152458,845364,2867421,1143195,1258776,370411,56483,638780,10311427,378434,511271,200133,496051,219912,1250823,340203,2248946,1138640,692792,1187249,1292117,348235,900531,963755,610231,795143,522469,769133,133904,67365,267279,165279,636818,271171,1371443,1829898,2249245,773734,3887421,201021,817961,235467,1810090,4957256,8404967,1046884,941012,2166289,461461,2825637,1956825,1523573,2250930,887029,397805,259709,1690462,237270,66532,696210,2240820,533323,1248944,460914,13588,1294163,1842207,1220536,929314,1674409,308339,1599934,3235399,794121,2580609,309475,1192225,304638,1805388
2024-12-07 16:35:00,863771,895001,486527,637365,1896872,1659931,2509828,1474573,570965,558980,1196419,518915,2341580,759967,745781,559822,1150596,525110,3258088,854325,638737,686040,610989,1557889,141509,574298,1214055,1428378,1055074,1252097,465371,619953,592008,1628657,6518547,294689,630634,1051504,830830,2611816,2046065,2258219,97773,274359,477877,486369,217201,909336,413757,1578702,615631,1572599,750791,475548,3393814,2027608,668836,511503,374661,728905,1044954,880350,1203603,583570,1055580,6073603,2669735,315382,988435,649901,247300,462518,84587,156860,5874900,315551,327401,670702,781883,297616,814706,593124,56135,697065,1245926,333399,761094,1808168,1781392,2652254,3033532,652777,306375,950610,270098,1295089,320758,709707,523558,1952685,166050,2545509,499989,1324073,1239971,1675544,326490,284592,621258,462661,662690,337643,750134,368536,341452,158026,591688,641732,758349,691008,344455,67397,446596,268992,1232526,634263,233274,209879,233162,1071192,359090,771576,1996573,760556,482027,1164278,861358,1545973,1165582,1403900,2730122,1205369,1225661,409437,70579,792076,10843329,645645,321433,538016,353203,407346,977875,309983,1642652,572160,621998,978555,1503378,616907,928474,2119263,924483,871349,595651,397175,45673,38313,255385,116358,643931,229129,1118867,2125835,2352974,1041762,3714836,69709,743195,157671,1667609,5083376,7930557,1351528,1046010,3228748,579253,3245827,1995325,1902417,1674192,809797,459902,448645,1980588,237404,31060,667783,5147630,447947,1699672,546020,35911,1221350,1410167,1304835,1299553,3658424,548863,812410,326629,809855,2739488,826110,1451901,320771,1322336
2024-12-07 16:40:00,859034,1387812,474148,413772,553586,4162625,4326960,1354957,1053428,758972,1476603,581918,1899969,480758,1056594,1231001,1180481,350355,2462418,702918,728111,432434,311349,1376200,151787,395946,881028,2282475,746577,1522377,159861,667178,319627,1913743,8583021,277965,741759,1099744,1012088,1695426,1957609,1387918,192670,333632,283388,453076,1896153,760578,698622,995350,881406,1375553,762821,386615,2310953,2142853,74649,408635,500013,802345,884250,1320932,1742046,502090,1399506,7135522,1352667,794513,1439604,238549,282268,319227,115025,247897,5393178,370779,297838,495309,688197,691350,1153960,702816,65146,242379,4680286,278564,594129,1528585,1558476,2287114,688351,971120,298110,1382405,366344,850380,437465,425034,371056,1710198,123550,2933162,1054861,1594063,995348,1757661,428140,147885,2774009,309597,905235,263485,457392,567456,1297685,86675,381768,475333,672392,715501,307466,75239,694395,41099,1062054,486563,235648,187256,100034,905904,338925,586712,2282313,1049891,506630,1274374,724226,581437,952085,2112738,2590127,1681410,1260906,519031,109639,526462,10020205,534672,520847,224811,384428,295533,676907,360001,1291206,536002,320874,1629913,1281522,287304,1182725,1278658,839857,1512628,816029,340991,68110,42263,305504,570937,551111,291491,1579885,1388341,3011569,1290036,4062359,80913,586594,206377,1942398,1409565,8040829,1752309,959943,3049040,272468,1724658,1838993,1238366,2627494,1485915,219510,694282,1396231,306214,17090,424753,3111480,511625,1065959,564958,39798,1443172,1262612,973895,868591,2194535,1043061,527182,582908,510327,2393113,554047,2142640,286189,769682
2024-12-07 16:45:00,828356,1427282,795442,886968,2031333,1836714,2333982,1422987,1255543,399370,1247668,870294,2545498,396832,809321,1936799,2216961,366425,2199683,450221,390631,878075,256853,1190716,77400,637230,1355192,2857421,1538440,2252349,194245,673280,496679,1693179,6422669,478239,545083,2059787,1545632,1468042,1421869,1733587,189739,362760,436741,454029,358580,1056025,500718,629016,763075,1411471,845632,457337,3297070,2824763,188748,680426,843935,757543,997797,1094504,1384875,502572,1842033,7664948,1843790,332137,861643,538448,463826,280045,174857,360897,5970349,365311,411986,288373,803315,376813,942917,634855,43838,217150,680753,207937,1044929,1666072,2221762,3365539,650031,560947,276818,1573805,593427,1394244,204653,241761,377821,1083488,118182,2629746,769478,1210211,1274322,1903253,607080,292447,3559944,687589,771946,358194,1010471,855990,516953,334463,990733,861965,796596,501148,163200,197566,1258218,52162,1215502,652827,264589,176727,142052,1276937,596833,829576,1341400,821237,910993,839264,931205,441583,1721379,1605776,2445585,1436071,1793103,362985,106429,769432,10641747,785385,524252,567409,283619,1265100,668646,255708,1065754,465865,474464,1539888,1384331,183499,1079300,1231655,429321,2831655,553860,312768,88784,222350,353177,546798,244147,289004,1549390,1330551,4321846,1397561,3613976,112085,967274,122610,1987894,2826123,8605960,1076570,951018,1292336,414512,1629910,1268245,1258839,3712976,845251,247610,1125073,1596186,362849,76815,588234,2135850,694937,1019684,978150,33502,1552693,1475607,1249810,766245,2023966,762266,665080,459490,897819,2598869,615698,2054151,267980,661853
2024-12-07 16:50:00,1132424,1715756,1162261,1029176,773357,1268364,3012313,1734478,1604537,398179,1887137,837702,1958392,820486,364676,1285104,1954441,512207,1279922,966183,367757,694625,727841,1512255,159157,775496,1603009,2595799,1411443,2949391,257068,406966,289174,1523718,6361393,372709,665943,1708792,1528795,1393895,984862,2186160,767139,730724,1640411,357624,535296,1536342,733296,579992,723255,1559032,491201,522661,4582716,3454006,212506,462092,661724,576515,893038,1236288,1091409,545981,1684498,7416134,785218,194000,1239933,484864,284626,444233,304902,541717,6389470,274332,331776,528387,835236,752491,821154,536660,73696,587183,954075,221913,734860,1534628,2397957,2416621,806096,672488,426311,2034642,621512,1216416,398959,130872,440482,1289800,243138,2060836,411064,1350369,923330,1533713,452040,130836,3595453,317638,5730010,358560,1234003,1444673,1280550,238813,436569,958527,818599,566930,182475,97361,998954,99247,1535509,729698,221314,165642,259512,956603,425088,488084,1411200,1349245,962186,768866,744378,246040,1033245,2761174,2169613,1702513,1964110,411327,32558,735257,10904660,964848,624934,215151,321664,341068,974371,302480,1283043,665506,552478,1772328,1030012,249102,1330258,709732,631485,1272808,406376,2064346,51291,37301,319627,1036003,155401,234078,2266173,2239935,1737223,1048324,4187281,169357,567044,90741,2131803,2581686,8114840,1467248,789949,1365559,371910,2625975,1702869,1109532,2488534,1008021,264848,583532,2220934,575299,42048,422926,2619137,422028,938941,665332,32590,1818518,1493659,836743,1490276,2046769,954929,662856,525951,744205,3069824,483286,2163081,226004,1103820
2024-12-07 16:55:00,801542,1159449,560326,662871,322970,2359523,2981110,1417343,1620470,497046,1415521,430200,1587608,552227,444427,1249051,2273333,409465,1570232,1082997,452446,1139737,718390,767850,125662,570378,2699009,3570391,1301381,1884480,267131,633045,285364,1769751,6573252,426416,466743,1250208,1156471,1473804,882949,1360199,401059,780232,726745,363882,229743,1248171,756562,956059,892589,1531589,409708,394713,3239739,3714762,251926,517896,704859,445862,945345,1158124,1497175,578907,1203056,7321238,701084,251531,1371580,640221,255036,595105,166845,462543,6421220,411798,448871,637904,562953,790276,707712,681947,64503,711513,890476,288418,507427,1460289,1887672,2517104,956707,461263,249170,2263156,382836,843390,361645,213661,1155666,1090379,131498,2619766,556589,1168180,1611739,1471240,486787,142599,2902880,396767,782343,385686,1384431,1253828,575274,298160,604537,1080489,693140,460005,182900,141747,987755,36954,1448518,709404,298305,245243,136986,950402,560333,645947,1370942,1382344,830939,891352,897843,519453,728461,1999857,1289020,1630517,2506826,620002,24670,1167709,10672755,411934,462545,186683,210360,432042,531319,403651,1556799,1105879,730282,1217822,1535129,285915,773225,601910,1114490,887509,721020,807928,71103,30710,362794,896453,254362,229842,2774299,1908825,2609775,1132826,3359486,98318,487535,83158,2165864,5421385,7631157,1217397,813366,1638906,381330,2970489,1346079,867988,2230883,968689,482418,421615,1905928,556675,30972,460968,2417297,300666,835490,656940,28145,1062342,1078094,801267,1389958,2160191,683232,921520,224390,1125455,3050346,390930,2493085,277002,1217239
2024-12-07 17:00:00,846011,880752,409990,620849,232401,2717563,2580203,1509882,1068465,878996,1289673,604473,1328619,1369739,741064,1166275,2404991,391433,1450092,787325,845908,1138681,506245,729555,115839,377369,2842489,3485546,1609116,3303075,262008,352557,1490420,1438088,4761147,369205,708342,1149811,1098801,1933932,940539,2287747,203485,859547,1204476,290814,769094,2010973,774020,1181870,555156,1558147,448153,659962,2985128,3774400,344857,375912,728237,497609,1190799,1483971,1888135,772925,978467,7066625,637043,258967,923955,515406,292662,825822,98611,609382,6387606,392524,437342,323492,649147,326913,1082691,672988,72014,666401,773161,310861,813613,1653093,1931367,2162408,1310527,1199614,375079,1489866,484069,913152,524286,414493,576626,1362984,136651,2269156,534809,710402,1225792,1655444,707987,404082,2860885,409847,846186,608367,835136,925252,522226,179136,308400,1255389,945756,359248,198021,69801,660765,49973,1455872,976099,356026,403511,77144,838618,624700,508945,2031382,629404,652894,656535,785866,303284,1102962,1877865,2237879,1256034,2139290,380329,31980,905073,11756672,713282,302935,191758,1107881,429634,592052,1080750,1251906,1251966,637432,1746545,2143355,265577,946474,847826,1209112,1106012,642881,814173,50639,27591,598193,1502192,128020,657159,1949560,2227913,8352906,1390974,3679189,81384,435600,182501,2405440,1264311,8533615,1297238,1010221,2275417,269815,3081221,1051879,1048291,2684862,1070315,143099,226709,1846794,617849,150711,347577,3183147,473177,1230866,1923259,54240,746729,705301,1071598,1964034,2635132,1053622,796028,436324,662231,2925701,599409,2400249,169367,614673
2024-12-07 17:05:00,1128822,467298,526592,700997,254293,1496836,3423409,2163736,874937,570000,1180543,836433,1898153,757124,520456,1478586,2572620,523336,1330421,1709715,606798,1388128,462731,707908,94783,556628,2621467,5008136,1088675,2823687,271025,238778,1305006,1276251,4199091,891432,613408,1535791,1690588,2700273,1149242,2032995,571173,287262,1306099,587893,536392,1630360,574915,1055737,505986,1502115,690528,585320,3660785,3214940,194334,331383,980646,605521,1273595,1003969,1083793,610729,637494,6619782,1102666,359575,1003018,604073,252729,903465,87661,717294,6277023,493889,421971,364042,819399,581363,1161386,1232232,141098,792882,782287,238418,1102206,1376456,2328857,2353668,679514,3082353,277727,1645932,230670,909467,628433,479498,716870,1216035,581878,3020592,1484255,608990,1063587,1706895,766277,590271,1169788,781736,727675,368396,765722,1428640,477754,237719,731685,981014,862222,777777,472821,143293,467479,29661,1614078,653100,180411,451971,144566,1355651,232131,532004,797246,870421,835995,1009103,1116541,393643,1280342,1910756,1730905,1204336,1568419,275802,55790,583215,12269022,1289682,479268,212613,307114,265038,648049,873305,1229243,841199,1438140,1738568,1851722,405808,1406788,729557,680664,1040984,905666,646467,339108,73399,280658,638190,251360,948967,1172971,2569614,4599247,1229742,4015985,71859,571409,117198,1842666,1359213,8425494,1021417,723416,1851814,304347,2571584,2010658,1513249,2837858,691216,161340,1190843,1418696,734805,23017,474823,2438416,535000,1272818,751295,230134,875157,867342,1330306,1274036,2187354,796684,718234,413234,737989,2853110,614771,1994735,268609,629220
2024-12-07 17:10:00,1778110,1310028,472141,1187654,272375,2080833,3313042,1857007,619979,576756,2095172,920914,1755141,468767,485926,1241144,2287537,307797,2118895,1047840,641222,1016463,421064,625122,73149,898194,2824952,3509573,2455971,2146018,204939,506181,1254529,1385252,4189558,910315,346395,2443230,1032550,2188969,951180,1776881,556229,575838,1450030,283976,228253,745871,443427,1235318,446976,1553226,613180,571467,3869304,2243441,171713,539184,1094527,602128,938295,1366509,1567524,464399,1078024,4030130,1110134,535172,1065096,268643,888890,657737,126489,410041,6192751,624262,398636,412605,1059094,445263,1071809,666595,62949,817537,866121,233154,1460254,1360252,2965065,2429175,543443,2476953,129296,1345362,264624,1128220,397395,149985,1742766,3072159,41434,2452974,496616,671756,1386347,2346084,673065,283837,822616,492932,1076217,662120,847534,1002006,527914,155081,891114,568467,843755,631849,144455,104064,135882,28004,1158479,760832,122823,330631,99871,1368658,378571,776162,1259311,497411,684675,1844260,1221621,349800,1059548,1316390,1117849,993701,1721128,488724,39189,1055829,11194049,349398,380721,122545,226142,220369,915432,387147,1136869,866344,233713,1864456,1937979,328497,1130568,696446,471712,1447649,793941,463719,559386,45691,238182,532676,224865,1409999,1142979,2278950,3368038,823600,3844673,102167,656853,144781,1912428,2185651,8371753,1062208,194598,1350541,636453,2323371,2325004,1165413,3007435,1851933,352703,1299300,1696829,602325,418688,488934,3278764,765015,1344775,1440749,18453,1040441,990387,1998426,1223763,1555466,420069,768396,314290,1211659,2416162,555428,1682191,235112,956863
2024-12-07 17:15:00,3106871,499726,498249,791317,767061,2425408,3127830,1605534,605680,1060249,1459116,998858,2573490,509090,356369,467697,1765218,424467,1788340,1215800,411631,474690,484533,750133,55056,631418,2924098,3767399,787843,1718673,142246,283989,841384,780259,3093097,546874,828704,1846811,928972,1444723,1493618,1904236,414335,388226,669182,793438,321777,414897,799019,1389290,382237,1639332,560148,601813,3206206,1794489,150401,557054,1054834,443888,1389230,871849,1883350,527869,1345404,3417219,625062,220244,1143910,519688,515110,328500,136395,349295,6320916,457410,218652,334454,704839,516091,722113,1008645,106731,605958,882403,311810,1232036,1252989,1618658,3387592,1117173,968788,156442,1497292,607595,1687923,234457,183384,1041703,1265568,79335,3704863,1014790,1038873,1690094,1691826,218190,317211,1228262,285591,1334498,501161,1188023,919208,528236,166784,519500,437111,154115,225519,107729,97909,806292,21169,1065840,1189784,197336,458542,154783,863371,808526,1293706,1190295,866819,435664,819147,997181,362335,1049051,1047960,1642970,1049979,1447029,5028469,19982,3647886,11503480,621369,1059991,157972,348957,285828,611452,297412,1398577,864291,337465,1559031,2212417,450225,1061438,713675,372450,895025,526596,591636,479131,18718,570837,1716610,418316,1154122,1182824,1968765,4122087,1919225,3283270,129916,1254317,161115,1734265,4362812,9212040,1014645,866459,1542591,447272,2404717,1914022,1773938,2217556,3310003,821451,192180,1297384,592543,415029,443879,4507969,512641,1670815,992440,19409,1875411,622006,2297325,1193717,1392920,213317,836501,425261,780074,2148147,488203,2259260,249384,968667
2024-12-07 17:20:00,2334523,704053,504304,805534,321551,2342256,2746368,1141834,540254,968677,1265233,480493,2577651,568976,438689,1003768,2146037,574561,1538315,1176294,378374,534036,488955,668946,154876,530493,2521742,3644958,921111,2373097,193289,530877,591929,796711,4923710,463146,946365,1956815,1298757,2984523,1968712,2290497,250742,305565,342002,291719,526789,634555,649861,1113547,739972,1395312,733175,687361,3493066,1875474,261880,544145,319526,553200,942033,962943,1263246,897935,1285356,4395984,450645,239911,1280403,1446299,386174,397155,117306,354480,6235320,228286,288185,571608,1017216,461978,765141,1119637,67784,575842,1235211,283018,886249,1193233,1715318,2358757,1192270,532268,167007,1864484,300596,1355080,315355,192475,2066891,1890776,164740,2222300,455063,880084,1960335,1740447,403892,362160,1169061,462757,1196534,368272,702142,1155183,884334,174782,843429,330941,29246,371784,123893,92259,337753,27411,1168865,1331872,376735,385086,91453,885695,424341,762871,1918029,1087332,794139,1277306,1641553,420871,656778,2114814,1463851,1350397,2431667,429473,71629,933809,11073971,385272,753783,590052,769725,185621,474077,2184096,1250300,961740,622301,1435034,2528871,300656,1350994,922928,363627,1391616,717749,577657,581612,89199,260439,867585,505906,777572,1845588,1936782,2773800,1424438,4066965,63420,1432012,552142,1365177,4535637,8479797,1256292,1152965,1666801,610479,3094270,1539191,1074670,1601336,1072851,651896,213623,1330006,663534,456682,444946,4884170,507934,790933,775962,11976,2239272,614572,2029607,1327495,2043001,561204,991253,548681,1826184,2728178,1162968,2796009,228381,1162857
2024-12-07 17:25:00,1374441,1184466,374945,605893,454114,1517787,3178437,1310491,713929,1031799,1247774,404307,2215288,962893,827057,899886,1691573,464300,1570252,1149382,833913,808834,499410,1310585,119144,583256,2097679,3203522,964192,1868479,185722,892115,699771,910799,4631573,581696,578711,2052810,1960224,3368903,2006489,2402585,80932,164539,199272,376086,254130,1105833,927139,1145124,384198,2093872,548606,561139,4096599,2216529,72898,681032,243958,568838,2566432,1278220,1270091,783007,706901,4115959,600766,483497,1485733,367436,532668,667041,261564,361418,6753212,248785,456809,703495,795024,236639,710919,981897,66523,352383,1083047,377022,612728,1532968,2119028,3204868,679746,628828,299350,1470405,207987,1265072,418068,116609,1558796,1567309,120121,2239248,461496,1119777,1704614,1517288,395127,133007,712194,389373,977999,546859,1310419,827654,976876,117105,715672,330973,74211,312037,126031,277752,574893,7265,1591200,850563,229254,164136,85135,966315,585064,871433,2109320,962611,627686,2859366,1168167,384208,756587,2238050,1977914,1495708,3668729,320218,49705,732361,12186654,349925,479786,804181,450736,305887,517154,777013,1621924,1104179,305584,1975712,2585414,380111,1946303,737661,545021,809001,501343,474968,649194,455508,377137,635443,159168,920663,1645645,2573225,2605187,1578293,3291366,70780,1625391,624556,1498138,5751782,8265158,817177,1441135,1944435,965801,2744925,1481817,2385671,2128027,793610,895024,372811,1165248,605022,454658,353841,5248851,680426,567247,749343,34293,1575041,624423,2367623,1209878,1772630,611144,1828178,354473,1531947,3680900,509391,1917649,334353,707047
2024-12-07 17:30:00,1271071,524469,353829,1120117,311716,1701283,3036306,1357896,640483,1194103,1183329,420605,2690672,1497771,464646,1142098,1864622,746153,1762532,1378510,1134030,401411,661067,1997366,280528,505766,2883665,2231881,1012290,2014542,144648,613982,416215,1066106,5448621,709585,262257,1867334,1156135,3245764,2185972,2330811,305088,149420,357803,332937,340610,1237713,840137,1295774,484029,1416598,687379,624556,3759360,1906046,92333,376644,560248,1181049,1151885,1175810,1007383,588747,881078,4018685,807608,475289,1053844,209906,667554,593477,498812,245222,6633038,610848,295121,290247,965483,369914,743069,1088129,62877,312154,1037620,285945,576357,1954349,1616422,2602537,549876,928809,144549,1366005,258523,1233491,302308,529513,1008219,2067284,306923,2396320,570576,1185594,1210423,5005270,652042,244878,643567,228148,780507,382634,1594090,858859,669349,112546,495765,822191,27257,479703,406282,157286,403156,21549,2009539,1740091,197910,209194,42108,1538795,324264,972708,2333625,899131,796663,3392752,823941,443687,1048175,1149623,1228125,2233603,2603160,241122,33279,623534,9082258,423861,488501,632743,163579,235334,694551,406103,2739891,684545,516773,2585831,2911875,447744,1061758,701082,849222,1332738,493292,407722,479078,330611,369955,265733,112658,951714,2383628,1667359,3168697,1649612,2654151,85995,1648540,272098,1393962,5284477,7908989,911745,1540935,3311661,661976,2465979,1731462,3250107,1690264,590738,615152,281838,1569682,501421,401667,481342,4043744,452257,914217,963619,15880,1167253,1089294,1692642,1074615,1528251,535966,784083,924309,821675,3130062,809012,1989036,341136,735779
2024-12-07 17:35:00,2130903,558002,393346,1287202,560053,2170965,3386842,1330351,443964,1091481,1388692,578144,1805579,1452174,323953,756240,2540945,457792,1494216,1354645,493844,605309,984178,1045945,145206,433774,2691826,2810907,868797,2255396,435280,215182,540367,997365,5716935,740653,454591,1830724,797876,2764722,1966324,1725049,402533,823541,414238,380776,493752,712994,674486,913231,762354,1243886,764012,739491,3683925,1692532,176283,410241,726443,1220361,995105,1269350,1427270,766979,688873,4534313,1138545,348360,1153215,420455,191840,598450,392882,502306,6290952,343367,317638,525627,1049996,978169,1032305,999266,133190,766728,1524421,133993,1208522,1676514,3164625,2423716,850033,571787,142032,1349676,229978,1150062,611959,200318,1217610,2137816,468004,2161690,416733,887880,1859868,2709746,811454,120741,913852,284003,892664,528853,1760969,700751,514388,215483,655116,692804,39647,995493,279278,606801,653995,30571,1843505,420425,113226,210985,47570,685627,543921,1168487,1498759,853018,810794,2283263,884145,364795,786151,1505887,1424828,1616612,2432580,270491,80711,811783,8641766,377666,578137,383776,527000,373585,1622578,541424,2513759,775649,509211,2587121,3043815,258030,958964,524502,529859,1584274,1176312,448122,427814,65402,483499,554171,169756,545103,2607771,2627661,4152613,1511537,2681042,106399,1624601,396466,1600047,4939554,9041303,726396,1536468,2839332,653779,2033623,1459968,2241571,2388841,611580,485120,189111,1703767,479920,196201,686240,4372581,444553,951941,1131989,16672,897514,1918051,1484999,1141272,2524564,446924,668594,1143117,718132,2666127,898690,1920618,333849,675622
2024-12-07 17:40:00,3310961,897570,314331,559891,565413,2455569,2947728,1449466,591585,884185,2445925,1027281,1556011,1138435,438253,991991,3091189,687588,2018951,682310,1141075,387793,1175152,901593,370074,386213,2433136,2850202,722348,2421891,395548,441281,643501,863484,4650998,619434,259364,2234410,3427058,2009986,1885650,2500595,141712,773008,248691,382649,192569,848744,905421,2242276,603788,1069699,691077,661190,3836796,2319699,159674,427708,1189931,1219844,977652,1327538,1478349,672312,829289,4266439,1366925,309764,1076122,477915,430218,624056,338815,529749,6486170,253563,465794,669864,751090,199587,828797,743775,54366,868465,1309204,289743,742896,1891090,2248862,3033433,1111549,595124,174323,1662305,254702,1013548,285898,127419,1200879,1795792,185023,2987196,387721,910890,1747977,1892455,940882,81090,702184,215129,667944,560899,974291,749413,694201,191312,1091184,398018,22741,661693,132792,210404,656540,37315,1116604,679718,236391,282342,143186,1144397,463969,1042444,1620157,587854,1137525,1400642,745572,1313758,1780146,1597940,2157696,1829900,1965762,403842,84897,891064,9213878,531081,764318,301402,275070,445276,1406345,563642,2049239,1692528,743582,3116129,2936428,2291284,1068531,443848,811946,1477571,985022,461039,428155,83466,324552,757230,249937,549564,1949014,2158511,2800322,1381646,3310506,35734,1293716,311875,1939774,5297495,9743588,500854,1728591,2628771,748991,2120391,1399482,1049979,2068389,1469703,494590,132164,2015326,700339,70815,601028,3965833,335431,1678959,1317519,35912,1316391,3275460,1413801,1331265,2280277,1044591,1980515,945064,910230,3111479,721493,1785613,526149,959338
2024-12-07 17:45:00,1801385,606551,535387,790587,484239,2400175,2121285,1953828,541162,1079000,2387122,906347,1390472,1194582,379106,1797458,3017765,815097,1837040,469929,1488167,953409,1100263,1918917,249281,259118,1618372,2091919,1359547,2283272,340495,318301,437419,905205,5429928,314390,402162,2839096,1489373,1624400,1715874,3362061,71650,889319,243150,341698,180605,1229868,1211892,2345667,411323,1221772,902490,745002,4589062,1994814,154065,550415,1673739,1109017,1604933,1511900,1109051,1399810,1212176,3936029,1071350,611129,713951,393946,440574,617779,535328,242739,6450088,335446,336435,536466,1015166,311545,1101687,1303403,104873,773478,1127332,247711,890961,1349239,2290313,2875792,639950,417384,550665,1972107,330781,1621693,383088,118482,1553246,1726823,113665,2958744,415733,984941,1699519,1654062,364242,142876,676104,340977,1593817,543445,876930,503624,434155,98883,715641,456904,13706,290421,342227,27659,684963,33530,1857869,494062,216932,280613,66554,849927,367793,754989,1725885,861021,712115,1171661,840630,834044,5213190,932321,2424740,1075045,2261630,413431,82332,446398,11135662,581674,529567,420626,608723,401751,1726367,582793,1730634,1483748,674019,2343832,4417514,485130,1574935,565989,633228,1403001,723327,469279,669603,41742,337477,508700,272407,708564,1432938,3563353,2437716,1721636,2795963,48812,1507625,289742,1584352,4916553,9367668,496927,1581365,3104999,702832,2897359,1103195,1167605,2054986,1092105,621418,266717,1939471,432469,96374,456674,4141849,685741,1397759,869977,22407,2714244,1203823,2255676,1775025,1550045,395643,1467646,787814,766354,2448905,525897,1810047,916982,1068843
2024-12-07 17:50:00,774548,749642,620392,1219984,452203,2401303,2595640,1995425,569318,1287642,2113636,1338868,1231727,1541288,483624,1535274,2357015,437920,1982886,594583,672326,491773,378708,1410144,215428,652977,2185725,2913720,1178863,2061210,141750,634787,332048,1028294,6016299,338252,305116,2419420,1452410,1333440,1658567,3367883,89242,761661,172835,229805,311549,502215,1267346,1796595,412231,1738720,937761,1443152,4227739,1998104,134189,661062,998579,1319324,1310504,1201794,1435333,1000429,1193345,3632277,1297766,224346,961431,623911,347107,437122,303015,437316,7132896,231631,390903,529358,912249,650775,955465,1343818,96130,908239,1048279,205972,742921,1345749,1591486,3398334,752066,630456,518012,1820622,308618,1191891,781312,154878,1312339,5568293,118726,3130468,604531,1579325,1422998,1835802,722066,81812,948998,442122,761344,345368,784611,1011210,917318,143714,121996,284837,8563,394184,454819,60306,667844,31670,1277553,2227769,259426,329928,110075,658295,483210,715598,1261599,825303,1260258,812999,1254137,250232,2786618,776596,1732300,1434457,1657658,301484,108734,579239,10841458,907438,564112,325940,261605,910960,1125126,682525,1720883,787294,852884,1851943,4921516,587480,1145661,788475,530288,1231325,865697,596803,167105,49278,454457,619084,67135,611569,1620894,2592415,3460172,1488903,2856046,73566,1686823,291385,2325673,5307163,8907818,1149625,1680846,2507979,506147,3679630,1344255,1359569,2085421,803406,256519,173822,1477567,1073121,26884,877719,3775653,465779,2880036,638915,10239,1286138,1326439,1505617,1389409,2204608,479190,1210164,596838,1001068,2765366,640201,1697564,1076938,1270680
2024-12-07 17:55:00,973403,479449,812266,1107846,314613,2611365,2499589,1764914,440998,660198,1158139,1396052,1260049,1583284,355900,1442097,2279746,586558,1924762,710555,644935,1813919,621719,1411255,220291,479943,2088134,2283963,1114911,2958758,309653,561771,244950,1887268,7053483,420511,450359,3653390,1036029,2277895,2067089,2177518,83304,865926,280942,243932,462144,718509,835299,1573048,417482,1509106,442043,896987,4736761,1774225,54219,760135,517577,1214249,1258610,1240944,1319149,1101847,1258950,4205946,1089175,208014,909137,600999,370783,307168,329919,343498,5841559,182816,349671,519265,861869,487348,1078924,2488659,179914,1091948,1148014,218133,564869,1347010,1702263,3168808,657972,771388,195468,1938910,204633,1343440,273446,132795,1071807,28952520,124782,5638730,979003,1616407,1528991,1600480,2051114,135078,584550,430167,726153,529760,1046802,1123214,530104,216435,382634,379040,3362,282893,355922,61562,596653,13075,1377151,1025854,205023,295743,104027,726754,435160,638333,1482434,1240976,853817,1412290,1038544,697911,1781945,989574,2325511,1827597,1838710,396994,67060,908232,10188819,636578,611936,180867,322182,640541,1464484,830630,2114888,1000421,818398,1484186,5862938,632407,775277,536741,738124,1487079,870125,561758,161686,170286,316206,505224,104160,570333,5054163,3515263,3369947,2002598,2707045,78604,1232615,348861,1552121,4780580,8886326,430323,949187,3063393,540213,2379955,1018436,1115306,2472620,640079,143467,382869,1223625,1032600,74897,909770,3230117,404100,2517726,748062,265298,1535752,1553789,1945765,1064588,1312711,708048,1718060,949579,1031965,2739222,656957,2257257,1326795,1199231
2024-12-07 18:00:00,1594264,571813,596875,778122,369116,2183424,2402914,1306349,520668,548305,1590864,1357164,1248868,1566386,304571,1350972,1792738,612128,2911973,799331,647642,689165,652690,1654946,280916,216170,1603546,3024827,1370620,1754294,126466,432184,679961,2639332,6779622,366181,315202,2341038,1075943,2720614,1562001,2443765,108922,1176771,367689,544330,235940,566270,689314,1625207,502212,1393683,599003,1608402,4694321,1959886,86091,503053,324700,1150265,1151892,992276,1532460,892512,2161664,4661074,978342,387481,768313,867507,511635,261843,346637,386441,6348595,289631,442266,248102,512180,324977,2311226,1400561,75754,1361118,1265021,300514,520427,1343393,1765419,3812006,610681,361472,95261,1517593,529632,1355052,267623,198288,561510,23682204,46388,4139565,1260933,2028254,1237341,1276594,529831,265796,517336,370270,470354,659547,726905,622131,592935,127066,203291,593091,24220,335857,486735,55974,566726,77034,1828149,471298,295868,280204,138296,695094,512301,943906,1773632,915433,899523,1041058,800141,645841,2049235,1233199,2922631,1477779,1789471,403348,124937,578102,8956248,607143,1108134,134419,200480,387302,1572647,782285,2067297,777681,644596,1356724,5517893,568283,850413,650546,452292,1305422,828861,532777,239476,86749,818472,769543,106481,602488,2655015,2312779,3413357,2336435,3192410,55536,1767530,474790,1983756,4683929,9253265,568453,760021,3019342,226097,1704285,1275213,1052678,2839304,586442,150014,263516,1198925,1170485,283670,556603,3150525,558265,1448214,599525,30998,1423115,1445302,1877997,1236850,5955574,333920,1165433,702110,700516,2332654,587173,1770174,772825,1332514
2024-12-07 18:05:00,1901638,337062,388637,736119,308742,1989675,2596358,1059753,534373,574204,1990673,1679753,1072075,1815562,613575,1312370,1449965,420979,2207664,748702,666906,563635,1190946,1110284,939744,938749,1768695,3235140,1424197,1596933,248377,547686,695838,1621988,6472317,807813,277518,1821506,1294396,2259337,1504563,2645977,116924,504098,246382,504743,226051,508485,523236,1932068,442381,1698009,486168,1056387,3549429,1918245,77750,798169,846489,1157803,982409,1192425,1432276,1437008,1106012,5218085,546156,501167,512787,707746,325806,556920,456482,341263,6546951,164760,368802,257570,1017156,465454,2061477,949868,81224,1438934,1256248,604888,815259,920967,2295015,2742280,561822,395675,160894,1876907,376856,1233062,549301,149731,1002132,23557684,242167,2519655,1507552,1085106,1029858,1445012,454790,97039,393961,341978,575447,550090,1325424,1422271,898287,184313,277212,669730,15185,631478,204311,193835,179801,116992,2126889,494142,121761,439613,148832,929955,325778,764032,1836079,397743,845614,926402,667709,226413,2144936,930738,2049629,1478592,1943995,447414,430529,824223,9150005,479632,1071090,264949,142359,225407,2090429,218064,1828975,754233,321812,1451150,5437098,271644,1147042,685494,1019211,1148143,1361653,431479,258358,62873,528328,746957,138341,614401,3355568,2213364,4015279,2237593,2635129,76475,1610279,159061,1979531,4873526,10182887,369690,426939,1553819,383343,2237757,1320812,1351045,3171652,1750091,287158,614521,1739996,1747321,165028,767291,3828515,304067,1607221,511514,14677,1103700,1153919,1904676,2178687,6065080,317923,699687,503298,655974,2589885,723445,2171871,669100,1831141
2024-12-07 18:10:00,1257380,514044,525103,848995,570894,3331849,3604576,962183,523448,635261,1701105,1310200,1592061,1531869,480704,868414,1511977,457723,2645503,1050719,707817,797417,833652,965575,168563,452993,1696088,2394011,1741693,1901467,189205,628829,589202,1626527,6293871,951938,404603,1831532,1144425,3117239,1125559,2353351,119609,680303,227896,571591,430631,556440,697916,1960250,817164,1565515,458896,932340,3788396,2366120,164524,938435,874959,1195945,1681070,974464,1080504,2105571,2080219,5608894,515869,638023,683417,457197,421914,510245,406777,743059,6314526,218334,500092,268361,657439,756116,1479237,954490,219538,1264908,1159237,443532,1283372,1218662,4011133,2752608,881408,398417,704695,1390522,259875,1352411,375751,195499,924566,17107116,207493,2977513,1350135,932201,1424632,1863672,462012,90953,368492,296698,427702,604266,1085739,835018,665811,345947,246016,464156,38948,1032143,282122,106626,136237,117397,2075343,766571,238470,241565,174051,779367,787821,579883,1849736,490144,820629,1803653,670106,264197,1329129,674167,2019282,1296976,1688210,756752,54576,621597,9849983,254314,1489453,341886,484139,307993,1244487,522440,2565588,762027,714397,1484727,4724931,392068,892985,751234,554535,1352374,1063191,424447,176168,221983,435984,942506,249791,609031,2722251,3057468,3164752,2046071,4080313,426289,1214906,331095,1860250,4869139,10139865,496501,505481,2363489,439361,2526490,1235513,1196603,4250742,1223581,419811,617547,2366076,2034507,71619,640861,4884732,291259,919044,641893,28911,880015,1105339,2245952,994290,5783309,480479,610501,471828,525052,2622315,437463,2454592,604097,572376
2024-12-07 18:15:00,798071,699930,505161,803466,857836,1575797,3192444,1227132,441433,640250,841167,1029282,1624656,1563073,539304,1136930,1682401,406542,3122281,838858,656380,1030401,807357,596177,508904,781026,2575180,3152779,1774377,1864454,151713,552543,237854,1765609,6525815,975451,1040388,1719425,1340196,1913658,1046576,2605945,188335,899970,335171,585990,679094,562894,703169,1605854,755866,1580493,335036,580606,4522956,2125427,81485,1256057,863185,1301414,1825763,1566814,1096510,1282097,1821077,5878970,947897,422619,1070453,458919,174727,631629,320038,671818,6424237,295542,544740,218264,547692,848668,922056,1401643,113954,1763575,919542,993729,2566883,1608022,2958124,2535579,1928788,511387,228167,1660499,697614,1090761,355647,214840,850813,1584350,136721,3413416,798568,985152,920251,2010164,609198,91440,321849,550832,1387185,431284,1186662,768784,404468,283436,960856,604163,26787,670233,319072,412602,165553,73567,2397478,590372,158350,212857,128917,732613,401886,462294,2035121,679007,720288,1270429,782025,538778,2805083,1432148,2506750,1397085,1200111,1731522,47925,667260,10610937,256639,991052,434905,208799,486412,738357,413453,2828025,588837,574666,1723580,4149254,1387205,1293355,1215719,985986,1200588,864315,397101,118551,68431,412862,724265,157620,1032870,2698406,2150924,3369332,1859343,4489811,89782,1147435,285573,1302133,5365903,10447764,817983,1068471,2890967,892463,2047046,1183352,1688850,3191337,1023878,696128,623476,2048893,2141319,139224,857396,4127396,582651,1052583,713033,15906,1184082,953103,2379063,1511170,1681975,344111,879111,288314,644320,2233816,985849,2419316,809686,628252
2024-12-07 18:20:00,556536,886000,566050,1963431,503763,1969317,2746559,1823186,345264,620852,979117,879624,1448150,1747622,425053,760565,1904581,367561,2818092,828542,522097,625862,481859,967722,182219,644127,2953340,6586731,1157028,1776142,463263,452112,339572,1448840,6764613,707743,455733,1706183,1120599,2190059,1063871,2427097,322198,313405,364598,502595,724275,618696,1050169,2337617,1720058,1388455,594203,940204,4330828,1549368,64321,1259259,876465,1686759,1835240,1931390,1445027,911975,908282,5907730,660462,323603,761474,464759,388356,943170,525752,592908,6605552,243398,572974,240925,810090,719794,1371106,1038918,104553,1825795,1926794,789536,562466,1591420,2670403,2637201,1511218,414851,488016,1593737,379464,1572607,251293,219768,1062364,2297946,495262,3375978,516020,1267501,833090,990808,482644,160261,364586,555101,760406,296008,848765,667173,487548,141290,289892,309835,10465,533245,129772,60062,141791,17099,1216167,656460,416004,570445,129435,744032,352004,467289,2380502,624447,417261,1522779,1029924,427080,1698300,917975,2855778,1156407,1928635,1361272,35882,694701,10705287,539489,812774,261384,240223,420876,922215,362154,2103018,1939734,366807,1110390,4439193,329990,1681872,1034576,760075,1573628,811666,1076978,178780,90677,445853,737868,143868,1039352,3435808,3073680,3795054,1519376,3110467,75883,912923,239508,1482246,6687329,10353891,637239,874071,2248245,913465,2077362,1236427,911679,3399690,978256,513820,528451,1395510,2046219,381753,1157896,2748175,1069100,656526,735013,5219,1074932,1268951,2399002,912140,1574532,392112,2040016,384799,694730,2754245,753785,2372503,876663,578020
2024-12-07 18:25:00,732131,1036966,1196501,738056,576693,1819892,2521097,1604663,473885,778830,1275553,959774,1924377,1780227,416091,1007507,2236117,372403,3323964,905227,799955,658442,397214,512772,106678,814557,2559451,7734521,1225685,2277646,221425,560564,185400,1608062,7459030,568941,516846,1705811,914815,2784558,1256786,2224307,194754,358031,309123,404574,375616,591041,1028194,1221582,1065159,1719500,696120,1189140,4444027,1221970,237761,1455784,1233540,1331989,1761469,1425723,1340388,791045,592720,5442460,580511,196464,413619,622685,730961,440135,332835,707571,6886733,266379,448014,502671,853528,623803,1323368,1328654,280772,1415158,1549784,510058,764380,1860147,2768068,3058127,968622,422637,417551,1679000,365611,976195,213551,313919,953593,2347683,392330,3864183,523164,1427050,963749,2046995,804903,285169,405907,1092655,769723,325329,1128865,578853,366232,141893,211140,433350,90375,3111663,328664,48841,137578,59994,3819213,456162,347930,346282,92077,1037042,374631,651470,2277896,565336,400346,1347170,1033269,320578,1695369,991169,2945143,2276214,2405223,565008,135932,519857,11054572,1000913,567878,485963,272998,238278,689158,587703,3050715,1376851,505563,1330568,5752917,188829,1843098,713052,1279311,1926227,596117,376525,192915,72297,230163,722890,261074,969267,2946958,2267661,3941914,1782277,2768562,230323,1867282,213118,1856465,6968011,9950619,480031,780338,2830841,1007283,1714618,2082497,934351,4279135,2366885,592133,563837,1235298,2468463,78668,988895,3829322,892736,1035866,1432402,23932,1191631,1046510,2290840,945907,1366018,302023,520758,282428,699596,2186362,849520,2725021,895479,844473
2024-12-07 18:30:00,833861,901444,1081050,894718,363303,2599056,2895491,1740900,711589,1152570,971019,820914,2273933,1383650,1669256,738733,1097303,602741,3252398,380766,722619,673321,912728,932173,280813,375476,2037064,4664394,1527360,2375001,78392,839314,233645,2013664,6968933,626276,929626,1685496,902806,2547078,1299612,2299276,123632,887226,1043643,219051,276931,478105,964755,1154836,949789,1744699,884840,998252,3949961,973931,322559,1300443,1340177,1024310,1373506,1507142,1726861,971703,1040010,5457468,721989,147209,730377,1545565,920615,502098,1498918,424833,7013587,592746,1241525,874697,484380,616105,1211852,1932898,84581,1248033,1284054,309064,847116,1550519,2970070,2453271,799197,623829,181495,1868508,330304,763109,207730,492450,652436,1614573,274547,3643258,825489,1325800,693949,2041668,737133,122943,336920,812086,1479267,390554,586870,532691,341650,76320,296639,484076,22231,752769,98936,75120,176572,18268,1109295,464250,126637,606130,115170,642022,473907,480684,2672997,976235,747181,608594,806812,291824,1458656,900577,3069683,2043884,1634723,494764,30656,604214,10474601,767708,368724,368116,564765,287759,714291,365340,2548870,717311,387264,949660,4058640,254942,2056028,1202818,1381733,1133979,766001,598371,180348,303286,414867,669813,870946,895201,2555455,2233433,3341315,1378615,2771150,372082,1120427,250341,1355393,6835593,8802504,401920,648079,2614479,609936,2142559,1449972,717890,4082072,796609,530800,712477,1485057,3052816,38511,1101500,3256828,419148,1271150,1625249,8819,970820,937396,2512814,680193,1387025,245735,924036,560350,543629,2538367,409971,2460833,1012419,968303
2024-12-07 18:35:00,874237,491005,853156,723624,361758,1616518,3171896,1701991,567891,1085579,1284384,1015791,1976007,873692,1847192,1400194,1054882,635679,3580124,502079,693927,930174,958495,1066517,93190,319595,2457999,3944516,1327593,2046026,140790,708177,412704,1544055,7566614,877700,1059777,1700855,1062101,1704383,1221640,1787559,101841,493652,309094,253654,314425,474203,1363468,1197247,1127702,1462134,1256831,1546651,4181808,1199359,115764,1263747,1372430,772097,1082388,754457,1147226,1163551,893979,6442129,1075900,351836,493955,508955,790415,625894,704566,437501,6802992,451271,2017402,500565,653995,538831,996240,1621882,55381,1473544,1018487,377658,843165,1051698,3869081,2789618,859606,746820,239797,1767867,334581,659148,197976,778197,787781,1028423,131315,3126581,951830,834508,1548693,2380453,775537,157660,252864,286485,1307037,266813,683088,614431,325705,157014,404765,864593,184616,142655,153580,58054,135019,63187,1840121,1171630,172728,1524920,132694,1129947,445959,610507,2296063,1204149,409313,588530,1292421,413296,2077016,1041510,3121244,1767384,1259780,243076,66121,669686,10323275,897231,1088218,423314,326047,465412,863511,453099,3168524,602249,216386,1012722,4161069,186017,1287641,1506419,590680,1333313,600433,478928,123842,492432,331847,593866,1196955,885245,2200100,3037416,3013230,1684332,3279381,135952,558337,642057,1560068,6956517,8574236,638591,1010576,2587153,405729,2583134,1409310,806130,3812936,724971,526788,662791,2207102,2578031,81971,1060207,3765188,371876,856460,1480705,4594,1069929,727204,2806013,888019,2032632,251506,767825,411081,716762,2571795,342724,2299840,1278902,824586
2024-12-07 18:40:00,1308844,374338,831993,471495,373341,2105919,3161718,964209,391720,1496173,1467752,978909,2050535,884273,2414825,1193194,1480632,396046,2469322,926929,547832,957330,1142663,465174,254560,274217,2418397,3583213,1335463,2759650,62811,404148,505486,1406406,7731719,709799,1107600,2420034,1537131,2215152,1150790,2050538,128882,1004098,288438,680338,351507,453330,1201443,1171889,701686,1453122,869295,1696363,3909072,1625696,118301,1590145,1204501,676353,978255,732683,1052658,918492,800629,5906118,1367954,560721,651849,588525,716695,867026,500829,959824,7458072,254530,2045147,339781,662516,342920,645506,2712725,54012,1583907,1242733,312285,576512,1475111,3471705,2911893,1248746,670406,169061,1137249,357730,819460,253769,608142,870624,1476200,568842,2914019,394794,642674,2467370,1756779,982733,311352,253536,494581,1430770,467854,796550,558818,288637,308917,382938,895024,24820,583269,140846,50932,156134,43712,2117891,1518656,202579,697342,86163,1034982,488759,429026,3672666,439914,771722,947006,812781,275125,2143849,1228000,2692762,1674001,883313,408444,51899,581352,10094211,426313,436500,402874,329342,291873,1430173,792938,2517965,328034,200375,1057362,5345837,231726,1752064,2159298,772864,1508863,704355,601250,253525,131347,207240,701450,750543,1379240,2337614,2555814,4448570,1832568,3486094,417864,677239,549780,1810127,7969825,11073624,587194,1045496,2182017,371952,2702125,1704327,960739,3569673,677061,402816,495591,2112112,1813042,31518,980815,3878834,439521,783793,1045153,4083,897865,700362,2481929,630529,1252344,335055,641547,152067,714387,2523090,370430,3143437,1165944,1135444
2024-12-07 18:45:00,1146042,344993,630490,379524,498112,2394136,4062414,1402068,383349,843062,2925750,1676094,1632880,1513672,2225549,1170441,1771471,273392,2661275,812740,765144,1482096,875783,733046,388946,385501,2799456,3127338,1861386,1725799,124036,332200,445197,1446969,7104394,736796,1946974,2151924,1742215,2402365,1464618,2551056,103444,836393,805309,286396,321421,517954,1115375,729621,699844,1231944,669431,484110,3964485,1207513,266523,1899940,1273967,682747,1604857,726604,1325519,1038683,639470,6054447,1427351,440980,794078,510877,1041546,1097076,783825,268571,7725579,359592,2003736,345766,853864,626601,594738,1829335,128679,1203177,1433665,388293,554311,1840088,3015907,2537747,1041506,768654,240151,1269678,205954,1345058,411829,261740,873251,1581247,171085,3149549,329746,1101227,1248562,1083039,960050,214164,179732,570793,982129,810090,1317775,526121,486830,923968,842939,516566,48834,435843,139536,34531,1731263,36554,2904947,775295,128377,328498,357592,1519657,364163,759616,1397375,399723,566426,1339806,696917,410346,2188657,1406050,2426440,1781639,2013688,506857,93679,494037,9899470,445306,1154955,354806,444244,320961,866822,622677,2223534,502188,633629,1224408,4169259,392468,1703833,1309239,689029,1252907,730687,874992,120552,198183,217738,662016,734586,1005112,2110951,2820007,3446018,2669795,3111365,195262,1144169,182040,1895914,7208180,9829446,356285,1176740,2072703,243279,2317765,1802116,1404844,3351348,982075,420190,422779,1525275,2187036,41483,1092459,4296762,441565,637710,1719690,18102,909358,661623,2682294,705908,1304694,149188,569932,209282,496725,2724588,585245,2593985,1374787,1636240
2024-12-07 18:50:00,1099525,323911,539139,391045,941537,2276061,4684238,1124257,431034,1013314,2020231,1656498,2874623,1051755,1891762,1167470,1581019,227009,2647405,545331,737859,1436719,657839,913537,280251,401177,3395650,4378843,1162568,1855317,130598,658101,510385,1560114,6162640,705822,1024593,2286843,2029197,2262363,1167553,1681369,78195,480620,909951,317120,613678,610001,869653,627001,566278,1679204,735436,1033561,4759919,1136838,407780,1071310,953489,597579,1639343,881707,1174919,1179275,723270,6652526,1009059,226557,618172,530648,912339,527656,1286589,520413,7525088,595510,1647537,373596,714230,618323,613137,1005934,677879,1081942,1728705,201986,504676,1676981,2206041,2273848,1527715,771798,358626,1277037,662585,795248,238158,513665,831992,1629792,192703,4090750,796168,1166216,1983459,1875676,1018813,632710,311508,531800,910376,589373,1277822,576527,703309,425120,828543,530274,67576,323438,88937,42953,2767154,31669,2650915,867501,129953,1480521,494005,1051260,405601,984458,2044380,317591,501069,1672835,719610,270246,2193217,1566389,3389815,2214685,10245375,379171,58823,430746,986055,488537,335436,474367,437882,640549,1811052,698942,3010490,4321869,267979,1417616,3448794,205157,2225087,983357,1233718,1478704,746326,317328,162189,133679,350811,697416,805690,1019815,1680028,4306827,4233643,2129115,3250389,151706,698277,163825,1770658,7732211,10131310,774932,1335942,2611922,288462,2487623,1600121,1607098,2930732,502900,526407,553369,1763768,2586768,82982,711028,4477951,1008081,554121,1845405,28948,1181762,676334,2432775,879808,1234447,236697,688185,256695,401037,2478275,363116,2024287,630651,1618875
2024-12-07 18:55:00,984141,307824,455544,465595,1149223,2291127,6130536,1430042,682704,933955,1897564,761031,2065440,783003,2117355,1045069,1393771,296485,4010875,459235,253529,800402,345113,1115746,388356,243205,4203766,3857095,1268748,2563268,73453,562676,1796060,2055370,7923949,726931,980705,1823759,1923825,2082760,1575386,2780915,87179,345092,673090,469878,367196,869095,930091,1456485,498788,2468891,756897,686118,4254498,1587784,400866,1182330,1704340,1049113,1850627,1020746,1693583,891438,867825,6315991,551478,217783,842738,553129,501262,607175,771873,310964,7474491,443602,1615313,425140,635661,544102,615941,1391453,571928,1554921,1332070,230666,1439425,1839139,2885157,3365910,916585,678560,193857,1402914,432687,1058324,438484,982521,595965,1103636,131669,3194150,379607,1197747,1201834,1871876,916623,499051,410543,420097,1133894,274421,1078823,871682,942684,245009,441467,1734452,41358,342570,79980,59232,169454,39565,2114298,695184,262679,1447645,344727,1198526,296707,616029,1170325,796731,762614,1945151,884987,298672,2012088,1568378,2858583,1457754,11785852,441864,56903,531374,1338549,392494,505435,199776,548955,601606,991170,1023039,3351910,1647291,348514,1502805,3444442,227400,1850538,835633,781141,1107243,769951,586876,242756,117180,669320,771482,873714,853328,6084757,4033625,5735930,3396347,3199937,119929,1755014,174365,1565336,7865580,9755996,336114,726566,2336609,970492,1673396,1343022,1873413,3169308,763838,386253,670636,2071898,2413249,44466,908160,4199224,917300,1468135,942274,20329,1590457,876767,1647788,2091297,1792032,279390,1294179,281284,577597,3453539,404495,2966253,1237971,1717093
2024-12-07 19:00:00,808043,313437,657873,296302,812745,2074038,5523871,1619637,457576,868924,1244574,848286,1586427,1062908,2436356,1099584,1481808,312052,1172761,385738,221165,934814,506933,1182072,392126,326612,3054920,3761189,1790678,1771090,114241,599048,1527641,2159602,6985056,690948,860510,2334893,3025647,2723009,1208046,4001068,141476,368380,544684,2042583,308192,618217,860866,1074314,873209,3094187,792949,896333,4253787,1305881,471960,1916134,2123479,437093,2475742,1028817,1465622,1865606,1003403,7168500,617345,168579,788969,455185,386640,248380,476609,350005,7042052,427329,1958637,582940,5090546,440819,887598,1401849,413484,1494127,1474415,178987,797454,2470213,2332548,2889285,915232,457975,222512,799959,294350,605285,273321,558632,607671,1333791,52020,3568942,939848,1379237,1202858,2279262,611105,230977,336841,502909,678709,282073,1070716,719446,509011,275150,737242,1021693,32334,396763,163024,55063,183514,34416,3500936,929507,217127,231304,233560,913155,162163,843086,1100175,444504,361466,1398033,710965,575139,2063201,1514483,3570381,1824132,10916353,624979,138030,471874,1614759,598996,394756,132784,474820,735228,756529,703978,2383477,371064,471399,917832,3124780,241099,1172179,777036,484397,1128164,531691,206153,149465,282054,570214,903566,209984,1126900,2627879,3129987,5901157,3404638,3405986,127039,1148063,104459,1676179,8353708,9790986,486065,620980,3105529,1276285,1969900,1582273,1384452,3470572,903325,146173,980106,1772457,2168504,40041,915968,3836919,459440,1184167,1189364,6912,2810600,796249,1930065,1597196,1439927,212704,905101,375399,416713,3106782,487270,2678024,1219143,2940956
2024-12-07 19:05:00,1433643,406920,349864,238841,1004667,2904268,4290915,2311107,576634,687750,1052188,931484,2199896,782434,2052788,1363206,1172941,317274,2424478,718846,283612,1168949,647076,616536,240652,382239,2623863,4427747,1367360,2022760,95491,528512,629050,2318338,6542127,753466,1070540,1850302,2317225,3508746,1130865,1388771,106392,516393,437831,1726797,266724,551810,2051788,900375,1083934,1838305,665471,590179,3850247,1491374,539258,1892306,1954978,226676,2956733,1222571,1238892,2096237,579199,7213873,1208647,617772,719808,584739,790848,322243,676278,186544,7574284,492563,2080618,577329,837771,392819,832654,611979,393846,1358156,1694570,260424,1158764,1140785,2759662,2403125,815369,415964,109808,795621,185342,989207,298371,393833,642398,2285689,103137,4387805,564472,1154312,1515038,2048396,679711,444977,372364,405490,857770,400333,1055601,380831,518638,370815,453917,791432,145965,263746,229649,50973,197024,33313,2988944,941510,276283,255245,279339,842856,184530,867018,1120513,527336,602892,2590184,679828,334986,2369326,1909061,2903938,1382059,10573785,730920,107366,843229,861157,610071,358685,365240,868775,679851,978200,949302,2018177,782998,516671,1291966,3308692,237396,1623285,1168272,696634,1144135,931151,607192,176183,529272,749128,1144006,247866,1094713,1935993,2933068,5384063,2021120,3896063,148978,546798,151804,2121444,5469144,10252866,272778,726887,3332501,1150349,1926461,2030724,691111,3350888,1082655,110981,891428,2015885,1671366,29826,746350,3719058,749252,1065343,1067956,11225,2456893,671708,2088381,982859,1161205,217033,488788,894338,517975,3557192,415701,2350979,1310670,1998203
2024-12-07 19:10:00,1484376,228755,663438,547096,1508634,3396456,4122311,1483616,497014,589478,1244814,875178,2337531,691744,2359812,982937,2277934,348528,2332379,397771,569394,1021778,982871,768601,220094,673008,2827653,4680969,1033174,2580896,91362,707521,288750,2085355,6577629,709168,1023402,1621239,2141375,3366593,1356331,1518787,212544,966707,549244,2308728,322037,529848,1017932,1601675,766879,2538675,1164376,723445,3900854,1355817,462587,1270730,1007863,223341,2111236,1490641,1027227,1978431,762815,6731909,900919,969650,673883,319384,671929,912139,476507,588245,5724613,685023,1394412,949601,1650769,456255,930392,950043,114706,1081425,2895653,231962,603462,1157096,2398257,2057503,737513,392768,119402,824303,203633,2045631,277644,1517366,833168,2178841,163583,2805124,335196,1292738,1584527,1489107,852502,237952,391770,515753,766803,386466,1173559,782132,475645,363950,288035,775084,104025,467097,535785,98254,329117,30284,2868840,495200,541816,230661,214880,667031,1159260,734309,1503626,609312,417879,1923991,469335,602128,2478575,2814742,2494347,1661723,10644256,411373,119369,550661,1099524,827615,685859,246772,318765,509931,1015236,930579,2436847,1168279,1143575,851112,2919110,212449,1654293,1829338,989287,1405201,746376,1080772,114952,112689,631419,1175892,406450,1244076,2000099,3680076,5214233,1951788,3699842,143478,449523,280954,1893099,4911536,10087619,203622,453710,2803029,1245610,2366068,1373599,814155,2940472,1068518,389034,785882,2627655,1059395,74209,2110680,4032727,1133026,1375911,1622375,41491,2596999,910019,2116260,615234,1266283,229664,839814,388835,627213,2644527,322752,3069197,1151769,1977797
2024-12-07 19:15:00,1436234,324056,856684,646393,976304,2800800,6338808,1575047,758518,696995,788658,925142,2177237,900738,1331066,692915,1908184,565837,2511617,708308,580602,792418,815717,540927,188406,442500,2889034,4119779,1650366,2685553,138166,650961,270229,1931450,6818849,774241,1173399,1538910,1748965,3152227,1577830,1812304,235995,1123688,620446,1997339,512487,534328,735610,1701299,1114508,1832451,796108,540844,3891265,4426304,495576,1363319,785711,371250,3208990,1459533,1483766,1611564,2073165,7613973,988517,692761,763606,1458691,581835,586273,950111,689496,4793339,376079,613364,763472,873875,403592,841971,827922,74682,995202,1875758,1148231,913859,1190395,1861744,3446739,1771042,539924,599281,1243898,150673,810739,296670,1835358,1158705,1871011,178476,3577661,311855,1215486,2225910,1976480,789153,171975,323774,367708,660010,644633,1049577,1200897,468703,156488,290792,781758,101537,316426,502789,60506,534230,50081,1874596,763478,397318,250086,197173,562786,573233,638066,1821801,848120,589908,1097333,667799,565752,2094409,2749463,3644040,1641981,10733351,335282,140592,584231,741289,417862,897141,115285,339409,309653,740212,1238990,2711353,777574,1363206,2043394,3948628,461549,1656732,2228363,663342,1189912,320427,637856,592471,325110,259220,427948,137569,968824,2155504,4774088,4755590,4274940,3188620,68055,550842,103419,2501814,5089501,9558552,739495,288951,3101991,1116168,2923919,1396850,948304,3686987,1055251,359581,1059837,2229088,1081442,70907,807913,3488032,704307,1597575,1392288,119387,2841168,393946,2275584,1280749,941958,482496,703689,252708,711721,2343424,305093,3137320,826910,2346592
2024-12-07 19:20:00,1623174,805935,332075,472623,1160329,2852291,5186287,1001964,979891,761264,891455,934217,2015928,799826,972071,696710,1911474,263070,1623336,561013,197910,606979,1216151,1359428,432750,456069,2965331,4173550,2502004,3642542,78460,1008336,422033,1663969,6477363,898793,1051201,1357737,1905601,2999658,1079926,2359677,327690,513875,470668,2330371,250314,684436,1014152,1296929,730101,1867686,891102,951550,4303743,2805251,148017,1448861,724649,630255,2727270,1695836,1258281,1557984,912958,7585005,1326402,1062312,871193,1056503,491271,479166,814236,801723,4903052,531192,463134,646268,3009181,380535,1085934,1096014,75720,963829,1919006,594405,733758,947013,3147256,2958070,597760,2352512,212635,1787226,215842,690595,255977,1591661,1645958,1575603,100625,3392908,606889,1450946,1612948,2266347,907771,175276,395061,331433,683232,1057654,1354528,884219,616050,201049,253885,839447,113072,510853,413061,52788,1191439,16144,3405233,763422,1913624,256210,146948,757950,364439,791260,2056189,1383371,616501,487785,711725,280979,1934043,2474296,2584296,2096363,10333628,351555,103572,466855,1074781,323232,1023633,268804,361392,749646,1259162,1477859,3286293,504214,1665938,2720931,3925570,417319,1503780,944515,553174,1077063,580013,651739,396908,467055,263973,329919,119308,1013793,1743079,3089647,4339856,4667053,3547449,428133,803650,110509,1836431,5049577,8466497,298322,235390,3434254,751232,3275410,1613533,711522,3253440,1174956,158299,1142485,2153758,690818,83161,1210653,2828167,619933,1240389,1183088,7084,2066418,1233196,2005195,761747,3279993,1041254,725336,272522,716714,2350687,441716,2504399,631040,1677128
2024-12-07 19:25:00,1074451,1145690,347960,392246,1183802,3514784,5853067,1064123,666480,706199,1004381,812644,2479890,831764,1305927,541205,1638457,388608,1945642,512294,307062,918131,717092,937388,415575,622128,3246465,4395102,2239284,2413037,114076,1130716,416600,1902801,7077053,878444,1255115,1757345,2188169,2654503,1540486,1947870,341936,807390,493704,263770,110544,1055137,807048,1079488,718721,1864805,464537,1798344,4128720,2490613,109956,2134858,444820,612095,3048415,2091447,1119687,1398676,789864,5641841,2056528,193518,794306,532643,265022,448937,301500,422211,5120435,324046,931361,985480,1808482,644261,1192221,1099784,185790,613431,2220153,939906,975706,757826,3151661,2288524,1356368,428181,347065,2085261,258691,1197149,358483,1474595,1965373,1730006,87558,3284670,378410,2293824,1755018,2036421,1096344,194407,423775,543063,1089628,565346,893478,901711,731613,96444,203844,982664,82775,379790,446697,169438,962133,13896,2064204,684062,1285168,406824,131872,848810,337644,502768,2152011,684301,880743,881593,1169771,306178,2064782,2017630,2824282,1725564,10401328,327558,60584,336879,1738270,293976,917810,300056,373749,420525,1291418,880718,5496206,565518,1326179,2358143,3224608,435379,1854456,889918,1286736,1559810,520508,606630,515638,390285,417409,640915,94474,879506,1951517,3372233,4071436,4280394,3358870,288026,751893,67861,1520399,4927542,8730207,583750,326374,3651517,721482,2792645,1527428,733311,2584872,945463,177860,1592145,2065343,873402,61167,630153,2913257,691657,1465287,1440061,3342,1993847,1863577,1888020,1135891,2683696,454299,739247,334232,635288,2340760,314239,2603597,296786,2310889
2024-12-07 19:30:00,569279,412682,293206,337891,686346,3952497,5856486,1367003,638526,582298,2209958,1647152,2776326,1010966,1803123,1470553,2078053,454167,1699910,571839,308837,1140342,762201,1065188,157130,1528633,3663991,4511664,2033644,2178255,94012,999938,289340,1848821,6782104,742822,1434103,1620543,1941297,2410174,1424249,1647260,274792,599498,561166,240397,398715,1550925,866948,1690868,1021607,1561078,579272,1075344,4161435,2592969,183431,1830145,412652,346081,2083411,1693375,1302073,1152725,770248,5962655,2212187,336108,1114579,774675,206251,547381,264908,488613,5090165,332966,1228714,660013,722696,667876,1093529,1086799,45970,600543,2094872,1230768,466507,1271432,3401469,2643438,1302888,996926,675932,1272168,173925,931466,344490,1838867,1026859,1875116,111636,3164728,343689,1989247,1651008,1518944,1200681,419393,411762,603763,1010518,888086,811000,639444,413654,289100,190803,600066,144439,680479,266415,93650,914524,24290,4787410,1000091,1044160,288705,80650,866360,423547,312823,1723772,667769,436944,999695,794300,347051,2331752,1474485,3619842,1744029,10066830,600738,83782,329834,1229346,206601,1527954,232892,393248,482982,697553,403955,4620828,424117,1063586,1407099,3641006,384297,2366174,1087216,1327756,1332049,419763,983768,560775,572163,465273,872491,92412,798525,2030031,4014226,4074052,1565268,2902149,107525,737459,73235,1756641,5362410,8525732,244404,364849,3528491,724168,3198411,1829698,892803,2368934,659057,147240,1100828,1859551,657591,60860,630195,2821810,638074,1458746,1748281,14212,2406113,1225426,1901951,950961,6978140,500516,807037,314481,737181,2533219,424336,3787897,682540,2082180
2024-12-07 19:35:00,544689,301303,425293,366413,1294256,3434621,6298078,629649,420169,779569,1082675,1787186,1924442,843123,1357985,1486327,2177617,264238,2319306,512375,306614,524300,449256,969290,103046,1082618,3174256,4312782,1943022,2237786,93597,658112,400372,1980279,6757440,608858,1034091,1681005,1571081,3305870,1736674,2020981,412568,284168,627767,219821,394318,743058,1561311,1681036,715378,1796202,545341,1175973,1163844,5186752,206893,1344133,483140,291296,4012107,2322872,1404623,1242651,870469,6477932,1608502,309633,1025523,491076,372368,393139,406046,584579,4835024,419422,1473829,602213,5157358,567724,1349067,1118675,118672,735105,2429555,384165,770522,1238971,2351646,3428220,996693,671658,652552,1698226,258984,623875,200803,1238304,908628,2163567,123278,3703984,698786,1935345,1983792,3108830,1295737,129653,412867,412054,670941,596605,1054263,710741,278137,441172,179842,494028,179028,770470,394310,102595,808253,30439,3952455,1720366,900404,1285696,99554,1040236,2066506,597397,1276238,1301258,365065,643364,570244,233684,1828720,1836353,3045212,1627976,10486971,340876,83701,410614,1147127,282088,1265843,279662,426202,434917,828419,1673453,3324656,338540,1111005,3432047,3982768,238802,2538757,2035619,2292298,817766,620691,574614,936511,414048,265874,929333,147681,729642,1471241,3057394,4464102,3352902,3231315,206542,929671,174740,1855806,5058120,9115543,244594,236063,2778798,892340,2622208,2070111,825021,2341785,558416,141006,997608,1528270,623851,135650,872268,4117749,889137,1360529,1599152,9464,2459176,1289382,1885066,943299,7575297,421783,1132789,284947,1023798,3050797,458318,3403320,898494,2059584
2024-12-07 19:40:00,580347,333980,634284,364854,699163,1986489,5964221,1005328,495487,632747,1933167,1473270,1299629,757353,1923208,1682965,1742994,247776,2106815,872074,323106,618103,470142,919008,101515,1180226,2526826,8150695,1759650,1897450,94750,781716,343867,2489130,6546392,518277,843088,1400506,1024534,3333995,1506530,1979706,141815,375296,330954,247009,151657,1302848,1398106,1519879,944867,1393149,613572,1223114,3414121,2818324,141420,2462387,600738,409134,3894456,2207279,2184334,1405908,1110602,6618329,1508028,490690,1611091,599414,339690,441245,306803,359803,4874506,722339,1534083,551923,2992236,517251,1205081,1167130,128045,1674018,2342917,883918,532565,849385,2362586,3309414,1132329,658006,614701,1843809,213228,922286,162253,787839,851706,2391393,66188,3266351,959460,1621558,1796540,4791131,1364969,160567,452275,355000,453414,410441,1572960,557528,657098,259686,152653,252694,111037,645547,315759,127538,293186,71679,3256967,1465297,235066,772053,208846,1618720,2764599,538174,2171693,444728,434960,714568,623722,283264,1305824,1379452,3065108,1793445,11058781,718531,69965,613485,813372,346040,989954,286175,367698,344183,797210,1776722,3210014,587922,1348525,2434453,3314864,339138,2058902,1304595,1169826,1376281,578922,503237,718763,463020,352794,902798,363504,764162,1589222,3805529,5037181,4780007,3199347,284541,646204,183195,2298774,5316294,9023466,416095,490624,2777729,956508,2356333,2663710,810669,2551840,2032316,281441,1255542,2052852,999383,340526,1056662,3767783,629165,1586862,1128877,71721,2254361,1137443,1861928,1327676,1322334,340485,997944,405679,305159,2541735,398374,2807244,964745,1973056
2024-12-07 19:45:00,771665,218460,435410,375656,1125179,2142152,5043965,2228729,407130,638957,2408203,1475323,1953421,645954,1708549,1642333,1904065,613356,1932448,1033065,1116517,907010,406061,1072158,190149,412583,3150740,4156641,1585252,2636948,83265,489309,368989,1964032,6796226,493610,1074422,1156060,1124273,3875731,1585705,2123343,108860,669348,295948,292683,135758,855586,1453930,1198436,803683,1143832,983168,1135013,3138814,1721289,244515,2644110,1242034,1332252,2777665,2188395,1347770,1256053,1221574,7075726,1346606,186835,772443,686151,541466,672402,667844,383837,4929831,408092,1161663,430111,691816,699573,1140822,1310037,110531,1094235,3231482,302668,431889,977147,2539590,3200217,1253885,1060209,237158,1791193,379368,1187819,254743,981403,922040,2032145,34818,2856207,394430,1412993,2116847,2682163,1047702,284097,514279,604399,638534,858830,1600521,540155,589945,295907,287497,864874,126453,1355606,86758,142392,869255,6193,2723783,724295,168140,577276,148204,1218000,3610624,636175,983536,469889,342784,1127898,627034,916974,1174100,2025041,3345080,2114258,10646340,462141,141838,296711,1045507,299260,597645,213897,455694,532353,948752,1457943,2390784,426811,1103330,2275875,3288715,260965,1391540,944901,1133048,1402218,853641,601995,711445,496977,254892,817273,492901,633802,2070920,3469063,3834695,4145800,2832716,297840,743499,129652,2817797,5263151,8938571,460675,394545,2579977,656450,3645544,2514176,693934,3424924,599708,161735,1044362,1339606,790600,242887,705199,3597519,1230130,1783088,1527450,8721,2666337,1222698,1957469,1858943,1114650,188857,381932,532818,574012,2519751,320546,3815448,1283094,2128581
2024-12-07 19:50:00,1021324,285700,618045,626315,819614,1362459,5231911,3017381,382161,483097,1312673,1890331,1017597,511105,1184857,1155036,1878886,419748,1828914,767148,1008604,830030,549546,1332143,374392,405564,3784126,3480812,1508510,2726487,92215,329153,464551,1886173,7392705,646671,1000681,1420818,1170788,4325717,1114290,1480470,123966,655954,601663,178536,174986,777906,538171,1914514,487252,1622932,668414,1054496,2011540,2647727,343602,2583444,1465065,1896843,1544233,2723543,909212,2208313,2162357,8308449,1687728,453599,909934,372594,642467,1005732,366564,342452,5165712,309389,925976,517368,3334619,524765,1182245,994532,789295,963711,2817328,291282,454623,1213536,2910006,3376293,1066650,861094,115917,7433587,250502,1315754,448885,606619,1382788,1977475,460177,3098858,250465,1202946,1875436,2676680,1118443,117925,343448,544603,515404,941088,1834208,573836,315908,426837,304441,1200524,84162,1392692,75358,56154,651349,4651,2202856,654104,448896,1049846,161717,1050132,2042420,891330,1162025,316879,318761,541012,803584,364562,1229480,1963508,3268545,3020299,10212846,1049924,90035,386286,1338089,428681,601287,355343,341343,545803,660855,1026987,2678189,558655,1239314,3570567,4311781,482489,1233696,1971884,1003516,1381120,1153968,352947,166938,406206,272621,895393,150784,909331,1585740,3351107,3868329,3679020,2984823,260333,833498,425040,2813112,4678890,8910996,371240,392184,2430123,1016931,2295613,2273601,967665,4279819,840567,361495,472381,1765775,1373579,255386,800055,3172009,906962,2125792,1198828,11339,2121132,1279295,1868988,1111670,1689192,343535,1328652,622164,1142820,2926612,524873,3321062,898279,1873095
2024-12-07 19:55:00,1605052,307811,229814,416611,254306,1577626,3936154,682019,934289,828347,707761,2106449,1994531,736918,836818,1042904,1802153,379361,1255871,932330,986018,1268555,342189,1358548,317466,249297,3504312,3972498,1493729,1607371,125734,353413,268524,1750294,7323989,692231,700089,1047507,2087189,4110626,998562,1449472,130826,353701,856500,182175,170668,481015,2192421,2280887,578127,1768420,769435,878422,896080,3088339,369273,2432015,1769780,1891577,1678823,1940258,1232929,1136414,3667759,6440943,1751680,195102,831201,413949,567288,1720695,746057,688783,4809681,234644,1049573,448857,1395246,618899,1233663,784453,429379,841458,2252078,393087,654753,1224791,2694533,3061766,1419142,1131216,89555,1030816,313226,697184,230296,465660,1277344,1486882,56281,3156342,255234,1155990,1312249,1846391,868661,186018,325620,499536,480031,656109,1800698,551785,668733,269122,620747,953867,73329,1036415,210686,86681,857896,29070,2082381,1011291,336675,748735,331608,919187,3743536,390611,1660200,378746,348127,809423,527512,426909,1618780,2243413,3354014,2199996,10152822,904108,97101,371493,778836,285798,626136,442617,187557,307239,868802,1092276,2682951,821952,1147416,3094527,3624936,397736,1999128,1746377,757631,1282443,1099682,831242,168872,394255,212959,1033724,135547,908381,3226094,3715280,3183643,3103985,4015410,200841,992144,204868,2537781,4469907,9303027,801982,203608,2563975,1253275,2610842,2119031,817160,4819631,1028157,474610,910994,2240030,1474559,190553,983818,4268430,586267,971979,1359547,14743,1789852,1866916,3793037,1005107,3430207,1453795,441997,316110,428311,2975440,218389,3035662,462294,2389224
2024-12-07 20:00:00,1260504,343861,363195,387690,311313,1393419,4681117,1529556,737741,1171202,658597,2371588,2627505,869810,700903,1053803,2777742,525269,1381040,429281,857091,1551159,784293,1254971,266816,173594,3788218,2591759,1156358,2517581,114632,362096,291083,1356138,6362890,517997,841904,1510677,1545334,3797796,1620224,1948098,127522,443273,853175,78163,115185,1090026,1046017,1533686,645150,1450902,948636,1012128,3431820,974589,503717,2145004,2262210,1671986,1978220,1986489,929862,1064246,780492,6484087,1814962,205284,965089,676811,333161,1105459,826849,891114,4761563,500186,886927,391155,2130768,661203,1440861,1052463,1184167,461297,2090666,283603,1051933,1039890,2447633,1922807,912763,822589,104413,995037,405194,790619,229399,1009763,1285321,1095691,184506,3096531,212974,1064617,1110398,3713090,1072982,202091,539396,674537,556825,403935,1511750,592476,565183,397845,368668,502339,199650,888920,263377,100850,874193,8237,1849946,741851,234967,791702,128165,733928,3686373,576597,1609642,354528,406765,1285182,483004,216649,1298333,1472114,2463844,1737533,10526948,1115146,271105,595023,963061,807462,650193,2315145,125054,949588,593398,403533,2992852,636085,926081,3275263,3088160,1136642,1217921,1705575,642994,2037147,644341,356641,128496,419849,630248,1129894,106907,992568,1834850,3799161,3689509,1940214,5086990,84762,1099174,197217,1796530,4651729,8880282,1006598,179464,2454577,1397518,2031851,2008145,542322,4895763,1563912,168609,579726,2182692,1448383,82607,1029403,3260855,472904,1405839,1275606,27756,3114622,2313553,2915794,1043436,2851750,655854,431008,271666,508333,3483281,213036,2581074,957268,2517926
2024-12-07 20:05:00,1232113,292954,290608,772838,644948,1585798,6803784,1763047,956498,1825496,864684,2182139,2067376,784850,957094,1850060,2643536,360000,1993862,608362,347801,1531165,403714,777511,181426,542214,3974271,2859974,5124350,3214016,58140,434595,648585,1529412,6610102,453096,564780,1583789,2195606,5213831,908589,2020895,204450,423687,885246,148971,259204,1094927,971094,2067539,879049,946719,737620,1638465,3210738,778792,346242,2545129,1649687,1652242,1212267,4447131,1985015,1200053,890539,6449726,1869475,179765,543939,721934,413043,836854,596153,318579,4696748,358746,923905,688918,2417044,564530,1663250,1549906,417713,572260,2101705,181412,2039568,1052122,2887493,2805675,1037841,944732,139141,914947,452209,1613637,194259,1284812,1423575,1323594,108488,3007160,269668,1624475,862887,1689976,811484,105208,835325,926043,1273702,484282,1311157,841402,302824,428714,243876,683477,232984,1062640,169639,57044,896091,23372,2557358,972948,284543,636255,133284,588652,3808863,656747,1357049,623989,681092,1037593,635091,463992,914411,1170988,3008188,1722515,9938343,723505,415447,556336,1184886,347627,263434,302466,534223,443105,351552,359017,2557292,708404,678080,2410548,3457054,446158,1193141,1603404,564163,1351090,698787,744208,129237,468259,397378,649085,139299,1063335,2348817,4260260,2913780,2215238,3925845,157564,1441474,167421,2527760,4705302,9975838,702109,218453,2166686,1404786,2130380,2085655,622807,3443653,1053894,161041,1949383,1718588,1325676,51248,2127465,3214055,417379,1325548,1386692,35999,3163013,1662688,3144376,915826,1217836,380859,554786,457577,575252,3285861,203143,2434704,805421,2388488
2024-12-07 20:10:00,693737,410450,533533,485388,662347,1478237,4102167,1397454,993791,1287983,1444345,2031651,1605623,572349,1053346,1483871,2698567,214685,3439201,742409,491980,1176524,1671890,1009931,454259,690536,4197319,2988702,1638492,2447544,62817,336775,794350,2018866,7150867,513022,645178,1469927,2671681,5538432,1198698,1771903,155014,461270,1241910,99103,225950,1070519,891245,1430471,936029,1341795,370723,1318720,3444754,1035965,212145,2883120,1220397,2107044,1288011,3984408,1477977,1513141,1907217,5750412,1368273,189006,989361,772800,695681,1027050,405646,308671,4735625,369757,1087195,911254,327773,331828,1704274,1500231,709307,531962,2226736,487599,2250139,1837402,2590662,2874995,1064227,1104925,114150,1041874,227243,808819,211729,611701,1440868,1794762,132866,3441581,340743,2008879,881943,1429090,762818,1465925,982945,638613,1762395,595583,1198175,943176,388342,456156,347679,910562,301430,1421369,345628,87458,360332,43959,2821840,1047266,173972,692876,106870,1256498,3133680,612886,1518053,444844,595936,614801,622349,471742,720310,760162,2991435,2150576,11339881,657291,93876,555547,1690703,930404,319452,318450,472110,412003,774738,563957,2453679,914921,632098,2735073,4263288,519422,1374263,1961675,1155086,971821,656974,386988,112954,213630,683960,254935,130043,1099369,1962222,4472382,3159835,2185257,3748358,111169,1184833,573458,2614316,4493604,8723641,790434,150186,2572356,897014,2533425,2147381,822962,2372113,1180764,610334,522450,1510368,943383,142078,2683448,2353457,824869,1252991,1592465,23651,2553416,2012883,3804394,840185,988940,114851,465046,507599,678096,3613012,574142,2838905,758437,2481090
2024-12-07 20:15:00,935073,530177,870638,434805,483166,1808073,3381027,1581505,551847,877892,1812597,947419,2191446,558120,492945,1253520,3178428,240576,1787169,692648,199567,879199,491081,1243432,350423,603293,3948708,3399600,1514541,2228839,93079,368156,929899,2733236,6600222,344781,943987,1447482,1298191,2928332,1152567,1917732,105625,513564,998861,183740,229412,405304,789454,1173761,1038509,1146339,521712,1254903,3751764,1338755,155291,3665559,1523405,2622758,1494825,2785393,2147309,1474972,1410179,6277808,1507675,221517,720916,756597,243241,978249,719176,295769,4925375,752567,1030336,1089324,255332,675498,2533678,1444898,1266230,424279,2274554,151176,3347160,1855599,2167005,2106739,916513,563075,131507,1029221,256258,953785,188165,916687,1266623,2524937,139004,3047912,425554,2398693,963132,2206458,777754,210849,889696,243608,989625,716965,1624763,688616,443847,920899,840387,662157,172287,1185341,726122,70112,244201,15297,2538208,1193546,137127,736287,151284,1030760,1691115,922281,1517687,907481,364003,883941,643690,535460,866312,1054332,2547999,2149608,10065253,493135,117561,315790,1112918,660104,237788,327582,1094185,786564,573808,1694187,2556246,476090,379188,3109133,3966532,685197,1385360,1855683,1105941,1643297,902152,553957,161636,137118,298321,361343,215635,690053,1968597,4263546,2942032,1948143,3184195,104582,1034349,757398,2748328,4545643,8538228,439274,246671,4005032,946950,1926432,1838615,691093,4360645,1367108,389590,547672,3882916,1030427,58668,3966790,2334437,467827,994154,1142777,6309,1317001,1269684,2433390,1109240,1444010,114646,751245,598051,450727,3262682,138562,3457340,1386307,1726163
2024-12-07 20:20:00,1091719,315328,853025,505254,421945,1704712,3717304,993876,709427,579582,1375361,791331,1050088,409180,684339,1133770,2406569,150086,1817671,1175005,308873,1283320,551809,1672186,225036,389028,3693619,2207462,927149,2986488,125307,450149,457535,3076927,6927979,502169,791796,1369382,1206226,3804033,1061609,3039934,86524,368943,1094441,186633,425112,757764,816680,1591748,1238970,1724068,630894,1079147,3391946,959582,148553,3592740,1795419,1825217,1866101,2889753,1596445,1355900,3508160,7364812,1360766,204880,1128603,418666,260448,639494,1012207,369632,4907421,813633,757983,1061419,502581,500309,2469454,1040649,1202863,631826,2893917,195315,1395530,1529649,2140333,2276803,646762,750444,326032,1043208,223402,889798,275815,1070035,1274942,2619241,266928,2610433,409959,1673816,1107757,1473180,741257,133223,878577,565003,615826,818285,1479453,821328,703706,861578,415927,765339,103794,838549,669149,436836,229779,22874,4419996,1480005,425849,479803,107351,1269109,378304,413500,1248167,426522,1134143,805203,971018,409150,1418706,1391386,2812529,1546445,10009771,561768,155115,369331,859193,484392,170519,241747,163877,350109,567517,2059768,2308164,853077,307547,3485299,3906685,282140,2173885,1918619,910209,1398541,900032,773055,152463,112423,316548,260871,131265,910635,2541767,3578414,3062693,2039230,2614587,52136,1316417,278291,3452012,4600724,8822898,365456,231259,4924066,1017677,2120464,3044870,823981,2723733,651119,581810,585805,1592438,1074050,45985,5193870,2195005,726628,1149066,1455265,33010,1928304,1626944,3118329,1234405,1303402,182722,896007,706449,445733,3396316,472740,2947250,365299,1803966
2024-12-07 20:25:00,876114,232862,457691,383385,426189,1823017,3811183,1251194,465804,741497,1460463,1126988,1554625,230038,734879,1286181,2997903,393498,1524622,1201796,446819,1353559,672293,2165018,452308,159393,3949371,2269517,3740502,2859859,95453,449530,639012,2757048,6488828,789657,649631,1762640,955961,4477372,1822510,2747678,103900,284022,978194,151823,481280,614978,1242252,1353711,725872,1297419,675394,1099807,4462617,2172017,142989,3490620,1501510,1965747,2914735,2942184,1510914,1263938,3133169,7735562,1705263,117758,740570,388915,256339,477702,914534,515885,5005289,504514,418752,901717,432947,575561,2058064,1159025,589234,1606230,2965655,222962,675211,1269169,3301425,2687575,1027428,396656,323622,887056,415042,1085848,320651,1130261,1283851,3076311,427665,2834640,334863,1356557,1310298,1284051,1192502,2133460,439932,447798,678768,706580,1184359,490400,493531,302168,284001,718785,212921,587190,578072,752515,258731,52418,2972358,1359002,208126,3130519,297738,2639022,293878,625493,1556170,493308,1439561,724950,639356,567285,1467031,1267250,3087938,1943812,9920061,487115,152626,286535,2595282,448421,438441,253844,224207,402497,651848,1409927,3205824,1085388,472089,1588970,4393022,279124,1481306,1662197,732044,1364854,856556,389947,182302,97133,395975,335242,117710,678169,1510719,4368038,3083784,2172721,3070193,63856,1027909,530064,2976749,4184906,8091555,250368,281799,4543725,1239677,2583190,2443676,734666,3353446,2533536,249352,988459,1324165,1050840,247545,4250559,2120385,455061,1590726,1885488,8810,1959404,2542893,3591778,1724172,2097033,220493,609622,601884,411080,3186284,687941,2417637,502031,1881787
2024-12-07 20:30:00,839116,268755,416738,433895,324444,2226839,3682235,1118665,631426,908400,1518241,1909797,1068627,332946,654857,929607,1906097,778041,1230773,544126,725820,1864177,321624,1234415,622554,94815,4740370,3326063,767828,3166360,114051,566955,345179,2640887,6880009,589533,680705,2675879,1380454,3614568,3055702,2473929,143052,387501,411197,197072,617954,407471,1761054,1259077,706094,1008222,966174,1033398,3821836,1622841,232671,4134352,832622,1017404,3674476,2492088,1321020,925990,2797773,6656474,1612797,104469,805278,268072,299716,422878,839768,583318,4885915,582358,531398,612059,642394,488420,1855590,989124,433631,1775501,3173884,202427,1107124,1600454,2963032,1945866,1176949,758432,149744,845347,445873,1089120,518800,3265103,1116393,2270349,258585,3040086,520808,1002128,1846771,1246935,1009908,123431,339258,397801,593996,827432,1842166,663743,584821,355271,487890,781687,146264,604809,996158,150375,136947,13456,2543172,667747,127570,542197,268168,945275,365076,523911,1132094,1077522,1371286,560221,569979,709231,1488914,1164341,4078851,1800268,10431708,554939,115287,309983,775883,289009,369536,86555,683636,934228,341888,985011,2507318,1184076,182580,1724119,3563015,302917,2318074,1496642,1112107,1297060,1177190,606750,302797,100769,435733,352681,95795,974015,1754875,5799747,4896953,1582289,3455643,57239,958271,471631,2079817,4722763,8059402,273981,120829,2974067,1692096,2557122,2491212,934629,2647855,975161,228478,1129416,1184710,1144473,45973,2583029,2429884,1105455,1676101,1637891,22484,2269089,2989393,5171199,1201193,3432344,145774,503213,354318,627246,3347057,311233,2409763,582233,1934846
2024-12-07 20:35:00,831610,237888,759239,517859,328190,2338743,4668964,1185091,359291,677414,1558664,2381864,1042411,390932,520245,711710,1904793,751611,1089646,794491,533834,1354800,691503,765361,404447,213427,3636279,3998781,1161958,2654707,359800,794423,439596,2368864,7285196,662475,874354,2727972,1425019,2963234,2345335,2230105,216033,323552,350700,209835,696997,648125,2868196,745680,1230787,684836,545524,978418,3681486,2497110,370430,3362783,928412,1193726,2149707,1955168,1943869,1099234,2563197,5592326,352290,155163,639873,284865,307910,316648,931812,369331,4740493,491479,447108,404152,301664,412444,1565147,1504790,945282,318832,3131338,347968,737951,2079111,3059508,2289490,1128943,666192,76599,1092393,317103,1169992,421813,806447,1637464,1813835,89219,4196447,474620,1125231,1803858,1685613,1037748,179316,598427,866278,560087,861798,4451417,451691,1091900,282443,751318,604465,195064,605319,1022761,60872,150824,42576,3011794,395606,185117,300378,308235,712919,461682,610576,2006797,891847,919568,665091,590623,603980,1413455,885968,3550068,1897843,10085619,789798,108218,272408,847053,213023,617325,163253,472665,1112269,856543,931079,2577544,1158864,426735,1652394,3551048,378919,1853571,2202626,1305047,1073538,732583,484780,155282,127750,276173,453377,155799,987981,1637457,4623919,7070580,2128119,6769518,58706,920356,453174,2267032,4282589,7974214,645450,422452,3143293,1530065,2964633,3207002,587404,2955671,899159,182034,1415192,1658271,1011095,63156,706571,3015609,483350,1628633,2181929,100,3249443,2821045,7054732,1621497,1072845,171750,1597309,313934,1000641,3309908,221809,2313410,1481568,2269557
2024-12-07 20:40:00,750446,258027,728845,656676,276237,1964617,3638129,1078346,540948,507371,1781513,2432716,1439069,708818,614613,748232,1828969,257077,1565656,934832,326727,987978,1140604,3115401,532743,238690,3652278,3548986,1240606,3106648,59463,378755,624285,1861948,6879478,515093,1045365,3596297,1077637,2211513,2419616,2057757,114129,332194,340837,261452,647080,725420,1554949,1132173,1191663,1336305,657699,1346304,4436522,3050396,118163,2710655,1425192,1059648,2530247,1916806,1879870,1080028,2242280,5718219,373815,197155,439844,241495,248531,553792,676990,754374,4752331,948503,861570,784508,431243,593705,1789205,1712973,614074,547152,2980051,283630,785216,1792884,2816279,2700906,1182621,633359,277381,1257764,1122810,860162,1335317,1283944,2007434,2267997,80637,3565003,463267,1503606,1917041,6724120,866149,135070,509856,1184434,456733,662579,2135713,897327,870692,312634,596336,742778,154557,546973,498373,27151,176547,23801,2787657,1064106,301946,1806213,407203,817973,339525,468189,1631684,1119504,786620,945273,470833,1736652,2315799,1011543,4698862,1857108,10225079,482994,130279,352737,672637,261865,555465,216806,630623,1205491,1087782,377722,2558401,795692,522172,1355194,3129589,276377,1715819,1608837,789386,1161150,718829,723407,249795,110550,187830,525752,220671,1108118,911972,3356065,5383997,1167441,3697679,96303,667927,468309,1566213,4037974,8457067,398420,212395,3477626,1584982,2606070,3077635,2619878,2956215,1199523,245849,588350,826649,896692,68682,788747,3195428,436972,2191680,1748754,831,1725642,3174191,3745670,1539888,1156643,454354,624697,263644,1025338,3035705,330187,2706149,1098679,1722931
2024-12-07 20:45:00,1285203,182909,970576,620926,501802,1424968,3882343,783690,430502,598812,2116830,2060566,1045784,345236,934437,1814417,1740312,402147,1528248,806804,527789,1435119,701582,2017648,448955,232340,3487873,3224980,1149297,2843128,39614,341006,1173204,2072447,7457949,422565,843557,2365035,1005939,2422285,3059680,3331419,80841,203671,755496,170440,378293,939619,1150326,724646,877559,1553604,474110,983902,4035791,3125394,76642,2581360,1095835,916017,3299622,2841019,1066180,743179,2054452,5522723,798146,333297,513718,689243,196028,574119,704494,668238,4639367,1194956,978671,1089870,416347,782434,1663881,1469886,392664,306603,3450868,202243,290290,2572279,2632490,2851896,1147028,800884,449839,968242,1420054,978342,819446,976142,1553891,2382427,71342,3418896,575567,1542033,1057990,16663136,615316,130107,494959,529720,494031,614099,1492568,442684,662378,251260,692195,635151,326065,638139,666028,67221,82266,36465,3135405,717878,450719,522503,331877,1081370,375513,653624,2318439,1128345,878586,634535,841272,414613,1282822,1285328,4424628,1405709,10421013,789376,175215,524680,978792,302299,360846,276431,540939,927027,453050,713375,3038679,692712,618876,1627027,3215601,292050,2305227,1463967,890397,2130055,1592870,755084,458628,115981,249634,284499,194972,728078,1750078,3585895,5211428,925308,3545082,144597,980506,293150,1453413,451710,9293307,232992,178130,3937391,1113353,2083353,3309597,953802,2414492,1583606,109760,557732,954322,565018,199616,616723,3814077,553573,1144745,1268479,8455,1752683,2355405,4623565,1483667,929922,536949,475577,297992,1092099,2794076,1545229,1973261,878205,2557917
2024-12-07 20:50:00,2320004,226275,829117,637422,318560,1804139,3809610,440287,355463,520400,1976508,796883,3423335,415842,717012,1678923,2138027,232205,2275170,689597,410618,1778602,800493,880144,405882,1412902,3036824,4244806,1591170,2748128,83908,477571,1236083,2432364,7048307,574652,658520,1663618,871958,1881695,2625912,2108247,462187,250941,337743,123218,215619,797984,902254,834434,612290,1371576,484525,988170,4000052,4517025,79174,3012741,837689,1245882,3283657,1724563,1041738,2004564,2632921,6069620,1103156,167447,524903,316268,302340,628456,285593,285900,4988417,1497455,1317439,951816,522841,1108745,1604034,1330652,532331,355853,2826755,288568,257401,2141374,2795031,2492208,747145,693156,381519,1958327,438106,642216,490759,678758,1809290,2621011,59278,3657932,389323,2197118,2490719,924165,920545,190261,683933,553329,418495,776941,2127322,512657,805852,159634,353218,912435,268888,735733,529493,39682,107114,5844,3130131,447693,182823,1241962,713171,635471,414547,669109,3127153,927993,2006183,1092038,689773,561117,1555785,1373919,3203132,1106177,9848064,691595,106200,427011,890311,477224,336334,170893,697740,908608,586292,939547,2588887,929206,587913,1012118,3739514,577125,1812091,2174194,760575,1810302,1550582,751011,290046,221984,269126,516293,222749,716397,1466346,4052886,5483700,1128740,3106475,178505,669082,257495,1870757,311781,8694356,258865,174780,2946022,1166021,2386165,3098480,717975,2341725,7641470,159875,585739,911227,2001827,147929,671667,3782735,789513,745255,1784429,60578,2120928,2694271,4180533,1461067,1094507,411070,414536,294509,821947,2822433,1343958,1606746,939354,2720226
2024-12-07 20:55:00,1511047,443049,1051051,563875,273781,1533878,2686186,777421,454380,529224,1659196,507625,1619008,580704,454426,2010661,2907790,195645,1729604,996506,293792,1672029,1143914,1216843,409128,297547,2734372,4373588,1695023,3148291,62125,450708,1113940,2562984,6776371,703576,980513,1636716,1518959,3218938,2458322,1723256,103018,522814,179178,93837,273350,2863195,541520,1021039,582117,1411937,327893,1043401,4041266,3160445,76917,2716765,918680,1061211,2352298,2046553,1180503,2008031,1175233,6191373,762653,273696,560783,207075,311311,647086,224532,190229,4797761,1998474,1030583,885878,367255,1176925,1340213,1128727,312703,481386,1847658,237503,357356,1688383,3712740,2698279,1151546,1019249,188357,2109084,465007,1332190,342407,646875,1429341,3037730,89083,3957077,607287,2614743,1978778,1274595,1531214,178149,315891,392143,333758,979403,1806361,697956,1073981,205427,341451,902154,307525,1245297,590852,65012,420875,10080,1633009,677245,155285,195389,144581,513719,689347,739775,3764291,1224389,1096075,1487690,718147,837711,993071,1698282,3411742,4530629,9976837,460369,135108,585525,743253,504271,163315,192206,449650,1430003,1178721,810998,3542524,1612083,239143,1973720,3697811,476105,2072867,1848911,870622,2974213,1473653,933888,250510,112866,253565,1038100,865753,1742898,1048624,5188289,4347186,1453375,4990515,82912,754339,320739,1839611,584128,8027486,173912,181010,2303533,1313331,1913595,3018290,650037,2213919,787391,164873,824722,898752,549580,100680,664663,3572968,644651,940504,2167261,58468,2318143,2935709,4314517,1659881,1579124,250785,474818,241800,574568,2929975,1415965,1580964,854976,2346461
2024-12-07 21:00:00,1553167,169674,1065390,895358,325061,1212706,2543536,866014,548985,519724,991372,1407339,1077336,530508,438127,2712346,1920493,191396,1884950,1135543,281201,1408497,704863,1110732,202860,235223,2330538,4319005,1696337,2726971,46865,405743,860353,2016323,6535421,767631,875960,3322975,1082594,2351823,1561351,1522882,97959,733182,207136,101300,232774,1448697,1279800,924860,437998,1833816,775198,945467,4361393,2107475,146094,3125593,923414,1013826,1832729,2782100,910774,645812,1825153,6192419,691736,359161,765640,149907,684013,381810,330586,270733,4777665,1081209,625556,600870,672893,1118408,1086272,1147509,243215,330046,1418119,302385,309223,1765842,2843479,3545544,1123721,867923,341862,2849062,325288,1163811,1084843,692755,9399230,2469638,132790,3720077,1318259,2127151,2169212,1215855,2839817,259632,300106,329486,434879,941333,1808479,687491,1168181,430404,505297,334120,130704,1957075,472964,32919,452708,7209,1868236,416119,300112,2210022,105442,762963,406238,1213254,3171707,1346828,1480983,882262,429687,956378,697388,3711902,2975271,2919173,10149163,535833,163917,322328,1984550,276550,247861,171614,275101,849291,1092273,346434,2577071,1304578,367761,1910020,3123856,430664,1576003,2493291,688253,2463795,737124,530675,146296,114190,281900,684643,742845,1655858,1227561,2922685,4541631,870987,3655493,156261,906561,542372,1904695,4061912,8132841,203505,316625,2663434,1650192,1256616,3012797,656632,2852460,907567,171017,1207035,1047178,772238,94424,536878,3284877,752244,776810,2296588,50858,4053189,3000595,3716276,706729,1759259,229839,699332,264970,827100,3090644,1392840,2591190,797232,2174826
2024-12-07 21:05:00,1553997,167667,697575,583633,341807,2030458,6447910,787173,344938,458521,1342715,734874,1867111,327096,971228,1188660,2270987,265575,1775123,1388953,330265,1427091,695128,1929305,144765,274674,2515902,4473417,1873271,2952447,58674,480917,1267269,2365569,7438103,539049,951841,2382804,1524043,2026796,1897995,1558772,101617,195515,240056,174565,259061,870592,1857520,1047457,539901,2154686,1279727,684269,4021024,2138556,68033,2712236,928341,992381,2074558,2463438,1211979,954347,1545163,6368382,944870,161440,1024805,394588,1229931,589623,333394,464693,4955122,1210061,703047,550554,821910,1003947,1272193,3837552,117983,239291,1989568,418283,642347,1890095,3658052,2657357,929209,1194752,121207,2926471,668397,961080,326588,642627,1564319,1872968,79446,3315540,1168483,1323484,2519499,1132678,1926714,99909,1020523,480359,574207,753267,1904888,838042,711852,271494,577847,752508,85071,296093,1187788,133321,220744,21103,2270474,452954,491571,993293,238150,815907,286694,943485,3272002,878878,1072188,1001650,436142,843151,758285,1919793,4361020,1317207,10297341,755617,184562,428726,880336,554964,566423,170478,146689,1336366,1255930,415336,3582451,577620,701091,1911650,3386985,726576,3445544,2333195,1085931,1986596,1052700,796268,619317,93824,445352,137535,611839,1282386,1014122,3065791,4513262,633842,3059795,70399,1005310,488223,2417015,4405004,8822181,685447,411366,3029389,1661408,2931486,3065171,1542180,1999572,734525,267109,927010,1170866,743878,76886,484916,2459396,722793,1311648,1966276,39752,9240970,2234322,2613349,570025,996599,267070,1918977,239866,312015,2940887,1352555,3573129,462885,1936510
2024-12-07 21:10:00,1118471,461620,446768,526188,465562,1743029,3289631,881698,436708,531973,1566475,1524751,1360738,563207,409859,1631652,1387618,144891,1386778,866062,386147,1896221,385104,1458766,121649,286654,2792559,7925302,2733892,2782169,70704,889697,1244207,1929441,6822347,441843,1026029,1908867,1524345,2603865,1563691,1332935,122094,201037,297268,80184,152432,617503,1572908,1169008,773724,1565424,848656,861961,3266308,2434549,144562,3565975,972997,1162901,3663486,1870344,1117683,951766,1444407,6460872,919995,180713,818293,390549,740666,450870,184902,556552,4831667,901440,933703,237371,430431,1107925,1444048,4014424,312895,255652,2177897,171433,357563,1326430,4289444,2363292,1076130,365937,173210,1490853,385812,616590,1473167,497638,1222396,2575029,53008,3019202,903824,1368349,2539086,1003200,1353024,148729,407693,894680,565318,1036878,1601234,678140,491629,238349,366561,729710,209274,127028,656131,60245,171594,40272,2795596,899432,351698,421501,313273,484584,303424,573472,2127049,942022,1063054,1444703,483434,482289,829991,1497835,3882835,1164071,10334708,859966,152996,693204,1371221,1024469,426235,172410,206109,1160307,1250923,805926,4953642,493952,713898,2630337,4182529,558738,1634606,2654186,1277475,1902809,758887,884247,683721,104806,191501,136167,549553,1068841,1189045,3075461,4351207,1621323,2899986,82338,914296,301879,2351090,4617234,7854023,782054,127629,2628360,1138173,2501087,2065007,1252185,2858813,1016869,167804,746511,1134318,1261582,48923,623103,8449935,1095811,1456162,1750867,13458,6210244,1860810,2725054,762628,575807,268177,520823,728062,344496,2413649,1362254,2953767,287482,2987709
2024-12-07 21:15:00,1828598,321601,245214,1225724,320508,2061281,3098695,1861000,774251,568077,720401,1808527,1133498,345770,744406,2159930,1468294,1467832,2070000,734429,308625,1242619,964390,1512237,599994,307028,2969927,4996526,2615679,2006888,71268,586842,996116,1936733,6354116,278353,1261727,1513196,1267525,1870783,1956503,1418625,98612,176270,307911,195073,137901,901816,1561383,1224050,492797,2217498,801110,795019,3548638,3099731,152492,3673866,954255,1278068,2074029,1713980,954984,705865,4333243,2777086,417355,246824,853187,221816,740982,516881,234824,667409,4551468,722022,855678,566938,311597,548446,1090025,1500968,118238,249880,1424224,221877,930629,1769018,3404494,3114702,1256220,1011160,194090,2029791,1712069,1250824,398725,471872,1542219,1930319,74235,4275893,1069970,1503682,2220766,1704105,1874262,371099,404003,787026,776824,845740,1825797,731976,772101,314093,262350,631835,142650,102537,846752,97512,226215,107933,3339306,978799,252795,464884,125554,664493,339861,593175,1406167,707067,463705,632773,411451,681809,750294,1797475,3473155,989540,10197142,560577,95028,345321,1419767,1771316,369040,179358,412006,952817,1317728,975550,5835604,1378362,980091,1042353,3590792,271653,1718174,2212780,973689,2270467,665744,2619628,224368,492864,184502,129989,440847,1351708,1399277,4177019,4880218,1478270,2996643,83219,823597,346996,2172560,825790,7540609,517126,273092,2087676,1228019,3034440,1737278,998030,2816886,914221,678831,1210838,1646156,479327,63147,948079,3977755,842315,1277892,1091244,8750,6216047,1776027,3842222,627181,800075,262408,480924,1489851,644917,2459718,1413626,2489105,251775,2554370
2024-12-07 21:20:00,1064502,197713,407080,309926,313226,1778013,3823690,827487,424475,2830985,734850,1593290,1936081,345043,1047759,3416594,1922508,1069436,2373653,1138579,323523,1600295,731525,1600635,404338,444035,2398925,5964559,3063464,2786687,33141,466502,1248686,1541009,6290614,585940,679916,1277326,1568448,1994295,1950103,1933399,206329,229823,295617,121711,261722,1090058,1574221,1273201,452643,2042185,574171,2402934,4201501,2428873,131765,3669576,885607,1559780,2239598,1911436,1070190,1237640,3762928,3673878,779836,328271,731089,412488,591631,525748,714157,863494,4958515,476591,609114,586045,515035,606287,1078618,1429980,76168,283796,1903941,240517,804422,1275925,4369484,4426265,1134584,991547,486840,2623026,209698,1084201,264397,997067,1267729,2425487,83772,4109573,849887,1168928,2581765,1728310,1284349,336563,453607,1050624,848633,718548,1700851,1057196,623854,356579,299699,619813,82275,169852,1337189,59757,281759,98024,6349175,781502,169728,377947,186095,807271,305942,788927,1865926,724096,772406,1645276,553662,754879,1144234,2897762,4059409,977724,9987222,509562,189575,374244,1630599,2378977,304701,109205,584108,1066296,1719351,820648,4931097,1431950,562507,1639118,8406178,246492,6329008,1982284,1028903,1735327,729168,922035,242419,542292,323982,138046,401820,1156417,3475666,5069958,5071479,1642102,3499024,120971,1442614,397895,2980318,215526,7774105,446259,286942,2000520,1361682,2305340,1994743,726254,2172826,1045433,758173,1799277,1329701,1070512,92057,1905747,3891525,586190,1715163,861388,24506,1007793,1415417,5509994,655541,808132,262923,330363,1507078,346998,2142822,1412281,2187847,348542,3002951
2024-12-07 21:25:00,641720,213703,355142,440832,507743,1843070,3617438,628090,1923126,601952,693722,980669,1056822,325606,750891,795503,2646500,213255,3291175,1269108,333810,1586892,931981,1931158,440389,198445,1955027,5832141,2759806,4583441,189313,298717,917814,1670989,7007609,337732,546771,1909023,1676207,2547959,1429188,3191951,318050,290607,286893,111377,207070,1068336,2156782,1325065,654566,1595329,770845,1016475,4929908,2030369,143404,3758786,1156390,1277329,1950649,2793815,875678,1613625,1428182,7574656,1056767,269523,744479,224189,849996,1099789,572625,822257,5360643,444139,728548,403676,449519,387279,994859,1419974,118775,228607,2066588,270877,853070,1119575,4687240,3469863,762402,1195597,411655,2146034,571724,1824823,621770,1041978,1158630,1591905,135844,3383439,2102975,1098271,2768796,1960660,727406,237389,524855,1124165,772295,515963,1496102,1105913,390063,698355,320999,683270,80757,330311,1354937,14073,182748,20957,6346176,910007,299983,302631,113771,473093,289749,708695,1628005,633819,593855,1417493,355522,602574,1359611,2392636,4674265,1074421,9945738,573426,127902,303783,1369850,3281669,379948,107364,471914,1376787,1327799,836525,2963525,1116749,650022,1622036,3711930,278588,1437441,2047048,786754,1380187,1500694,1201273,216030,317147,478733,136396,669071,884638,2582194,6548147,4363075,1053661,3101577,93405,1730531,716507,2743701,2194101,8037852,404842,217272,2951009,1108270,2277803,1985531,555117,3844433,1041237,221022,2222531,1432816,815236,194325,2317023,2882262,615866,2046392,1344849,29501,3299503,1496369,3274561,1232393,923898,144271,376182,1588621,458898,2236599,1278664,1955619,337091,2486711
2024-12-07 21:30:00,711432,157984,592317,421633,440434,2032860,3119720,664259,334462,1383484,730790,1467708,1555265,343094,733155,790386,2900612,127907,1874458,1464568,432132,1582331,420885,2327908,465634,161487,2056032,6943461,2689203,2131222,340138,207324,1114701,1978785,6914438,322221,337843,2197721,1548573,2712510,1754564,2277695,393068,193838,317782,98135,133940,656144,854750,1873418,474578,2750087,674541,3345838,3544006,1914073,124443,2840655,1263682,1067079,2272228,2574013,1063675,1472856,2588343,7456882,1033007,236518,819194,188926,698771,619262,185376,671309,5216757,291057,284800,384834,486402,753458,1074876,1565461,108328,236322,1815053,540574,605998,1184313,4479361,3461704,1759696,1235022,102428,1793324,695040,760813,270002,582300,1180147,5055813,124434,3198804,1094701,1207834,2715334,1594859,857068,117182,365413,1230844,492078,346446,998000,855479,195502,240449,258643,487685,146279,307819,1482086,80615,682973,26842,3359740,736760,258781,352387,132505,978195,558462,513793,1999151,622897,368177,2388709,483450,525343,1863127,4789859,4102072,1320519,10012977,455549,92471,465296,1131253,4097205,574488,171461,353302,1015634,1133873,593875,3861073,1180760,2182953,1986074,3112971,247808,1281202,2394372,604556,1646737,1193244,2075275,312924,526854,311732,129705,456855,841185,3524267,5607065,4469791,2936351,3519883,120365,1659524,776972,2625183,1859263,8427401,162490,138281,2617482,1126285,2591585,1872924,534851,4234516,1620770,444936,1235860,1417916,676929,8430185,1014983,2549075,625443,1989874,1394770,40157,2649004,1824836,3309609,1209155,1119755,290496,396983,1384052,312975,2778999,1430768,2020370,423116,2763597
2024-12-07 21:35:00,1120863,810371,1081143,885877,1036246,2520885,3387428,904140,379010,1720944,725117,1632303,918765,265404,610497,1863931,3294294,181567,8381671,2002760,323878,1253402,599958,2453227,621092,137564,2916930,7179300,2372289,2290372,254810,701348,1228686,2307791,7736956,1995726,440386,2255455,1040192,3623616,1764712,2209765,122774,225621,224173,281494,124573,427428,1007557,2055180,463242,1497568,593058,915601,3531488,1508003,110750,3074348,795365,1366069,2368705,2730811,1001347,1496996,2712376,7394483,727723,378281,1038757,194661,284282,630752,256867,416690,5072429,354513,538492,441105,479217,620125,1202370,1770686,88207,445180,1471161,299329,543686,1266657,3943115,4752544,1839943,1437202,603395,1530924,403090,712846,223236,1074801,1188511,9056167,110509,3747601,601272,1728539,1719750,1627947,1200204,296327,553496,972193,478303,828606,1265483,830161,539922,122554,276448,259846,96005,108294,1038104,74851,1047953,18878,3831156,765005,178659,244616,142125,457032,325589,508229,2688165,908219,1030707,493346,529455,1136224,1427842,4877078,3395695,1183314,10158561,608113,39032,394300,1398390,1524831,633450,143264,465911,1145400,1382617,697327,2734376,553812,607872,4101757,3640266,228179,1623251,2278346,959614,926612,1063673,1269373,331873,168827,183113,152283,431680,1458526,2432387,5819209,3621182,2706260,3892362,104012,2090585,767211,3045237,227031,8017917,196941,161954,2402235,1231788,3247793,2423762,818366,2731180,1000274,736368,1296417,3952689,2487115,538395,705340,2177892,514305,1363085,986840,37102,1405356,2079356,4214034,574322,1320726,265594,347173,1443358,425157,2343773,1283638,2031903,660928,2376553
2024-12-07 21:40:00,1289230,185792,1178030,832911,880600,2345724,2632564,903783,472295,985964,1150731,1404246,984969,212750,575039,1281269,2764873,183533,3853193,1557361,327570,899288,398313,2245768,306350,211653,3019486,6937883,2437833,2117288,213344,1554307,1157059,1903365,7378110,949489,458016,2014816,1143821,3738361,2324383,2041853,114017,262476,347283,93213,209720,849064,1299738,2437515,390744,1859310,680010,899048,4325635,1873621,132906,2869336,867422,2099327,2761113,2116748,1199904,1595973,1632010,8046826,740104,267934,1160338,389177,519544,632241,204959,276389,5086488,462175,410984,706017,378622,635922,864073,1847804,91547,608064,1333548,444664,1076526,2093883,5049164,4221590,1592977,1572559,334254,1590642,332857,544249,359447,1394107,953202,7158599,133374,2854247,817999,1418499,1870791,1419246,861877,256021,663256,675111,663222,1204299,1402822,814462,408500,306983,311709,694786,93734,124451,720986,87217,1040706,31926,6399733,798362,231440,551871,187704,423519,358151,432995,1880911,1100796,958353,634103,328259,1253277,949974,1202010,3461615,2081170,9948719,459794,88393,353610,1776683,1347051,489508,123041,525721,515216,1381937,1062386,3165630,875762,1245885,2602319,4692454,242906,2285079,2552946,645373,1030320,969263,659811,398262,130912,300193,164706,298996,1070947,3283565,4074982,3514092,1091671,3946270,123364,1894782,565386,3166485,3689415,8800773,422723,169266,2413180,1394940,3785339,1813960,1044775,2774413,1034203,847960,2174604,3302063,2254677,883923,1074883,2452665,445335,1048532,1012310,476909,2049231,2215301,2938695,1174046,780982,275886,415581,1054025,422429,2020484,1062301,1795571,295271,2275015
2024-12-07 21:45:00,1121675,185664,658288,945621,1535909,2074730,2784892,801526,349718,1096420,628933,1047609,809493,287677,432675,1396784,2917903,178510,1814133,1047411,321244,1057922,394225,2289609,123327,160004,3531076,5934398,2623436,1842088,234973,1589027,1248004,2369792,6441514,296869,455985,1347810,1004381,2559960,1924542,1677768,110100,223106,252493,98365,3118078,704540,1188019,1544433,398736,1306317,431694,828101,4357807,2730054,75751,2404892,2376644,2187848,2650586,2018069,1141513,1582443,2082928,7697951,857247,334136,852504,555596,299894,550286,216022,326647,4670652,320035,548730,705177,2087369,670385,1167693,2995361,149516,658789,1750501,326853,292371,2612409,3095207,3970629,1444637,1522491,308305,1089712,273079,467830,421381,1906484,890284,2417336,280302,3213434,673966,1990442,1766543,1908907,796714,195096,399757,1158795,642642,924805,1476674,811349,442223,126682,329208,297681,89211,85762,802019,22319,763905,61609,6030241,1002900,184264,1086224,366374,898219,250562,843811,2133477,1730983,931985,554020,424993,1117333,1139891,2738549,4516168,1777665,10494779,788210,113064,417074,1742497,344222,332622,143982,170599,477518,1655656,1003596,3326901,610643,829877,1827018,4561634,187384,2993802,2434188,538696,1108387,1660152,1036451,159873,80133,657239,169157,265320,602838,2104766,4346525,4130786,442191,6184258,103305,1214395,439739,3772194,1312050,8209876,578114,146926,2657588,1303494,2524060,1933082,961461,2593782,725431,322034,2081560,2039398,622577,938197,479527,3066144,602549,859458,1111187,151438,9712304,1662648,3572996,952385,735612,465600,514610,1056521,393828,2458748,212656,2536808,287523,2869677
2024-12-07 21:50:00,1079264,307121,551647,1346891,1355158,1645897,3270039,759926,277410,1123465,605741,703946,942716,662147,830048,982987,2830136,132021,2270189,721795,303487,923734,392808,1929387,156477,193274,2391028,5003476,3465179,1603255,157736,1716564,1044129,2176634,6753838,387730,449464,1194038,1291646,2190782,1879612,1442749,93879,454024,235860,179680,284604,544515,899521,852877,516481,1343870,619412,866443,4633637,2465777,64072,2243025,1053197,1972363,2533711,1739001,972161,1238250,2446588,7552042,658956,310890,366791,416015,218971,664120,232814,329607,4655518,394115,631868,598689,433759,872375,970995,2494860,101250,903412,1434190,173336,387615,1798365,3417016,2891245,1505766,1222051,383716,1170542,342563,715978,408196,1370649,1200507,2284436,132983,3411876,1565185,1795601,1579602,1495384,636520,142207,401956,1027158,864317,615392,1599937,843000,330784,266623,277839,172143,87566,106275,948611,62427,577514,18609,6153840,1547364,152590,610399,928576,474212,216003,581585,2105518,1612065,1031837,1084878,291887,1189740,1711503,1942338,3818401,1589804,10424766,522846,106286,321539,1915835,565095,330475,120959,116551,893910,1284984,1038758,4144038,1304997,818673,3851556,3906863,287331,1858640,1884646,612026,1531957,1875710,1095745,129038,84954,1029878,146325,264153,746029,2389507,4120280,5005219,946286,3974248,92486,774524,514746,2418165,4135840,7843543,201367,243574,2472426,1094435,2437568,1716946,854268,2427457,538264,218001,2098332,2008026,669658,425835,731599,3452677,639235,616086,1115499,52817,4408923,1711497,3765149,1034266,910109,255335,592888,1063670,474029,2482454,201895,2227561,640232,1912449
2024-12-07 21:55:00,822890,120159,249993,510518,1430276,2134944,4401507,963653,307561,952638,558007,682974,1487023,262396,1039186,878607,1687650,220279,2595069,1123592,339674,1114367,844652,1733748,287357,116003,1888721,4105820,2834946,1776352,126300,1883412,1051580,1930684,6846966,291881,704492,1209810,1312772,2652244,1534246,2048919,160246,301961,287939,84791,584510,668920,606759,971138,484720,1658127,251512,901186,4380586,3099215,70716,2119540,1085580,2726455,2256441,2136859,1138809,676121,2287176,7508044,764072,370221,762824,638750,226213,695194,240299,452949,4697901,488565,664395,715650,604625,849629,986419,2861145,94112,768701,974508,381300,541220,1403044,3350012,2849181,1433369,874848,396619,1116256,342892,1828003,333896,2181437,1252342,2531938,126673,3304133,1514905,1342031,1212581,1069133,1483711,408016,1049068,818044,406248,1025572,1079784,881216,314844,164433,277041,272034,73495,195376,1362001,92733,511848,106740,1566584,895723,162951,478289,524972,431643,313907,533391,2000854,1986803,630900,996883,491963,1470680,1360768,2606434,7615403,2035374,10801421,569551,156805,526741,2339490,994399,344032,127907,89855,344034,1313791,502707,7316543,852672,922878,2977583,3822025,173730,1773512,2531528,799891,1892790,583480,1304645,188912,144233,622489,112345,310885,981216,2773057,4408378,3727203,1014340,3972823,119590,608435,423462,2106198,3626189,7938729,276803,754952,1578847,1220248,2555000,1686673,817637,3107449,549721,219222,1646019,1703033,584613,592064,1089799,2898797,494570,721931,1568707,42153,1964109,1475588,3175248,731660,717946,292249,432365,1264979,615326,3683793,181123,2226762,983378,1782360
2024-12-07 22:00:00,849373,211535,369562,303979,1645130,1373225,3324816,1004526,269434,963457,754227,1329829,1258685,168071,561750,622438,1241517,593190,3072076,1118444,623301,1407505,546309,1820026,381986,188932,3073922,4395556,2657318,1687871,103099,1876648,899332,2566437,6364927,633950,1080926,1527693,1162577,3209493,1583289,1884852,133414,137472,1001009,145780,361819,484059,881429,1130889,352054,973445,280198,991382,3980568,2523488,55786,2351443,706567,1321786,2522325,2770114,1456044,689159,2071896,6694800,1186457,86137,728720,719134,328251,388837,244584,312373,4308360,563830,863283,343709,343633,963319,1027297,3151204,319051,347857,1230016,182633,230297,1516123,1847552,2807265,1229538,959623,315710,1346499,1316761,1572301,476024,1183684,1320170,8283148,172711,3663642,1547486,1054974,1368234,1158442,1222064,339560,918492,933412,567725,986192,1435925,686229,109492,84143,119301,290246,42120,131765,1566988,91738,373593,17915,1151709,876964,184337,531451,278505,717996,242725,854194,1381448,1323160,585060,1323954,418920,1051477,1318362,1986714,3972104,1713917,11588829,488202,175081,1504581,2495311,1484739,257435,84164,98049,673763,1244643,581990,5837633,764424,846955,1817283,3826359,144032,1120483,1916329,599425,2438330,579793,638856,141995,130491,352183,255359,285314,1022254,4112779,2676347,2875337,1161142,4408497,72894,674707,388379,2064588,1532325,8380409,191619,718797,1878217,996218,1774543,1887087,533976,2450651,745651,180959,1587135,1026279,471416,390885,1462464,3857345,536435,902963,1311592,95941,1908767,1815519,6002095,974974,632055,326379,406753,1230575,342735,3007322,166292,1746658,362654,2172309
2024-12-07 22:05:00,714584,178585,355663,344227,1896656,1227458,3466757,546206,339621,651110,814375,1539496,953205,229562,541602,878683,2161920,165697,2590773,1110798,566164,977197,379933,1310566,472626,130008,2742760,3559796,2174273,2347560,234390,1114405,881677,2373887,6694594,208529,1224062,1516520,1110277,2907775,2020494,1644826,126375,163565,1035381,68005,112245,463838,967094,1480886,463941,1141760,473690,1012592,4132468,2076005,229391,2048993,758174,1700378,2152527,2843379,1414466,835140,2051417,6530506,541605,145035,1021915,535377,293418,592785,250450,422345,4375222,253757,605292,541666,671858,903142,909981,2637318,566101,453870,1521573,177789,312592,1476962,2613753,3463791,958763,417062,254089,1333139,1032888,1033197,704370,1067475,975164,2966401,287502,3034913,1367311,1055507,1439835,1733242,362846,167100,221484,721731,305406,833572,1892083,886107,316652,48916,314787,771419,75277,175084,1012970,107008,400410,22484,1121066,842341,227466,262559,232266,545911,235537,721805,1069692,627227,1452545,1634271,380159,775696,1667994,6275538,4006785,1488029,10414920,773338,121487,1005399,1866396,1127188,265758,105900,95854,491756,1123962,1266782,3320811,1085228,585110,2056995,3640771,140549,1360032,1575374,1145216,1857169,928807,610306,806559,175436,541431,357273,326200,1072901,3176099,3816066,2719007,1499140,4718219,65402,787147,488742,1951809,732626,8722660,174791,829612,1540550,1010499,1773669,1889318,781149,3115290,531704,180972,1238975,1926894,336164,332313,1019891,3398033,442403,762050,924841,60146,1723408,1386558,2384762,830828,766477,251883,369842,207281,979192,3125842,159556,1375302,275429,2467296
2024-12-07 22:10:00,437777,170803,1079946,440957,1454119,1588694,5642047,301201,329348,1802020,611552,1269260,1016771,145522,657122,1357052,2403071,177450,1985390,511224,324523,857126,231750,1855696,334500,294927,2219916,4204573,2720327,1491203,452155,455683,871567,1976689,6297040,229746,991548,1390182,1118139,3081688,2368622,2971172,118911,122756,200623,115453,158778,544623,890884,725051,473818,1119618,368469,781355,4172643,1771537,37933,2265948,598411,1572478,1864220,2105968,1491257,855589,3356660,6485285,654525,128374,746076,333265,544253,735712,292130,178869,4382573,338637,536960,492672,491952,607665,655477,2156235,294988,308387,971882,456606,183111,1037461,2647277,3016594,1105762,524109,146211,1298519,637391,691192,1078190,985281,1073379,2094720,152732,2823940,962324,1310350,1409714,1197959,387897,88742,264875,968415,462806,1597733,1655894,1086037,381459,49087,295052,180907,80384,370706,843787,34715,155532,17765,1676928,456966,203361,498110,370003,653346,171364,445150,954048,1131554,851632,1033252,354098,825517,1681883,3015750,4191073,1980588,10566442,827807,209892,864862,2959150,863639,289393,148960,240254,481401,836426,695250,4751439,1224279,724060,2057311,4718225,261065,769661,1911622,395695,1489873,1881092,534085,1622935,202150,473900,330103,584897,853429,2818612,3996504,3387094,865543,5880709,83392,693883,666002,1700117,852898,8350760,575468,324735,1447945,825486,2599096,1851741,505151,2200916,625259,214807,958524,2721450,469790,23472,1024960,3751141,478780,678699,674178,25599,1121192,1217744,1747540,791784,547684,150810,365026,314660,556929,3229603,133923,1321299,646051,1913090
2024-12-07 22:15:00,401734,189605,1284045,350998,1038613,1266903,2895793,599358,757420,825775,520960,1642892,1243250,262111,746259,1340546,1885063,175437,1693069,788910,372436,716079,561336,1892045,239298,270754,2052953,3580564,2075310,2012281,588810,1234135,890373,1503531,6318768,260350,666658,1219233,3301527,2656982,1795489,1454089,71355,112605,270071,170615,83905,549268,889192,586886,396611,885114,543699,824281,3569845,1773685,54044,3175622,569547,1426071,1311463,1331674,1173313,652018,2580310,6404785,491712,146914,1269319,368931,842096,671969,224343,178160,4408620,442409,621760,365484,266030,1031909,790450,2796755,654168,550035,1294532,162121,113084,952894,2735624,2645912,2488902,620528,138209,1750643,257956,653016,1018646,657118,1224585,1430963,607082,3967435,1413584,1122638,1154242,1122282,536709,97094,239401,755293,508099,1317537,2416052,716040,296904,37853,133681,183407,152257,360265,1223735,43008,161026,62076,1808682,322486,151783,807495,184156,1032161,388261,743169,1285721,431795,804834,737436,289881,951604,1310686,1693201,3591094,1834551,10128097,1026923,174781,793917,1696810,925927,257672,181978,373073,642537,1427210,953119,3607804,947383,461969,2260504,4138517,513815,5334641,2060925,545631,10170227,600732,1166194,372946,208355,350067,262851,538565,777160,3275947,3723022,4383058,891342,5649034,136294,694886,923009,1907509,897161,8317658,152599,252820,1500969,425644,3248090,1489780,471491,3258842,836362,111430,765381,1567901,448903,22484,669776,2464405,1622524,982998,2658979,18849,870768,1258163,1533822,792968,592870,213545,574704,269870,564785,3393592,225709,1479095,1144297,1680583
2024-12-07 22:20:00,367448,198853,325205,358502,788649,1122163,2462700,620649,373007,713518,751491,2916990,877176,204405,873178,784805,1218684,210508,2194123,850634,277220,906399,264793,1188160,215690,586146,2088978,3425794,2413296,1641135,296443,594869,901683,991656,6241934,259994,564250,1979252,1248400,3029840,1906928,1001682,134593,170218,229329,205995,445409,518989,481888,883659,320310,857167,473964,1006669,3937691,1899046,88243,2688943,503760,1650712,1711003,1236466,1320825,659468,2670609,6437924,403616,198900,2223821,188706,700744,421024,163783,298520,4552443,581203,469483,693164,576828,749743,928857,2485605,144051,864731,3052432,224241,258331,1443926,2844494,1627460,1384857,1314262,373019,1281326,303849,383477,671672,912933,1402867,1756550,510271,3876531,2131163,2069903,1158420,1429990,370809,113772,180860,627756,289637,1071734,2086450,606463,338684,34185,164809,173984,101993,268408,928604,55456,324321,91014,1554896,547349,210491,422332,224239,1177930,251090,1138703,816153,526765,1102109,617431,1765850,970353,1313860,1217460,2837264,1373996,9899484,624772,66636,693991,1994523,780180,354624,74443,279660,472704,1323643,683147,3558392,579295,303259,1814608,4956905,302141,1696026,2182854,611950,1362531,424524,320227,147074,204649,246631,165173,352774,917777,4121470,4058018,4889876,1052160,5864209,154142,694841,625981,1502319,2563258,7670536,155658,196121,1486480,437865,2642084,1193871,558596,3515059,640090,129204,728437,1421773,225457,19944,711373,2167407,1731582,748081,1514827,20830,1058038,1076135,2115906,781436,576890,220901,585161,1100427,503286,3495877,101742,1136479,1419425,1640564
2024-12-07 22:25:00,251210,376971,552666,445845,395938,2637821,2503287,367583,332431,523846,662409,1480634,620199,219104,695126,613387,1252936,367173,1758130,658882,413176,813737,237782,2548214,126705,502459,1517503,3507691,1351588,1858486,143785,619720,828949,1163342,6375677,262451,4954925,6881031,3101511,2414267,2046168,1673597,181252,120518,500009,126756,92987,549308,620393,962329,214324,897458,374910,1478773,4601045,1742956,97419,2506534,643255,2145762,2286026,1859877,1358486,555472,803947,6630384,651624,339825,707798,203331,393393,402247,227274,235225,4502097,342200,406240,524805,978055,1010942,1053031,2214700,934272,695681,3374297,180350,121502,1235191,2270363,1759372,444074,906974,354859,969657,110002,2239079,1010302,625606,1633385,2062555,59832,4415775,1945548,1702962,1018494,988640,592430,126945,425939,616382,298832,1167671,1979335,682818,921519,54640,173713,232699,103466,412968,1099258,52763,514634,422934,2053421,816166,249569,395668,332561,1496054,126202,697623,1485021,454857,674465,545727,507965,913511,911176,1940107,2878788,921181,9673772,614272,107129,1345145,1861777,855734,377771,128950,112821,693079,1346689,706727,3867041,679201,361021,1391434,5499893,191517,1361236,2496871,748072,766002,1558505,482003,142407,212358,126052,95049,307497,580026,4411203,3580826,3149379,854906,5300394,136891,636243,475794,1048782,4464726,6726481,554666,167545,1737466,571449,3481897,1971211,599226,3112013,408991,176273,649771,1168632,632872,89276,707644,4217458,868526,2041788,1676870,8199,2903292,850088,2246094,894704,471103,243545,851076,432392,752803,3505286,86783,998115,1851457,2243241
2024-12-07 22:30:00,215591,332017,319805,911628,731109,1453190,2386407,466576,363431,367611,444914,1127390,662021,262060,1159674,612981,1387131,1215944,1887473,590529,226190,1515217,276050,3223560,79239,337402,1774474,3755197,1739796,1639658,80704,849188,866448,1930244,6217300,283372,645018,8751941,1951092,2341979,2081707,1489147,211430,124750,584173,225734,106161,379732,782184,1213286,201427,1258640,419700,1847570,4417951,2286525,54928,2465531,666403,3117312,2580903,1940995,695822,1184668,847046,7573241,1319513,238026,1000076,653351,324140,474650,314961,210862,4832177,551706,478845,339750,657334,972144,1196132,2299376,671367,1282829,2641509,216953,373163,955767,2192779,1955596,500963,1197572,476988,1387108,291238,876247,384450,459404,1562298,2010866,101358,3169536,1341711,1769580,1775735,1337073,477125,102176,497383,558485,285029,1612896,1162319,587254,319450,258496,179467,222127,60845,268119,987931,41292,404815,33723,1973315,1562613,163733,595904,228962,695077,249080,893082,1698787,329319,415785,562734,278634,246161,830932,958767,3327406,1079313,9790512,652704,85936,649831,1103368,472107,268971,79750,164063,435086,1507616,382696,4186088,513249,397028,1832794,5883588,218379,1577144,1780225,1009338,636177,486452,716824,133746,241253,104858,138610,116701,492516,3293759,4423750,3093023,601902,4445188,86864,750958,864903,971512,4444385,6946081,177735,160034,1856292,645255,2229493,1864666,792842,5427957,417933,176035,931090,1442515,922980,133067,808909,2632513,867089,756066,1481092,8737,1611676,893784,3171319,1187690,444209,270969,525936,337840,472839,3405519,174633,1090233,322245,1691186
2024-12-07 22:35:00,223090,390864,263770,1439982,1170935,1286166,2645342,410013,368592,648939,771132,793421,929059,206890,924202,671829,1717690,211116,1264065,604690,517272,1128518,259421,648840,90922,973635,1403369,3971754,2105467,1215114,59008,859938,754536,1450300,6216990,295646,758226,1336949,2217904,3092218,1088448,1133352,108209,179440,331982,170077,161742,397891,2062711,878534,277265,937086,287724,1240837,4678080,2304616,58265,2410486,636839,1432171,2135055,1889217,705783,1999769,1228146,8345681,1221197,119435,781806,167016,290809,482810,281061,215136,4302835,496518,490933,426209,1432744,760809,1048514,2698272,174594,837682,1268330,175089,326060,1020044,2789607,2582071,654765,1011832,479617,1675356,175921,750689,332223,476116,1322161,2075685,209390,3512072,1451325,2361264,1843182,1182754,390958,73677,762673,980713,315313,1177337,1163127,437199,660744,885191,135540,154895,78780,251300,1116932,45552,303659,620138,2429314,1870723,126053,1094628,259672,700176,147295,426314,2357708,259078,603009,1110203,1891868,320416,1190941,1501618,2751312,974021,9571054,534407,91912,391670,1069594,259314,244453,211131,98070,413821,1534981,194801,3808062,400256,249709,1858283,3845019,233479,1155962,1369522,1414401,428644,609983,164909,95756,126068,158707,328729,196281,492375,3051249,3375769,2985211,570219,3240587,176496,747860,421437,1272624,2201795,7376408,120753,158320,1827915,708282,2416489,2946018,517737,3463461,462407,356640,726661,2058072,490057,33473,664386,2578382,675562,759157,1001281,16900,1463211,880959,2900459,678588,399523,331798,471772,247173,671068,3426902,75236,1034525,446175,1810458
2024-12-07 22:40:00,581159,197249,266675,1353969,478112,1337177,3163019,538996,502673,645634,314920,1823818,575389,133984,868375,606157,1528259,237549,1712564,1173454,282551,1024059,226837,815128,126381,881740,1179855,3296496,1493813,1100517,31195,766120,786790,1263887,6143968,362439,535772,1220333,1313516,2990621,1045087,1342800,60874,118375,363456,139477,137923,395123,775447,2105250,731086,1077440,365002,2491477,5081002,2981465,101587,1824794,671771,1346796,2166240,1654188,831691,1773578,1256089,7868212,953848,546095,1046927,148515,216460,566134,544377,102763,4325897,333460,456864,769546,393049,768555,1028516,2361268,137425,544118,1488475,636077,223922,1159547,2862226,2198128,673643,659060,103448,974682,225697,586796,825734,378712,1378458,1513831,202118,4442570,1234916,1300628,1628778,1010729,348492,125555,630386,1644412,573403,1372721,1099895,358675,585932,1000086,124676,170301,76579,163830,1349623,28770,355994,38109,2008030,1400925,121938,627258,157967,678022,245244,669181,1918124,681970,739409,1411962,1249045,392030,1445071,1960426,2546800,1129303,9752810,495302,56881,351514,705019,522933,181462,149109,98731,695158,1516954,164273,4315434,474398,205145,1497832,4713245,227350,581469,1859961,511152,355119,644000,345500,80315,73598,131708,153092,329917,419194,1691119,3404676,3073331,659718,3556790,121645,847379,346135,1394137,854606,7668230,198534,163114,1279462,884490,2247097,2471546,889984,2445454,872017,164573,648839,1793538,343735,24347,721255,2325014,807180,841020,1105124,23528,1162225,1002614,2101629,573322,431222,375950,596657,258804,571481,3472588,131406,771194,403027,1350853
2024-12-07 22:45:00,522968,163083,630318,729015,372636,1238723,2237939,473578,305435,436673,377447,1175070,393783,92053,586057,522246,1874351,287054,1964391,1438713,252942,1131823,419051,778153,88290,857245,1020563,2772428,1137987,971674,62537,878491,775084,2187503,6348145,291927,361371,1150799,1060791,3455073,782333,1121766,70109,123394,439132,74223,56923,486066,770742,1533212,209279,1403387,467462,2724580,4637206,2878782,61435,2076753,596496,2190758,2335840,1606542,636785,1363644,1254772,7755189,1766551,879443,1082486,236419,314551,748135,668528,161459,4298012,313872,450862,527140,498283,780835,949567,2050073,151892,521363,1254757,349142,305530,1296245,2032455,2169601,556136,653201,132812,1091093,231096,821492,818426,290889,856344,1040730,94461,3937317,967622,810121,2177279,850534,334836,134408,410855,1627997,220630,1374135,1452100,557904,212735,808765,271085,169975,107353,175581,788662,44047,617917,176081,2328474,1169281,195954,332401,241052,1133461,151926,244502,1193299,653886,584392,1619223,453269,273960,1068089,3263289,2774936,1079322,9283793,464923,214457,235774,1156832,605985,225704,92623,242912,962954,3821752,501344,2926270,838590,223522,1447670,4044692,219382,676806,2146455,259830,368136,423303,222790,111553,92672,190824,99889,390551,317668,1990004,2734108,2586589,357266,3803442,81660,1512426,375882,921009,1039604,7191434,235302,130757,1633321,998500,1798619,2425540,747196,3147408,434311,111601,1025129,1593112,340738,114208,478203,3012762,505475,733833,1115704,39216,1796106,897207,1742872,393796,538753,284345,619939,264694,341689,4118571,106722,993605,352610,1526556
2024-12-07 22:50:00,533824,155885,534400,501173,783114,1240153,2448416,493426,321044,287543,542082,889129,497630,132086,1115357,696095,967218,259617,1340525,1151771,160259,680236,203394,695598,96186,798599,1091283,3581856,1271002,2257034,37421,478335,949059,2751419,6183236,233103,282007,1145940,974830,2808235,1103313,942711,85297,145797,346782,125922,75765,505149,573721,1545065,271542,1426348,507336,1027115,3738086,2297944,73635,1855192,597406,2654626,3864994,1696504,1407405,1134134,3469937,5189270,1577565,403212,734111,205539,297754,904154,719462,356789,4087330,258499,390372,354165,786997,681402,1090508,1643354,299591,823229,1132185,275716,46878,930707,2036336,1960282,830469,946108,98600,1415645,174056,791629,247833,720768,692477,1475359,114583,3089922,877181,662992,1508578,990967,362079,117466,469119,1504099,289716,975824,1281278,878318,581819,1891503,666044,176895,194690,278252,821568,46136,735234,15746,2190912,222597,154239,356999,153504,847750,140105,636327,1314282,1371132,759622,1405385,1738782,386668,752295,3028901,2630461,615027,9479176,391096,9749,305811,1480992,664844,309641,157853,80214,887613,3511479,859409,3218130,331962,224932,1116863,4183011,211223,547812,2023755,312444,561995,803799,181232,131486,108563,199012,85538,353749,350742,2548701,2711717,4618582,1110857,3603345,77922,1352123,237705,1101474,554386,6950433,427158,122478,1023488,558407,1842763,2560691,887125,3637688,414606,149014,964576,1195573,269964,30756,553642,2420926,372520,613681,1048205,11879,1353071,1027479,1439666,509211,387497,318153,464928,235101,339418,3725323,166430,1073891,352276,1569990
2024-12-07 22:55:00,377989,225678,522118,423907,551527,1040404,3054197,574222,329535,159699,757349,763757,650043,95605,854002,501096,933741,429801,1664920,984510,193474,702940,300560,540178,115252,851705,1007940,4946565,1034535,1281411,38367,270750,896670,2401344,6377704,312910,431039,931020,960227,2866735,1300451,909938,125039,139706,391625,73763,24356,382404,1213392,927855,1844375,1374775,459168,806515,4004411,1897964,447934,1576052,660612,2993238,3082956,1372745,670104,1294579,2051135,7252732,606118,141994,439753,264270,364216,1447283,480553,311458,4214634,340960,389137,529869,1045989,555354,1250408,2842233,167722,1747065,1240622,199582,76139,972825,1702074,3450092,628637,926882,91641,1208401,288026,703949,426211,965519,524659,1059061,138369,2941590,983545,1158131,1415687,590951,615912,120580,285909,547720,629211,642226,990464,421307,322965,842791,190726,143145,153845,98239,1223900,63292,802315,29968,4379904,283238,177065,449171,134020,953586,297547,702572,1238127,252261,580505,1129907,435859,301831,673504,2342597,2507151,719458,9588944,467224,22776,308879,759157,615927,280742,132314,90893,1473358,1041929,536192,3057229,304881,204569,1000651,3120438,328983,613907,1988778,848359,599938,822485,167251,233611,123424,131056,166449,381579,363482,4055975,2654327,3653298,1076352,3459865,55136,1374673,164463,1466605,678592,7170967,181905,161003,1011085,531767,1982796,2448479,750139,3267366,351217,186061,812370,1319449,245873,26766,844162,1696571,298813,1012167,1162922,38371,1546796,1292505,1362358,344809,421036,308470,523320,308120,534240,3550513,135103,797423,654515,1504256
2024-12-07 23:00:00,494456,364095,261622,336596,361270,1111431,1338964,339045,262757,717352,405143,733029,605020,239836,319950,431920,1534393,204352,1648585,745584,626781,274972,81007,3357281,94797,688863,913650,3671353,1118245,2080611,74927,245750,103494,1223945,6633013,307471,249417,1735639,1546691,2368107,1746145,912788,59597,112443,425567,249504,125951,320518,686633,984934,271469,859746,605510,713959,3599874,1583553,53762,1286318,728410,1086901,4238958,1599580,920615,1034907,779109,7774872,740242,309986,557065,145594,382557,433672,146968,383458,4213449,1311499,1394087,286932,718737,973589,1607434,1186803,328468,549487,1311353,700355,317462,1139354,5617553,1660035,606306,1220850,127135,593536,77751,834386,92456,369344,756310,1099791,158629,3572153,704785,1094778,1681491,474184,864894,1106879,242507,240316,459626,396663,1477722,621958,723896,55949,114855,265901,763189,329750,753297,8128,748486,34687,2117228,311175,73434,162814,211696,422990,73998,259770,1381749,743373,482249,508799,704784,211969,845087,627068,1922368,1005674,9653013,4900270,104144,3466896,169028,599903,719092,80588,115853,787641,1058689,345958,3768945,859687,535337,2618068,2620433,160873,646353,1204314,460852,437681,220000,204287,92053,82511,125397,66244,181153,501081,1049528,5095087,3144023,872859,1549407,49728,855696,934201,782955,4011906,8239640,334818,215217,1900581,319274,2090043,3725149,678620,1384446,287636,291220,1134143,1249992,275937,180001,371567,1607479,829501,1642280,3913563,40304,1396972,1745559,2040323,558292,973369,192288,1370070,147074,788049,229725,97821,1010059,482434,2394149
