timestamp,Cell_001,Cell_002,Cell_003,Cell_004,Cell_005,Cell_006,Cell_007,Cell_008,Cell_009,Cell_010,Cell_011,Cell_012,Cell_013,Cell_014,Cell_015,Cell_016,Cell_017,Cell_018,Cell_019,Cell_020,Cell_021,Cell_022,Cell_023,Cell_024,Cell_025,Cell_026,Cell_027,Cell_028,Cell_029,Cell_030
2024-11-30 23:50:00,1859060,1265545,899109,815594,961408,803816,955929,1151176,201717,1607087,1843932,277519,1333055,1373807,1312142,432921,626709,303536,460089,1018326,662276,843755,1523989,800024,680205,466757,458912,592716,425211,396258
2024-11-30 23:55:00,1947749,3346731,1123868,1367809,1678913,1465285,5615307,1493687,323705,2939679,4321230,635406,2715620,2311257,2792018,952943,1600035,503534,1810681,2197976,703520,2383366,2346116,1833528,1312967,961616,476269,1307383,1076381,1250057
2024-12-01 00:00:00,2435073,3116848,1471663,665739,1750879,1087662,3488773,1370672,375219,2866957,3737575,643300,1285732,2621052,2210990,688959,1480553,222158,1880000,1823933,1268638,1615745,2132333,2356059,1195759,1172887,484301,1359704,1033253,1469970
2024-12-01 00:05:00,2040423,3752114,1707624,478926,1781552,1167745,1470245,1430102,379442,2808953,3316672,555675,1059812,2574347,2346929,896268,1298016,183174,1898440,1540137,1297745,958437,2118067,1628877,1226084,2003286,637935,1245422,1042170,1417513
2024-12-01 00:10:00,2230629,2976332,2339445,1057647,1508118,1559209,1362898,1581655,340911,2202840,3292816,599491,906126,3131423,3831598,1116089,1566175,195121,3072778,1827686,1042090,1311004,2238251,1912468,980495,1573261,623249,1031264,850179,1024492
2024-12-01 00:15:00,1665949,2979301,2569331,789483,1729685,1225283,1433822,1972512,280817,2051384,4110684,504087,904133,3309758,3674427,1160031,1736607,319880,2597716,1809846,1307228,1543287,2155137,663851,487889,886632,623710,765322,1040624,845891
2024-12-01 00:20:00,2172804,3227057,1984239,1013859,1963523,1351409,3725447,1738595,249286,1841460,3753125,507357,817719,4005825,4363594,911030,1354913,218883,2750738,1397318,1023730,924046,1689657,802684,463030,1262852,679701,911086,888103,960319
2024-12-01 00:25:00,2206700,2699621,2258417,431895,3717989,1151176,1955957,1597541,299120,2173544,3081441,447117,837339,2711718,2831731,950781,1132563,208913,2573629,1364020,734410,794062,1644118,698954,476899,910362,504892,879855,918935,433571
2024-12-01 00:30:00,2240276,2605600,1302425,739605,4153739,1623429,2061749,1455532,263070,2382828,3100043,501682,953444,2292614,2863031,1581550,1538517,265206,1442286,1083543,640953,772158,1993262,1521646,701040,596432,532421,898870,875074,579985
2024-12-01 00:35:00,2096858,1848097,1276545,412422,5195083,2159455,1949255,2071569,252318,2092193,2758468,465733,1070578,2025528,3171517,1270062,789245,142779,508345,1835494,552297,817111,5657766,1127403,447712,1030181,1275623,859420,903780,972624
2024-12-01 00:40:00,1859381,2669040,1200734,473634,887958,1270957,1485023,1374143,399326,1919833,4214194,425560,1747114,1954040,4121313,1563907,947307,273593,593073,1930419,710292,882840,1606718,1065098,326988,1061901,1842243,938891,647574,649019
2024-12-01 00:45:00,1933389,3508893,1768138,538332,986070,851367,1414103,1370123,315856,1336262,4445596,362604,1127445,1730706,3056472,1029678,1091386,256007,735887,956039,889458,760583,1842269,850865,709810,1205347,2266697,838669,639143,299649
2024-12-01 00:50:00,1886796,2438227,1625679,596080,1149531,608020,1591334,1882993,306141,1076843,4483070,443059,1362533,1694097,1815059,1114946,909658,182442,610205,995154,723564,520696,2066184,467491,432209,720406,1853074,816857,505237,243139
2024-12-01 00:55:00,2125380,1237087,1933418,1396537,1021070,561752,1382381,1860154,316542,1218062,3435317,343636,1356811,1626011,1667695,834188,891237,195720,566547,888626,695375,462807,4098015,625374,362658,1028847,1683544,807821,498937,281389
2024-12-01 01:00:00,2402456,1443230,3185110,789224,1000573,591535,1918175,1671580,232844,1993088,4165313,460679,1264097,2439945,4061544,954511,1160145,201468,472682,1460565,817617,367589,5931006,991943,203095,1532395,1742116,537151,610889,223506
2024-12-01 01:05:00,1388005,1731549,2427948,408439,1006228,605941,2122500,1873722,574059,1592277,2783345,491293,1412326,2349647,3100038,887122,1320692,112137,487774,1099619,1169193,476609,3274605,1066670,297908,1430351,1361760,458271,553076,268565
2024-12-01 01:10:00,1609817,1807830,1370086,198556,1131331,462623,1915635,2139156,248097,1236415,2656088,418729,1534616,1945206,3816116,998651,985130,120770,437911,629089,984178,409708,1002304,679492,400134,1485254,1934036,238388,830858,253122
2024-12-01 01:15:00,2147776,2801849,2196864,514390,954714,548217,1777392,1827216,158228,1515111,2325698,441672,1447579,2050801,2310749,881356,1208049,152433,926785,783982,559082,594570,1472180,614236,509184,1934188,1843203,280318,1257305,618558
2024-12-01 01:20:00,2256280,1222029,1209476,417323,1214452,634694,1642704,1269958,231702,3736893,2580186,571660,1412783,2797935,3476542,1248141,947607,259295,444387,542215,577036,1038174,1261322,905495,278730,1201332,1604024,330980,776305,277607
2024-12-01 01:25:00,2525926,1530696,1382077,263384,1257877,747376,1762179,1110738,354615,3456736,2501987,509735,1392547,1750591,4647869,1237727,599401,155941,514352,390577,811858,408822,991118,455299,406478,1293682,1957372,311107,557429,350199
2024-12-01 01:30:00,2217407,1537374,2186177,220621,1053672,622352,1548355,971600,331905,2216552,2149184,357550,1318904,1590443,4295871,1412368,661822,132330,329825,513890,574308,432501,1925959,335374,530469,1011078,6652833,358842,412858,557543
2024-12-01 01:35:00,1591646,1577600,1514256,185756,860982,725770,1679876,1200025,304559,2305096,2149574,322479,1479183,1415004,2785600,728714,538843,101836,356766,458900,744423,486347,1078503,357270,643358,520952,1035400,300612,573827,446832
2024-12-01 01:40:00,1779681,1516475,2750504,158778,811882,559926,1539694,956559,183540,2299964,2075251,346814,2799567,1267309,965165,1113671,534137,255322,294700,346034,656758,400540,578244,379391,440636,653554,840984,205638,678542,383473
2024-12-01 01:45:00,724216,1947027,1642417,321034,730477,559002,1442914,692649,205692,2404394,2151268,289337,1544887,1266125,536570,1099771,470527,125587,482844,320941,818893,515226,1311757,344648,448495,423058,595215,230408,746269,304011
2024-12-01 01:50:00,803693,1745934,2825325,236242,742807,435083,1836730,632309,192879,2262038,2619184,279308,1063885,1254882,481915,1242275,427212,108265,388718,367251,800269,480327,959824,360018,342042,396709,307117,207930,632179,282558
2024-12-01 01:55:00,680032,1862985,1359167,177423,660534,406201,2027054,547571,146087,2154812,1945881,294422,991098,1158512,723410,668503,333736,41638,318077,352493,662428,305739,742711,523187,379489,597257,1090258,205295,433538,309188
2024-12-01 02:00:00,729211,1666744,2846003,232081,862308,462384,1876711,1264269,511491,1769827,2122945,248450,633597,1338915,652462,407902,724377,152719,344764,421608,846992,363663,818107,497918,224807,553455,884242,203290,331459,392200
2024-12-01 02:05:00,643522,1307536,1504334,833620,763147,846791,1121630,722843,197535,1717205,2345007,240289,560722,1287231,550919,429899,585516,86713,334547,317793,401114,272995,724971,565157,699641,569852,541859,208986,339783,199759
2024-12-01 02:10:00,735825,1397027,2418832,298082,749134,473655,1067755,629300,164483,1821551,2707972,261454,755430,1050634,618600,608865,398713,161873,382081,344120,295845,327198,668609,248214,562370,476555,543471,171779,282915,181591
2024-12-01 02:15:00,603648,1403554,900444,166407,1107627,335002,1588316,674065,142544,1768148,3614335,334756,663093,1225801,542744,826654,452227,180155,371443,239153,240656,377386,621270,317901,891152,410820,300193,252595,336748,196688
2024-12-01 02:20:00,665948,1131628,894157,182713,770724,398919,1602674,520082,160086,1700623,3091976,243689,793108,1389775,578545,887394,407729,77795,449182,388247,301094,359448,456444,317537,585088,391181,319056,209407,271558,219845
2024-12-01 02:25:00,1105262,1376316,959357,174421,745611,460052,1055683,608250,110900,1923429,1461570,302565,1569242,1422577,642922,730021,355841,229032,481481,245653,435123,440647,553001,260468,457843,505053,290704,214946,796556,159859
2024-12-01 02:30:00,836579,1691898,1984184,96021,514852,195138,1012812,745423,117986,2175665,1823758,229133,678209,1219877,509805,1330170,529767,89167,821789,275398,432189,407592,595707,212512,701868,378790,369248,205902,371954,147122
2024-12-01 02:35:00,542622,1226460,1589376,876312,602858,225888,868467,608288,117617,1978868,2311003,240976,750213,1108406,440210,935770,1004858,87253,587791,295806,311271,375471,518242,285053,1647478,426583,336049,167865,498133,154609
2024-12-01 02:40:00,540349,1659672,676397,161499,544499,186946,676260,487174,139862,1738588,2909512,326127,1967035,1116927,386265,357491,1330246,200678,441208,325250,739811,367428,507525,316443,644437,338103,208872,137258,321025,173135
2024-12-01 02:45:00,471033,2043786,1662033,183803,459384,156665,817868,559407,85729,2423918,2506215,240919,512484,1059148,450277,263880,1348669,63574,335538,447768,971594,334125,664834,282364,653484,623480,169290,176770,385794,167438
2024-12-01 02:50:00,470533,1701709,873069,85616,429140,158400,436028,628136,156855,2272945,2428403,251294,482787,881690,359532,293900,977870,106474,224299,571401,1036736,309229,894352,190824,609075,968231,228571,177519,338078,127849
2024-12-01 02:55:00,588837,1755876,849764,92799,636036,207099,1047712,602300,103198,2205677,1650431,379666,494079,1316878,398446,917705,891208,88056,204130,158589,626211,270815,424094,209691,391555,945801,241858,139893,247600,104670
2024-12-01 03:00:00,496438,1720015,776833,208179,660273,156823,1113663,553869,161518,2234730,1303392,705011,531820,1022042,367908,688025,985912,78181,252279,165864,267683,271662,435395,110398,425769,962167,204581,105815,270893,170199
2024-12-01 03:05:00,528964,1663954,773563,192442,849212,152939,937865,503416,136867,2218352,1657467,817292,479369,1264500,419967,207288,975061,46287,225881,145942,298174,259350,577498,236750,268148,357726,214282,125805,338926,536754
2024-12-01 03:10:00,725407,2478815,875248,91313,817797,138360,991748,465167,169749,1899272,1781592,869679,765006,1473763,442690,184387,973838,128905,193401,413617,247454,240184,774111,187718,322617,866937,208990,152911,211541,990370
2024-12-01 03:15:00,611605,2844217,847248,1340496,847585,125419,1539669,415087,164182,1671035,1673242,1228201,437111,1603560,555854,368147,638049,45885,188954,739475,347944,269302,413642,202035,539324,319542,162989,113639,198213,708598
2024-12-01 03:20:00,565591,2378098,651412,228542,694696,109289,1414801,417713,125226,1781938,1930570,1513957,456596,960317,437458,201630,278427,79090,262192,732959,292097,369217,271286,162417,434910,324380,287241,139396,349641,305160
2024-12-01 03:25:00,512072,2192780,554583,131741,687576,112549,1286505,390003,82477,1625020,1546474,522614,685450,973939,305355,216158,152873,63423,174671,358000,288160,246519,247723,224176,402802,342837,253394,76705,480980,167989
2024-12-01 03:30:00,489648,2074540,763221,132168,609986,140961,1177034,277236,89488,1565325,1010582,186073,479714,899122,307602,298165,181778,109842,167191,524663,288648,275186,301450,140095,319214,435671,328849,101698,283010,157306
2024-12-01 03:35:00,482327,1949516,917222,144372,623878,141662,1451876,285824,177906,1441834,839640,173880,712536,810450,288233,265557,174620,54362,134828,385441,326307,306560,797877,152556,326746,331708,377660,91669,258408,108417
2024-12-01 03:40:00,547723,1942052,700741,74817,483961,90388,918239,396546,86222,1440108,1387515,221856,620165,869492,245085,221998,212405,45718,160483,443835,334991,215781,413611,146931,396121,283148,274703,76377,443578,81669
2024-12-01 03:45:00,536808,1834611,948380,89567,593457,129681,497839,860806,127829,1186750,1018082,153616,332724,862215,183285,247337,149192,84468,112478,216590,305753,246004,300855,155514,156357,251104,198393,84834,234539,83989
2024-12-01 03:50:00,556354,1599428,961566,64085,412759,80196,341962,967661,118407,996853,813466,189574,717762,864458,239197,277289,167803,153277,112622,685823,234010,177617,331277,96017,97190,625782,276330,70774,525930,63346
2024-12-01 03:55:00,388414,1509619,865801,189935,418677,150084,281197,1091571,143313,527390,746078,193944,454860,873348,267463,299151,391143,79979,162101,1085628,203135,234459,478984,87727,127834,355346,157567,80626,213308,94736
2024-12-01 04:00:00,397075,1621808,422021,107470,535252,124569,320960,1153239,177453,614095,816016,141644,452088,811583,269222,377645,149994,36036,146102,818437,198448,170338,517087,102760,109112,357755,139184,111690,388208,94077
2024-12-01 04:05:00,359642,1880126,534297,93762,774134,124058,535791,1212968,87053,470459,758688,127481,602826,951368,506390,265181,157297,70516,149177,829349,142670,124759,612974,159324,100912,406713,193282,93392,283446,82771
2024-12-01 04:10:00,256768,2208114,449184,106308,513554,219854,526991,1254718,94276,473496,713321,119295,540460,1330632,438398,245778,157151,58794,120980,793744,198303,162203,213165,105941,85153,452603,121373,91980,179086,81109
2024-12-01 04:15:00,221024,2256018,286215,186734,373267,209271,991530,1328287,123582,509595,618470,133902,437410,737526,427565,435491,80864,154185,149789,891706,188974,239159,219736,97075,57480,623755,73426,94986,184988,88489
2024-12-01 04:20:00,291588,3316851,212458,151745,983500,165095,863522,864797,88219,408844,610593,143054,316951,690372,294617,213549,148415,36061,156770,919598,173708,294608,745966,112703,78169,249135,83064,128216,183586,176883
2024-12-01 04:25:00,281719,1185768,232130,83157,458813,140386,645865,375570,70017,416860,661020,75235,1159207,770286,323822,270270,140781,51613,225396,848282,285899,281158,660326,148983,105805,310775,82767,151377,130554,182428
2024-12-01 04:30:00,312633,1522098,185182,90435,567046,110808,227778,979846,70320,434724,644210,79563,411956,727108,288961,301296,170862,37499,79842,711546,220370,209410,774779,87416,118241,367970,83200,153328,229406,420454
2024-12-01 04:35:00,222792,807426,215178,85372,639004,89996,222021,619624,119447,551518,534011,80171,253302,643256,249092,244045,125666,45418,87111,498148,220245,265085,462755,109501,136500,314599,109205,78280,116823,215055
2024-12-01 04:40:00,233409,551208,200011,115189,331936,95826,241118,431606,379777,489944,583323,71831,466247,795982,260013,285785,89561,59184,166857,663849,117631,191820,505240,78103,83434,321826,150896,63469,112939,128025
2024-12-01 04:45:00,248207,549226,506846,84629,1505750,73326,325678,315814,120570,389419,608508,47229,306317,709518,275018,295910,99120,72631,102744,459184,173352,202802,586628,113426,85532,614638,161963,53038,115437,260267
2024-12-01 04:50:00,226229,642251,468374,88465,570233,89241,215209,762968,65505,404303,445853,70557,261588,607850,285573,255894,203223,151140,124519,255661,198740,157605,588960,122415,51202,808983,205283,41224,120869,56222
2024-12-01 04:55:00,321853,562506,173401,38625,889700,76643,135190,857947,76971,381047,461382,77935,265532,693553,214478,227303,157144,19218,94475,109058,175802,157940,593485,84531,52102,1144288,153774,44425,148172,101886
2024-12-01 05:00:00,339072,805036,879871,49008,841638,101000,175821,303248,75025,245049,455509,63506,210749,922439,150895,201156,147654,40022,130253,79452,173105,202419,504385,62493,45326,1157324,160575,40916,155445,133689
2024-12-01 05:05:00,256641,574238,149267,140129,1003831,102215,184066,285408,63624,194377,375957,62074,194558,918040,218427,198740,167404,46787,125167,103446,132907,176388,475339,52469,96386,1088259,156080,68105,117981,120975
2024-12-01 05:10:00,264423,645543,141609,482449,586481,118912,133467,449793,74563,664524,463585,68274,174793,626025,462837,241455,222249,47736,152329,143073,128545,514281,661219,62129,101383,820312,207269,59626,117177,138946
2024-12-01 05:15:00,257455,495726,141050,198253,428388,61385,179740,953654,64335,466660,439996,94070,232596,607604,186721,1137596,105916,70428,156608,140577,151938,271261,667214,65920,68925,937145,155184,57990,111011,86185
2024-12-01 05:20:00,241517,834968,125532,71095,725015,107256,236642,245611,41782,227106,480964,80909,295406,821396,144213,278215,134002,15875,156250,109752,238491,357231,452505,58395,90419,148858,133676,88586,114171,56220
2024-12-01 05:25:00,329459,1234385,118358,66621,1369083,73915,232132,212073,38962,140141,427264,74729,247094,749235,201943,213434,207319,56048,180247,153652,197884,182799,420767,64850,340665,131302,157862,55105,91202,60289
2024-12-01 05:30:00,354801,1101264,88795,219717,1239643,133070,246358,247646,75423,172218,491559,74548,238389,693023,220961,294429,136135,17960,306659,146709,89378,249975,628187,72507,60430,137830,107537,115853,76682,81272
2024-12-01 05:35:00,277771,915870,111636,183712,561750,97417,491843,237358,39743,231842,503145,66767,418445,515736,202699,314824,105429,16886,207717,196867,121791,187033,652818,82431,38548,186010,86754,70870,85861,47210
2024-12-01 05:40:00,239303,1152726,105490,101011,347638,90248,247716,499540,144992,385497,469234,155949,491354,575530,211374,327345,166014,14604,259594,170777,107768,243762,766683,92266,35649,130794,111649,54006,149633,155304
2024-12-01 05:45:00,297891,1002103,151488,30282,324336,82831,199480,297900,95839,187993,471763,58580,249467,495876,220068,197961,69081,21657,375500,190541,124212,185671,777903,53813,189335,145982,137794,71451,330914,65988
2024-12-01 05:50:00,296973,1230153,131557,62524,246033,367762,179419,359111,108718,152431,465877,102861,259120,549316,176599,280372,132003,45290,114393,129717,92638,217761,762886,42514,96989,166750,133949,73100,268335,84551
2024-12-01 05:55:00,258159,1664080,162459,220049,499442,602523,241817,393459,105209,183003,528302,62752,219773,682360,153227,211808,90616,85141,121496,254913,89120,253838,780099,61840,100324,269630,84281,89091,63339,88712
2024-12-01 06:00:00,461679,1189367,222129,51048,759448,522740,266018,427222,117035,231870,582417,121268,247211,604095,110417,254294,101926,18547,314071,228860,151602,399820,359709,62597,107560,196621,154797,99486,136255,60631
2024-12-01 06:05:00,367669,1167046,163991,83495,780714,489929,270257,322760,104422,194084,542987,71075,298025,605587,161295,198668,165435,28153,263348,158312,159444,427024,752313,42837,57022,155290,98379,168398,498443,42565
2024-12-01 06:10:00,370732,728236,125082,51968,926019,101294,223389,360510,83299,207610,501433,64511,343315,583880,213446,298581,87540,21528,361328,135712,114870,421389,632545,47002,179713,157671,147359,197313,269921,45410
2024-12-01 06:15:00,291999,791021,211995,157594,940418,110953,202211,474435,94486,304682,497267,87978,396889,641909,254128,299616,119311,32480,252641,149314,119959,294145,575053,67164,91955,154324,136293,184390,547436,120283
2024-12-01 06:20:00,382494,624056,262193,50065,404620,109050,240034,510434,138639,207431,351719,107850,277673,544108,169322,131880,86855,21501,288564,333486,139296,421611,591840,76916,109596,210204,153780,137292,101290,97532
2024-12-01 06:25:00,630872,2271644,95372,34819,1205209,163436,193410,652795,204987,215302,353395,82628,295130,622860,206725,208760,116255,59894,304365,337568,147462,229709,568544,37010,75907,165888,107212,129006,117414,114635
2024-12-01 06:30:00,503579,1755134,144749,135409,438333,240871,301007,513019,274851,209020,324722,104245,264108,674157,165326,221715,127079,91577,249785,224341,146163,194909,606044,89128,87666,163557,116526,147083,127156,104735
2024-12-01 06:35:00,492269,772168,143114,290888,445581,155436,364608,570797,352293,215029,437888,122708,369947,578368,183011,241276,102846,66354,309524,207337,524447,232272,648846,57477,71115,134394,107209,221792,180428,60405
2024-12-01 06:40:00,535879,834756,126586,160881,391667,227349,230349,996387,307385,321275,559247,149751,317809,800243,140723,303393,86675,56519,203877,167880,482877,716697,645907,51421,91551,176289,96419,110317,145595,72771
2024-12-01 06:45:00,409183,610906,320035,75045,4242477,472665,268174,414854,235622,287753,466947,89506,277703,697532,123643,239198,72029,67173,210091,200916,171000,298654,782319,61722,47871,185464,76123,119807,137154,203236
2024-12-01 06:50:00,557279,568808,130735,127353,3535088,131076,352945,412076,325499,246068,365170,89894,224323,637387,158468,236945,156855,96117,245712,162508,184318,237468,736329,47629,60433,164800,136375,185884,280475,89806
2024-12-01 06:55:00,618330,546785,92735,167587,2862143,197670,251318,564972,571906,226673,408475,126357,284382,724432,170000,258812,169777,49187,239444,303703,160990,302997,547983,74906,41860,210158,100752,89659,128215,88063
2024-12-01 07:00:00,627133,888265,101206,141874,2148283,234453,272857,802329,289862,263077,385313,105513,254848,725433,332500,295065,217493,84792,279462,327221,148336,417785,445235,64064,62099,246326,108960,112820,132425,86325
2024-12-01 07:05:00,514657,717680,128095,139296,2171448,245811,416852,923799,276996,272368,523539,146599,315688,702434,232992,578886,213020,145227,321895,208645,250085,412042,724012,117552,128237,206671,96034,144675,176023,96648
2024-12-01 07:10:00,654742,807828,115630,206270,2152885,172568,396013,1345201,249446,491321,695266,137351,351898,384155,236968,680815,190758,154320,311723,259017,251395,446250,794055,122974,125818,231532,133777,168276,183447,109166
2024-12-01 07:15:00,826030,1028428,103070,192548,1433092,216126,303115,846167,279389,503409,379366,138959,329209,669186,300481,668444,134219,96752,321801,253232,152007,317777,591281,103499,71034,333011,129966,207117,141048,420328
2024-12-01 07:20:00,1045128,861011,158835,150032,416358,245851,421842,1065207,233624,294748,416485,106229,387605,1091660,291635,3304137,205499,299056,283256,212110,261395,300913,302064,74075,88579,498009,211636,100495,144793,138922
2024-12-01 07:25:00,893867,1047137,115691,306862,411936,311351,402019,1221730,202993,476040,423768,125428,306089,1032453,258296,932116,339880,453008,259561,348680,341697,334520,357984,69549,45692,695943,217890,163374,800792,203671
2024-12-01 07:30:00,820237,1457505,130983,311639,434811,404707,388975,729229,258958,350947,372914,148555,400778,560920,221705,651481,347965,249431,427465,363611,374450,288667,351809,137399,121281,337907,543910,126127,391561,210650
2024-12-01 07:35:00,1036448,2182230,103953,336768,419525,349867,402176,685231,315309,292402,391888,207975,404173,516299,310675,669776,355411,402050,280756,327011,232016,355774,485453,123203,136286,314759,137968,352880,437209,264922
2024-12-01 07:40:00,1271297,2459789,104014,418395,1466509,384386,478494,665781,324363,303538,558841,160320,334697,784891,292169,810971,706732,247292,226746,304297,298364,250012,581088,145579,109576,547995,184884,235835,406002,122872
2024-12-01 07:45:00,953126,2256293,148316,578651,2557109,441060,562639,609202,676655,394832,654350,177687,429776,1278759,281461,782972,1009400,199323,297213,209562,332125,280870,467903,198289,201990,446454,134393,141907,433320,147792
2024-12-01 07:50:00,945665,1950908,139826,660205,2236466,444823,922016,636208,353091,400882,643258,299402,465981,1362831,222367,548795,522335,1605160,208760,205109,709802,354870,549909,624515,131962,532669,177818,245303,410620,108412
2024-12-01 07:55:00,918359,2356113,74559,601602,1318569,366516,686931,1471114,472637,570545,752052,241449,428045,1451709,336073,385385,365828,316957,270134,365463,396499,393865,507436,184820,151386,511037,306951,204103,575750,193873
2024-12-01 08:00:00,1160933,2306444,132293,622639,786238,748566,716207,1521182,521709,628122,446478,365121,467807,1358211,371535,476621,982407,493938,223806,583044,712996,499846,496994,305994,431840,564587,335887,256121,1193555,303357
2024-12-01 08:05:00,1364487,1781957,145362,539432,563552,664918,525879,1442037,437290,1049538,748985,322986,426842,1282671,321124,485565,499485,743788,593691,542695,612423,460287,1347084,237845,316346,512882,336599,436490,817720,409457
2024-12-01 08:10:00,1045499,1593325,124412,569696,633894,629325,645579,1792239,361109,1613208,862015,205400,317866,1048579,593332,449511,413743,328663,353909,370081,1108338,676167,1626436,212699,118667,568166,234781,341613,944788,452400
2024-12-01 08:15:00,1079055,1125657,157858,1240151,678246,289942,832045,1557569,432868,948603,646190,230525,326502,579865,348133,529986,369752,400576,934738,415289,544235,501135,1733340,318205,121567,502089,240316,622805,808099,433198
2024-12-01 08:20:00,1438281,1720416,180396,594401,1025474,503928,1264940,990828,461995,619555,876217,283994,346533,505730,198953,400284,517912,399738,298648,373912,979707,495379,1290129,367372,491675,603408,211425,651789,723096,200906
2024-12-01 08:25:00,1534811,1548253,122965,518891,1285136,585914,1096624,1260274,583712,503515,1125055,375037,369840,884860,305818,497578,724720,260482,281249,462137,1462282,374116,1027547,397688,785881,583614,219051,641068,565117,167533
2024-12-01 08:30:00,2141420,1942007,210003,1654433,1107641,519342,1249370,913330,500740,479230,901662,289889,448436,634000,1177382,597447,984174,704476,434707,276346,1415195,405553,809396,452526,1220729,396616,307526,476727,452743,211481
2024-12-01 08:35:00,1811101,1771840,174051,917111,1835908,410076,963964,920587,792612,430298,792609,298328,583392,606791,944800,634643,647400,575134,493529,270667,1750189,407908,708572,504482,206157,460618,359452,411295,543125,225109
2024-12-01 08:40:00,1714138,1969914,198485,659020,3243578,920335,950995,1515018,832312,705739,1010302,353898,856864,782545,1018372,501614,554487,504964,404812,353669,2251037,740534,749753,459434,322462,1287373,533217,423621,568154,328202
2024-12-01 08:45:00,1552789,2285990,178446,1051054,3715850,645199,1178743,2647981,710685,567149,1296943,328180,608021,1074743,961489,657013,524195,954801,390427,458551,5440145,790487,795098,491101,364306,442711,683282,447084,722094,407087
2024-12-01 08:50:00,1710887,2023479,195727,1046996,3369497,626932,1259203,1558495,859883,780191,772176,322452,686688,1150454,268388,824606,665140,863870,375700,476667,2022264,1542685,722890,557709,337573,882610,803150,1587708,1063000,844926
2024-12-01 08:55:00,1746752,1889814,218243,876368,3728319,586874,1347874,1860535,716550,968445,808850,377783,314752,640519,238007,554179,821287,3780262,378832,390853,2989111,1295478,1103355,477533,384154,1267709,652136,1145671,716735,336789
2024-12-01 09:00:00,2425069,1997009,248412,1392409,3368466,711127,884584,2380827,709755,1093657,965177,464150,344180,809796,409576,684519,665258,693359,553954,676839,1226992,1470901,936420,701474,576982,470104,266962,1022159,525562,680142
2024-12-01 09:05:00,1496933,1782686,194676,606669,3272441,674131,1067876,1784702,886007,1195849,1784756,551342,476998,724850,1181586,600751,713397,429771,524265,542559,1689532,1171833,797915,904807,549812,620354,1105831,854517,787911,422179
2024-12-01 09:10:00,3981337,1397916,182841,639612,1653148,790837,890839,1488468,677741,894262,1090255,1137186,540391,735158,1329047,591049,694155,403083,435223,1250649,1423794,1158699,835715,468584,545975,485351,877876,1122101,766012,330665
2024-12-01 09:15:00,1937080,1580673,179475,1462371,1768140,1116803,833141,1058171,924689,1164639,956026,924343,399898,1075469,610734,765278,1127340,446916,381044,913062,3593425,1702256,905524,348395,838794,685518,553150,1220986,956215,575996
2024-12-01 09:20:00,2094461,2295845,247006,542923,3262706,715963,879103,1537083,740695,1016067,1360139,473257,557475,1173329,1049912,661156,929345,618456,1261233,709992,4916690,1458901,813069,358650,841022,561488,482059,1204511,815987,567056
2024-12-01 09:25:00,1661391,2408311,264367,711867,4654310,770858,1295521,871318,818462,934011,1905137,585298,673452,1153206,446846,1000467,916043,560802,616699,871159,5465366,1831397,976597,918367,520270,719165,477785,915665,723930,765769
2024-12-01 09:30:00,2127068,3213432,372710,1931398,4871020,1600506,996347,1015748,891511,710123,2020850,707876,378117,1203698,472158,1016342,722082,1307154,540969,1436321,2010300,908571,749441,448724,458014,964311,485160,1163136,798443,779578
2024-12-01 09:35:00,1690866,2980061,241905,1185725,4146852,1042620,1163460,1138419,1105805,705991,1408948,722860,465673,1541687,456813,1092508,848920,516755,563841,875422,1573820,1165526,734813,465614,1034767,648553,482822,1526836,1367022,1341986
2024-12-01 09:40:00,1787112,2450829,329410,1200783,2958258,743383,1208891,1442179,1029402,955975,1605955,572440,826638,1221582,538023,1346099,1171242,411890,903411,1566487,1549222,910954,844237,465845,899842,990232,384197,710342,1538911,1077084
2024-12-01 09:45:00,1758496,2446168,367353,1059923,3199638,966686,1526111,811381,1310400,1205397,1615868,630933,550724,1866565,689127,681300,1058892,615275,956189,1016910,1831728,680955,1074023,493106,849264,1120463,436582,530276,1879287,908032
2024-12-01 09:50:00,4565887,1937716,348510,863821,1838861,681311,1368186,1132026,1871974,1385449,1767289,706950,469348,1432311,718086,1451959,495122,448062,1298744,751374,1710157,613383,810164,927413,843037,898820,559931,675935,1597255,387876
2024-12-01 09:55:00,2332289,1618835,235901,905823,1325154,696023,1235708,1581980,984903,803201,1902537,615747,428550,1540003,648997,1012459,1258447,599667,1152564,695222,1710004,573289,1274984,1027301,988622,680003,404116,769634,1278886,522172
2024-12-01 10:00:00,2356816,2712789,212512,1243703,2145771,764540,1167944,1635389,1097501,953318,2072266,644762,440103,3259835,664159,548965,1439802,523808,744887,907344,1205622,626085,1115362,1216212,679302,838384,553669,767435,1420581,376617
2024-12-01 10:05:00,2551797,6411393,161876,1055397,2384319,1139666,1245666,990301,1523029,982333,1822890,434851,529097,1248813,1131657,636045,1255584,775846,532110,681451,821720,1669254,1083928,839126,720316,628295,590083,986147,1536795,509857
2024-12-01 10:10:00,2764424,1877181,248159,917116,1805441,857756,1136263,1332737,1247826,1310575,2637970,496870,629452,1015772,821425,977291,1284359,426801,481004,984709,2193916,1236682,1415098,936459,796921,836097,386031,868055,1136728,844386
2024-12-01 10:15:00,3214308,1406884,612987,906205,1618299,682979,1169182,1540273,1196799,1438242,3017030,787999,658887,1620616,1202880,867306,1244701,817079,512393,921900,4413749,871217,1741584,867330,843029,725825,677073,964170,851803,425572
2024-12-01 10:20:00,3812997,1810909,459632,1184536,976911,1315886,1120665,1072970,1672194,1152799,2147139,955516,602687,1853284,687242,996946,1183097,760744,875557,691315,5742996,1467201,968790,869577,1209963,518260,1169147,866495,1077128,2532219
2024-12-01 10:25:00,2966278,1255226,311335,1316631,1553039,1619762,1202838,1099520,1104730,1426782,2422167,508503,1145887,1694384,547270,927953,822658,869872,1021990,689792,1898770,1520678,1170506,845543,631401,727993,380629,397400,1388274,287213
2024-12-01 10:30:00,2367181,1548785,395316,1219614,1207018,1184999,1055104,2551410,1171525,1393078,2240835,457247,1187046,1876205,901628,917984,839770,447342,975066,915603,2048065,1452369,1323649,543164,687461,1083886,666988,516149,1391686,644575
2024-12-01 10:35:00,2507181,1771103,327093,1323626,931338,1061062,1506112,2381398,1574362,1207687,1927328,745337,800985,1977980,972896,721408,849029,460206,1011770,965027,1324355,1215419,1680617,1142165,1150039,2241327,384608,912891,1532448,784715
2024-12-01 10:40:00,3494164,1371223,303166,1475160,1700159,991168,1428303,1881759,1097934,1159988,2279384,914492,675750,2448800,1354582,1404301,990402,632331,883211,3257812,3078186,1161791,1741277,709592,558113,1172869,613872,1087503,1493464,1844111
2024-12-01 10:45:00,4240998,1094010,384169,1353266,2126751,1060522,3870203,1704279,1605270,1450690,1863111,639595,622821,2579440,840786,892942,1392538,1303534,943167,3257207,1602812,1285208,1738060,712818,563414,1476259,1091168,958209,1181639,771157
2024-12-01 10:50:00,2836786,1166883,256182,1942680,1476170,932985,2507509,1260429,1198008,1020165,2187512,853084,783569,1483152,1207070,688523,1772253,1479680,1794649,1455626,1953108,1367527,2631209,912744,962052,1277102,569379,512213,1077226,1323169
2024-12-01 10:55:00,2528829,1830787,426376,2653436,1761343,1056068,2211652,1519579,1088799,1103378,1757699,503769,839359,1412897,1562894,600292,1172366,677798,1040224,1125546,2416780,1387826,2534532,893656,647112,1030328,507431,534026,1873307,652704
2024-12-01 11:00:00,2476198,2468573,471557,1194077,1394919,923661,1915820,1443320,1000278,1089372,2390166,655572,910574,1672243,4459641,988930,1192379,1095146,715971,1373429,2986725,1199866,3864162,626004,630027,766845,512489,507989,1688159,816229
2024-12-01 11:05:00,2062506,1737700,1228649,1614449,1794501,919235,1444333,1266856,1694027,1340380,2672923,579473,1128947,2048583,1188357,821283,1093241,703034,636066,2410295,1318688,918771,2770339,1194204,628477,786085,598102,1914440,1206024,805542
2024-12-01 11:10:00,2352417,1684552,988747,3293163,2572390,1035473,1836935,1537312,1134465,1561544,2075904,569163,895939,1997826,1068173,694238,1625941,913183,645883,1318373,1313536,754799,2927279,634749,538668,644743,552699,1033788,795005,560762
2024-12-01 11:15:00,2537631,1939054,982199,1368162,2109044,2672291,1966113,2836453,1084634,2011026,1937980,593391,792681,1762317,840123,657478,1081397,762011,581704,1653991,2214985,1299725,3928491,672071,350163,862857,979326,646411,938355,495085
2024-12-01 11:20:00,3546810,1935010,987762,1169659,2218480,1665500,1881919,2070238,1504290,1663700,2174285,475155,693435,1578498,1809132,1003468,1214050,708231,537660,1049343,1387316,1714546,3447799,965517,1597334,956505,680512,804927,924652,376930
2024-12-01 11:25:00,2871134,2178856,608063,1994084,1890240,1490871,1767532,2542768,1479418,1675176,2622366,591641,549024,1970839,1736540,923330,1032929,655115,838082,1466186,2165740,847698,2888076,897373,1287898,1015706,673875,652119,1323052,463734
2024-12-01 11:30:00,2818970,2770690,883304,1115191,1788891,977730,2379053,2373545,1087412,1383084,2041670,1011695,603912,2720242,1743130,807704,1028999,717511,1350698,1948382,1882338,1348747,4626592,1031916,1769169,1194434,2497807,557499,1133768,701615
2024-12-01 11:35:00,2252842,1939793,1666745,2201323,3124713,1369206,2616223,2358430,1281553,1413295,1810828,712309,1267034,2738728,2037659,1137919,1238645,664524,895776,1909936,2057683,977414,4483006,1290855,568842,2059023,1181904,698699,1399826,876039
2024-12-01 11:40:00,3890031,1760213,1557143,2204592,1610895,795756,2212518,1969046,1090136,1167438,1719074,1872847,705049,2498589,2126691,657574,1345154,906092,1263076,1294836,1548882,1334818,4036326,1587496,4604061,632976,1166208,473134,984510,617413
2024-12-01 11:45:00,2365946,6701834,1374852,1654234,1555635,755096,2150921,2178924,1165653,1117260,1639254,983271,458414,2460970,1706329,673422,1801243,763199,887353,1321935,1860740,1005166,2871461,1191498,562296,1213903,607885,532204,831083,1217959
2024-12-01 11:50:00,2244931,12741465,1135514,1396691,991044,854800,2293209,1930935,1560578,2284371,3290340,1263316,463885,2346478,2739761,851753,2277158,899333,5387061,1556315,2018207,1090128,1922677,1193650,822935,1465048,883364,1761640,1349414,941192
2024-12-01 11:55:00,2819373,1990551,1075800,1741711,1462181,1027459,1531121,1832289,2477260,1234031,3105358,1119553,540180,2291722,2440319,874828,4225636,653230,3490221,960700,1299651,1878215,2030069,1476116,690926,701463,920906,418783,1282177,1313918
2024-12-01 12:00:00,3312210,2307136,1276195,1434309,1541614,1087585,1291298,1943867,6699505,1996788,3860180,895249,466869,2137809,1707492,1427606,1799053,640954,1884190,761214,1414636,1499899,2206785,891972,1172217,1065129,763547,788177,2941931,651420
2024-12-01 12:05:00,2970440,2233497,1411892,1174859,1023330,1254140,1835356,1694744,1907365,1512751,3253933,1662815,1000134,2319922,1411569,1291942,1262893,687696,5400001,1303413,1654008,1058796,2479098,994775,876404,904694,818802,1559533,1147705,323750
2024-12-01 12:10:00,3455490,1804972,841240,1232434,865115,1118901,1957036,1615166,1901619,990742,2727902,1927834,1560912,3225976,1154218,745716,2394202,818094,2702926,1016492,1964483,1126314,2446468,826493,1340792,990422,826896,1351877,976901,556882
2024-12-01 12:15:00,3485182,2806019,1026221,1484057,2155624,839376,2131052,1451819,1630258,987430,2408248,2024829,1258530,3383906,2047512,1121602,1957737,852471,2289471,1384662,1978364,1236404,3355324,789314,1045702,860406,777916,962980,1643093,710997
2024-12-01 12:20:00,2071782,2398534,1214662,1110149,2003233,1205223,2274524,1942798,1801629,852943,1679811,1672684,1171870,3874225,1587013,716869,2091639,616152,1386493,2126914,1744026,1468257,2209407,814603,1065444,2566390,734514,964233,1633284,852078
2024-12-01 12:25:00,2335442,1970209,1083653,2058659,1899945,1228088,1594156,1506616,1131861,854055,2046771,1800081,902301,2356295,1198072,858976,2286911,871510,870641,1993553,1308975,2392644,2009627,940203,1275998,2089592,997530,603078,1653267,765783
2024-12-01 12:30:00,4846220,2652198,505231,3016647,1656600,1557265,1740147,1819416,1389803,1207486,1866422,1486021,1236498,2086650,1709222,997159,1975244,819218,1026162,5593587,1752301,1878387,1880302,833823,1549254,1817379,686411,734984,1637036,412899
2024-12-01 12:35:00,3642693,2620766,1377371,2181814,1149466,1214924,2132312,1006503,1759866,994065,2754360,640131,520912,3309771,1996814,959565,3032240,1309089,769892,1155828,1857178,1934633,2323123,1065793,890797,1506376,1338726,731830,1737625,525723
2024-12-01 12:40:00,3184699,2943307,1832043,2269419,1210330,1261890,2211826,1432802,2448080,1512639,4299727,2982968,1069204,2813514,2520410,1790854,3006142,545800,1159794,1024966,1911291,1966567,3504200,1361513,1313282,1340687,1140960,558950,1769222,548701
2024-12-01 12:45:00,3694825,3094580,1776182,1814849,1410085,1442259,2283259,1794792,2725126,1970733,3201331,1159706,684231,3455381,1639301,1189291,2662787,1169532,1136298,1446839,1748927,1605829,2783786,1450081,1649305,753955,1121305,526326,1456038,549578
2024-12-01 12:50:00,2922402,2329170,2664954,4242641,780823,1091005,2400167,1697440,2156117,1479220,3547970,771595,845010,4068008,1451170,951602,2312521,1052044,838612,1236488,1582786,1826530,2866403,964081,1172819,1515800,1206989,750078,1524915,683188
2024-12-01 12:55:00,2753436,2136348,2374357,2057902,1108561,1189638,2169386,1477971,2538672,1304648,3093178,536567,1062537,2947198,1305899,1056216,2272560,939101,782912,1376039,2243088,1017308,2644368,1371614,1357572,1278242,927936,587183,1953754,785184
2024-12-01 13:00:00,2766599,1793661,1736798,1285811,1118426,1301059,1939614,1297042,1760293,1824441,3213431,713193,1217824,2927285,2090296,661169,2865238,454848,703339,1492882,2343533,574019,3067020,1977521,734373,821020,976026,673593,2171713,730831
2024-12-01 13:05:00,2070492,2222036,779909,1385098,1219965,1082342,2140938,1311707,1429439,2375364,2779413,523353,1040860,2770712,1697805,997464,3112358,620026,921529,933418,3566278,919264,2730758,1827472,675372,971081,611804,433256,1036225,586296
2024-12-01 13:10:00,1948391,2080015,1497584,1134185,1216145,1915665,2263184,1359074,2228208,1750076,3169206,844524,943432,2089472,2158695,1447530,3467239,977755,768045,1195394,3539468,851544,1709238,1570913,601357,1034050,717639,677441,808091,881766
2024-12-01 13:15:00,2201688,1898300,1088664,1303391,1377461,1042526,2772803,1028710,1139407,2666348,2616240,809619,1800366,2400035,2381662,1642777,2681080,1883020,1141412,982958,3328953,644440,1578295,1059224,663731,1391361,652146,915978,1203802,481538
2024-12-01 13:20:00,2481585,1954055,2231997,1017100,1389664,1199992,2523524,1282447,1597848,1208677,2253412,490867,1640799,2990607,1608372,1411196,2439344,700117,607623,812599,3282022,641020,2247806,1143921,663867,1200881,710898,693996,1190653,605368
2024-12-01 13:25:00,2329201,2103329,1821862,1236050,1308002,1031705,1893665,904943,999838,1702625,2575162,535908,2155695,2593658,2023817,996224,1530688,937723,986881,772946,5218357,1046178,2767326,681406,965536,805865,541197,610158,1138477,417936
2024-12-01 13:30:00,4130647,2085884,683214,1274196,1035999,883415,1469935,1226725,1217325,1829769,2386028,727571,2247486,1745313,1967186,978741,1985560,1872756,737674,1167697,3495686,676655,2805586,1716074,1849407,988840,793547,631298,1063418,352993
2024-12-01 13:35:00,2615405,2080835,1752018,752822,3069594,930883,1680041,2052546,2084516,1772195,2452834,1206664,1819812,1511293,1986081,1376029,1824605,919249,658045,1162315,3308953,619975,2158804,2110846,1213199,978579,535040,800878,1023178,503002
2024-12-01 13:40:00,3275905,3669067,2430644,1167646,1636670,1496503,1830848,1652550,1144501,1525037,2563044,1621124,1306169,1500776,1920008,1767531,3019237,723897,673833,1384223,4286494,716831,2494547,1197540,1518940,1272923,793034,764035,2275926,443087
2024-12-01 13:45:00,3444746,3458757,724514,887003,1318036,1342640,1855381,2327860,1140991,1452568,3078954,747907,1250736,2085682,2043498,2676657,2587059,515453,776878,1486532,4614547,827042,1382967,1162309,920208,1009029,1109565,395291,1526699,961136
2024-12-01 13:50:00,2170467,3915814,1539850,1035834,1363127,1498104,1812100,1690214,1177380,1522033,2342642,1215176,1209445,2611132,1635662,1441440,2231505,740968,900459,2323648,1506355,855850,1697325,1306059,1228807,1035493,671209,422323,1085901,698255
2024-12-01 13:55:00,2407853,3214359,1357742,966286,1756884,1337391,1939640,1781905,1211466,1639640,2089420,1097192,834441,2934385,1961720,1293987,1906576,572032,781706,1223101,2027395,1416586,1665540,895130,791951,1480869,1739715,526402,1402051,539141
2024-12-01 14:00:00,2694156,3072346,812597,938601,1509346,952376,1912001,1344200,1568194,2803046,1763308,1073096,527514,3314517,1341605,1162505,1312040,534935,2920085,1397571,1935579,1055436,1429066,683368,790170,1043122,972588,525202,2228310,657974
2024-12-01 14:05:00,2306073,3314312,679594,1000621,1660891,1610980,2205488,1291061,1447745,3381110,1752451,1532027,437157,3057255,1425547,1512988,1612453,1397159,1658148,902566,1324674,1400659,1528759,713728,1946626,1059985,647871,658905,1391199,925830
2024-12-01 14:10:00,2521464,2615548,1296993,1120917,1953816,1643878,2794392,1353526,1389662,2031434,2225691,940537,1000965,3069408,983171,1222342,1279472,1430877,1311712,700158,1422475,1066797,2174540,743042,868406,910752,900128,875147,1122207,443197
2024-12-01 14:15:00,2266633,1758674,693390,765418,2278107,2045612,3178755,1545449,1465100,2805616,2554000,402977,763248,4024183,1218840,751965,1511892,1114557,2034338,779081,1984459,1038978,2829050,1164139,759808,908303,859056,488120,1379870,1160541
2024-12-01 14:20:00,2541617,1819396,880649,957228,1696964,2880592,2465976,1637392,1148313,2793046,2473082,516895,816682,2118627,1198747,1017045,1495661,699123,869203,932342,1517750,692336,2346111,890380,1299813,1060140,808936,325813,1371390,625674
2024-12-01 14:25:00,3929039,1710627,1058733,1976283,1253937,3273860,1954882,1383497,837959,2685230,2054503,558155,1079972,4469403,1065415,1057656,1336133,829921,987009,686374,1720211,620300,1238208,904086,1243770,724656,578372,597862,1069249,775911
2024-12-01 14:30:00,4281558,1631669,1581616,874065,1200842,2876742,1909858,1719388,1084960,1875206,2741270,503663,1207865,5109933,1277666,986368,1583965,1080368,822625,793022,1433983,863272,1871681,750681,917680,1233429,643492,400575,1001759,541926
2024-12-01 14:35:00,1977546,2931981,1168841,1089074,1975751,2517809,1300924,1644530,1534464,3702112,2610256,453051,790334,3301085,967996,1372915,1195521,1326113,1596108,1045111,2264515,663289,2518436,972039,1022618,1667044,1170882,416777,1032937,477089
2024-12-01 14:40:00,2762111,3341034,2359245,1106556,1859399,1628510,1576965,2445381,1349100,1878659,2281523,494992,626192,4223524,1453740,1017674,1624652,1345959,1003316,782634,1237008,646085,2586985,889311,927987,1167097,974240,633533,1029359,878072
2024-12-01 14:45:00,2596563,2616434,2284367,922663,1597916,1520389,1435305,1820467,1750314,1484130,3323058,852502,1153841,5403150,1974353,1406832,1920899,983124,825921,938128,2027075,938666,1806191,1029002,505134,1789900,1250430,439758,1137922,1200999
2024-12-01 14:50:00,2307656,2074444,1778735,1050695,3693270,1632243,1393797,2025736,2111247,1611168,2891700,662592,992101,6736340,1745772,838494,2398130,830434,956072,915501,1248723,680169,1738594,1021915,881693,2522962,1010469,316341,1697818,1736512
2024-12-01 14:55:00,2487707,1957928,1754650,1120274,2860678,1263252,1385728,1220315,2414515,1350555,2588731,1243174,1156070,3786356,1554239,1018461,2076898,751508,623102,1597358,1362403,582368,2049751,811797,1277303,879607,566010,292788,1760003,1371071
2024-12-01 15:00:00,2059067,1857343,1914942,1253841,3955580,1404061,1970809,1953168,2061665,1428244,2885225,1827118,833371,2897754,1373747,990572,1618756,1812892,1020869,1753728,2557673,513296,2483478,831715,1319823,1006250,963583,496723,1720907,1100552
2024-12-01 15:05:00,2327255,2923110,1897082,1715115,2190972,1218683,2795082,1688425,2426089,1343697,3430297,450853,617445,3142007,1026333,1339136,1230381,514848,1041836,1835737,1878463,603624,1559320,942249,980487,1268339,843654,352959,2159629,475105
2024-12-01 15:10:00,3959109,1856604,1792122,1315783,2824344,1466777,1719347,1347726,1447715,1412500,3223131,466707,859780,2748960,830006,810245,1834429,723719,872708,3536004,1582169,621711,1211531,854912,1378848,1069688,976344,572478,1769768,705470
2024-12-01 15:15:00,2268862,2404556,886865,1159050,2876788,1138553,1569452,1462940,2002736,1727298,3710870,488196,748035,2893523,1413963,945348,2191990,1119108,768352,2336281,1179751,491365,1691511,802577,1791356,1448049,1173558,2747483,1318547,539857
2024-12-01 15:20:00,3328394,2161658,1953604,1241979,2803308,1087562,4731861,1379845,1551797,1524333,3947240,693676,772418,2407323,1252008,952878,1231969,1239803,810603,2648162,1790875,689516,2249340,863173,889006,1024103,502004,5847957,1270766,585326
2024-12-01 15:25:00,3291543,2310973,1877088,971237,2551830,1710881,5862247,1313482,1564612,2038253,3048944,860709,591355,2553205,1166670,848768,1376962,832162,750158,1873758,1638659,922432,1293387,919889,1901708,977801,465148,1000363,1687041,637833
2024-12-01 15:30:00,2716009,1830720,948636,1866953,2366625,933916,1623097,1175682,1394202,1641458,2759575,685048,1109015,2358498,1349369,1766544,1456905,839923,881817,1800556,2159804,1751706,1267593,859823,1409504,950887,813225,774370,2164482,504537
2024-12-01 15:35:00,2940689,2270918,948768,977048,1891712,1173287,1290710,1134922,1142110,2566283,3054429,604143,1322320,3414453,1364867,1814255,1229879,1087349,821377,1764604,1795842,1387647,1147871,1941604,769021,886065,611226,959244,1748780,625164
2024-12-01 15:40:00,3605855,1490228,950768,1340516,2796401,1626953,1683054,1007731,1182605,1374597,3937297,951550,1261125,4503134,1212480,1329262,1205603,794983,829154,2019937,1418562,1572147,1523835,1614848,876712,804776,733183,646292,1550510,569744
2024-12-01 15:45:00,2850438,1515855,1406919,1071008,3466908,1814724,1447723,1059122,1900464,1538868,3266005,1388118,918283,4573396,1593602,1350040,1257777,1090646,1028709,1715331,1471143,1403657,1247196,1348506,830562,783629,493452,914949,7158040,724726
2024-12-01 15:50:00,3618532,1723996,1146458,1119172,4045007,1414062,1538328,1373166,1433421,1391741,2409519,1806849,1273703,5064366,1188068,866459,1644335,554070,2173725,944057,2019252,1387986,1646062,1547396,1138554,750896,746023,1077720,1784435,404276
2024-12-01 15:55:00,3330690,2053837,963285,1030470,3604313,1301538,1390021,1321834,1224516,1294025,3186645,2038561,1030124,5178073,1358868,869692,1769006,1843499,720944,1391046,2348876,1082409,1727557,970795,1024252,1436337,2483265,1889103,1527560,439424
2024-12-01 16:00:00,4153331,1430161,1254545,2218302,3390926,1265640,2443843,1185589,1596342,1486345,3780242,1140380,762982,4992663,2046115,1141104,1632853,1683625,1233760,1452254,3110164,1243707,1297105,1396428,699323,1231137,1142238,1260397,2488813,533742
2024-12-01 16:05:00,5031542,1976478,1760949,1447038,4644871,2400451,2474483,936281,1510130,1314975,3188962,806502,572393,4522455,1940196,1393361,1495331,614464,959017,1268497,3549914,1348385,1758418,754203,797961,1251190,1618296,842183,1414584,1110782
2024-12-01 16:10:00,5575970,2282800,2728793,1378684,4539079,971197,3361531,1270479,1359276,1828333,3504627,933414,909145,3242960,1705782,749997,1634412,600009,648264,1295207,4979832,1386151,1185492,972593,1194507,1352247,888311,669446,1460944,915391
2024-12-01 16:15:00,3655657,1796453,1510873,1747626,3009908,1001955,2206580,1852684,1494416,1929009,2664147,974919,626255,3129366,1677270,946487,1880973,556779,1088903,1610309,5174472,1232071,1876504,1325667,2022148,1308081,615954,1082473,1185851,720321
2024-12-01 16:20:00,3460183,1398250,1765576,1476040,3055262,648756,1716162,2277327,2111437,2040958,3174701,667597,688166,3804400,1047277,822673,1365735,751534,1633503,1594026,3349502,1430393,2131961,1963318,1524511,1048793,417573,873808,1220736,1067615
2024-12-01 16:25:00,4829145,1838000,854846,1161783,3624415,1086272,2329675,1956338,2459989,1654009,2849477,791829,910989,4002882,1058232,1288701,1465148,737851,983986,1175629,3551289,896235,2862460,1867225,909205,919711,811459,847592,1433337,616915
2024-12-01 16:30:00,3970527,1712072,1167632,1140873,3548962,1467220,1986442,2138496,1463513,2073758,2695631,773700,576513,4282107,2108466,1181879,1304962,974368,871363,1553765,3059190,695547,2852247,1169467,1070192,785343,1073097,662487,1722560,467025
2024-12-01 16:35:00,3982257,1487378,1162805,1288444,2882988,1464552,1691282,3528898,1215068,1927789,3248990,812463,736442,4504656,1682883,1501353,1685016,2348659,1532820,1866108,3070203,581151,2239559,1212971,959349,1210017,738126,638911,1634754,599077
2024-12-01 16:40:00,4288566,1355936,984039,1020566,2549622,2841823,1472006,1811815,1670749,2256581,2487089,1098197,553467,4908783,1551898,1438645,1724715,790451,1433683,1539519,3639037,784841,1843947,1164499,1680123,1032391,1117520,695615,1156246,471088
2024-12-01 16:45:00,3899811,1588526,1037525,1300781,3320276,1406353,1447232,2262197,1471967,2281967,2329363,825061,853094,4916502,1813053,1054504,1856921,758615,1500082,2135295,3463734,921905,2570209,1325146,1237540,1826740,1427361,1812811,1710105,748991
2024-12-01 16:50:00,4226132,1980169,2184731,2134168,1805384,1520038,3006693,2557505,1338453,2043458,2792211,920370,716984,6045804,1763768,857525,1822462,795147,873814,1280736,3611272,972762,2800722,1094177,735035,1418405,642371,1109810,2064115,594311
2024-12-01 16:55:00,3978015,2310615,2183447,1492937,2818401,1897578,1952373,2504113,3482372,1590699,3638446,876992,1334332,4292437,2724336,1246199,2349465,640774,713513,1334443,3507615,754895,3571201,672168,1277470,1831273,594054,1069758,1653327,764534
2024-12-01 17:00:00,4298818,2123901,1186771,1215257,3482617,1444285,1602032,2283766,4424023,2414070,2067068,1484079,888020,4728029,2767457,1243405,2870588,1199502,799832,1784193,2100138,962547,4265760,838159,1119024,1323417,1062629,1052559,1410522,1236720
2024-12-01 17:05:00,5847423,2819371,2534220,1095920,10761681,1263935,1984103,2625291,1585505,2375565,2449519,1135391,921061,3361243,2123387,798406,2288574,897879,654414,1514334,2096462,1107136,3552295,535615,1291767,1833794,1013669,1110327,1129993,1275526
2024-12-01 17:10:00,4185715,2192507,2364450,918581,11964312,1600010,2503893,2378238,1550203,1606012,2575587,721438,1399675,3400075,2454759,1012912,2777895,834665,830486,1771190,1981811,1188541,3249384,1139405,1709823,1784456,698230,1077359,1039704,942328
2024-12-01 17:15:00,4237106,1834461,2429998,881463,11310500,1400893,3712784,2501519,1721633,2103402,2508085,1073657,1157856,3764156,2332047,1610215,1801494,774801,896911,1336360,1983112,1968531,2475715,1343499,1326367,1531221,1280797,1020316,1741194,509301
2024-12-01 17:20:00,4693532,2657666,1473204,968842,4727375,982293,3059962,3232031,1422934,1513184,2912408,844577,1086849,3552911,1381103,928723,1796378,743817,1242204,1376471,1656776,728243,2730227,722073,1334012,1392120,952050,1364133,1593305,656252
2024-12-01 17:25:00,4527784,2117419,2023700,1719662,2380782,989611,2535570,3450716,1711396,1716520,2217188,756975,1094727,2410493,1319058,873484,1409698,2176991,1381959,2802976,2373944,786926,2209473,811908,1283380,1804300,1457894,1257255,2298232,1387579
2024-12-01 17:30:00,4913691,2321239,3394148,1524293,2495949,1305843,2100890,2858712,1919310,2667057,2906629,1131223,833071,2234333,1612322,929847,1575939,1202792,1951960,1318441,1925309,836263,2627852,1292481,1617056,2079379,1245809,503788,2460290,625382
2024-12-01 17:35:00,4131404,2472850,1897486,1619809,2851704,1321684,1936437,3234488,2180333,1725788,3169756,1020020,719992,2294368,2370844,1149567,1398616,1230044,2506930,1777655,2469513,1519888,2992062,976568,2122243,2301606,1074510,359586,1592941,1064471
2024-12-01 17:40:00,3656253,2359385,1513379,1002583,2745659,1124033,1882436,2309222,1479933,2204380,2336709,410881,674945,2053311,1370747,1228708,1160188,932206,1891834,1881821,2633507,1401051,3159354,813327,2345669,1771161,1277012,1123552,973034,680117
2024-12-01 17:45:00,4031951,2351159,2275635,939418,1629099,1096399,1927049,1972896,2157648,3010007,3144039,805616,796826,2482276,2181844,1215101,1324945,1157048,2373200,985753,1941380,738813,3595358,673399,2825429,1298374,1438290,430893,1770597,791914
2024-12-01 17:50:00,3716899,4626983,1620879,1112939,977446,1252706,1717089,2312867,1425422,2245727,2464538,671291,562729,3213864,1737088,1127358,2079630,1157401,3430056,1295347,2942496,697465,2417309,530128,2980885,1661829,2379774,364405,1527289,521715
2024-12-01 17:55:00,4273473,3029486,1603195,1620168,1854580,1244825,2676733,2176133,1494455,2196140,2730827,522779,711491,3413413,1637373,1534864,2216368,1151238,3371699,1548832,2792497,879379,1963548,578117,2040958,1028581,1288082,359122,1640866,498307
2024-12-01 18:00:00,3497356,3711723,1546205,2333832,2747523,1176140,2565569,2409081,1671086,1767846,2033084,756977,918370,2766107,1603714,1345376,1850561,1148552,1409163,1559017,2587467,1131931,2423354,864716,1038023,1378046,3464920,485063,1877114,519633
2024-12-01 18:05:00,3532753,2515062,1827640,1504857,1288664,1265470,2237752,2440790,1469220,1746277,2438471,658044,998156,3313449,1349026,1650650,2582360,1468384,4065815,2071193,2736548,1030423,2873092,792302,1013379,2581855,1820076,419905,1621387,435677
2024-12-01 18:10:00,3753970,2900986,1213061,1485852,1723293,1222278,2486867,1331432,2034248,1539927,2435544,760001,1133149,3150799,2011796,1452587,2416520,1286026,4280090,1941536,1955682,1730792,2354231,930152,1047829,2000193,1816972,373494,2135221,508666
2024-12-01 18:15:00,3819347,3021753,1109424,1687473,1473153,1268828,1810740,1604964,1438478,1348315,2587324,1301076,773739,2476438,4284355,1339942,1928896,1682818,3475408,1075275,3002421,1620261,4013841,1350078,696065,1739659,1045017,403291,2114790,567105
2024-12-01 18:20:00,3470540,3206177,1158024,1537687,1753055,1419141,1662777,1815734,1452775,3064101,3546151,838730,908498,1970020,6683064,1391614,1906506,755881,2518192,2619273,3410381,1578145,4081080,1641953,1557579,1561454,1252257,235445,2060326,937613
2024-12-01 18:25:00,3628424,2401737,1770860,1549892,1005933,1352851,2457004,1389488,1671819,1751578,2854963,981552,1120701,2869714,4983269,1806805,2268728,1562880,2208647,2064280,2817684,1286043,3649451,1708735,1746823,1389144,1113723,326856,1854670,703654
2024-12-01 18:30:00,5179324,2930923,1518408,1543326,1113972,1349144,2724888,2653182,1220707,1629116,2701347,593529,957477,2600874,3412238,1537274,2531478,1307629,1648794,2673665,1201808,1659602,4365481,882922,5908459,1591331,1601900,333892,1870709,532260
2024-12-01 18:35:00,4292321,2797703,1510596,1572042,1578642,1521355,2937358,2036829,1158410,2859056,6470188,566918,948956,3489660,3592577,1276619,2201361,1361127,1073587,1292120,1928152,1611122,3176675,1006404,1316010,1548848,1360807,318732,1671740,1980821
2024-12-01 18:40:00,3735759,3294290,1605645,1284692,1901803,1978499,2540138,2095857,1339836,1713583,2565470,766307,1031336,3058143,980847,1419950,3100047,818719,795131,1455945,988783,1559968,3317268,1079803,6375927,1994501,766382,451904,1464944,3779505
2024-12-01 18:45:00,4061322,2572392,1823125,1417867,2982712,1866632,2991639,1616403,1273325,1670484,2035968,692702,1292275,2051835,1121401,1499041,2900858,942066,3158539,1798482,1590243,2322637,2684041,1041492,2195131,1694669,1230307,579391,1539835,1272715
2024-12-01 18:50:00,4269660,3375837,2897452,968162,3719496,1674702,2767070,1659835,1665115,2104648,1495144,848831,844323,3119357,1067463,1320232,2904032,786086,2517194,1759030,1265123,3783458,2682449,1383358,1838268,1854731,1659977,398667,2435180,1356384
2024-12-01 18:55:00,4505323,2370949,2795674,1711836,3798793,1590931,3058928,1445165,1626618,1806608,2204365,1160400,800583,3205010,740513,1719703,2180250,512713,1193936,1708698,1046192,1470811,3071277,1448508,1742202,2379030,1570274,565365,1681241,1711406
2024-12-01 19:00:00,3275735,2062808,2403753,2406339,3346300,2037641,2771034,1225567,1984783,1541618,2262969,629991,949671,3318031,626652,2052259,2377596,773129,830476,1466097,917412,1240500,1908892,1530702,1748900,2324343,1411909,405995,1824164,1000052
2024-12-01 19:05:00,3666863,1965089,2476175,1802158,2102372,2226267,3040552,1751872,1148822,1720561,2429062,415646,884448,3489102,1322304,1056428,1637979,1417075,1397651,1249902,1054705,1231102,2378262,2555811,1639937,2468563,1465360,379755,3167733,1360826
2024-12-01 19:10:00,3434447,2770187,1932824,1706887,2319605,2040219,3503057,1520447,1085800,1818387,2602991,477032,882262,3354938,985252,1114889,1695467,700962,1181477,1376669,1790518,1399392,2379150,2494874,2040421,1920202,1205967,383663,3501805,1062658
2024-12-01 19:15:00,3751918,3479728,2815565,1569061,1431462,1814933,2767763,1199886,921043,1659984,2342980,590333,595864,3489043,1444747,1593439,1743244,955967,1098276,1612341,1520307,1609773,3508283,2611841,1502427,1984055,789776,300001,2904291,956157
2024-12-01 19:20:00,4377257,3315789,2767884,2888453,1799842,2241913,2840329,1954501,1128705,1202975,1879197,801527,551466,5669731,1460757,1877905,1940473,998924,601773,1764378,1206603,1734672,3525306,1672634,1204125,2341083,981440,376404,2998253,1227196
2024-12-01 19:25:00,4351166,4076951,1500118,1606938,1724311,1839013,1925279,2012067,1383063,1317341,1313755,1159884,643514,4706864,1512467,1506722,2255672,1115586,676434,1947719,1208196,1842696,4193855,768802,1810849,2909668,772364,760748,3148516,1419093
2024-12-01 19:30:00,4347764,3713169,1801250,1835532,1229583,1457045,1976465,1980728,940448,1557940,2170043,1075406,784067,4879389,2009551,1199602,2134433,981694,960759,1480568,1445090,1937588,4588551,724504,1562481,1952516,672198,1799372,1829963,1170632
2024-12-01 19:35:00,4215847,3331395,1732151,768470,1514423,1337266,2113649,2722052,928311,1678685,2553785,1080952,1127807,4786876,2063098,1049389,2087301,1091566,875114,2073082,1005085,1735489,4159730,788587,1439033,1624829,1644172,2586345,2087599,1442616
2024-12-01 19:40:00,4320966,2881639,1644952,1417003,2226085,1706051,1665835,2387578,879997,1881260,2225635,1193623,919093,5629071,1617853,1378715,1706999,1710574,751485,2078179,1171716,1469193,3801072,1441169,1472485,2008972,1691444,877614,1919853,651294
2024-12-01 19:45:00,4163555,3063207,1157609,2171484,1171701,1866461,2174811,1633190,879416,1439772,3874641,725849,859403,4959084,2585252,1002988,1420947,756460,859995,2188138,1598322,2643379,4743517,1135198,1597254,2542079,1559269,956835,3435914,821841
2024-12-01 19:50:00,4761704,4137114,1159555,1741033,1412247,2116609,2381924,1805181,1240338,902008,2917965,672894,1241000,5096701,2565441,809816,1791669,783193,845999,2942586,1286647,2626827,3449770,1030310,1921047,2199198,2092226,743346,3491968,859477
2024-12-01 19:55:00,4172040,3688687,1807001,1396758,1963042,1537560,2393753,2135696,914902,1059432,3754868,528503,1599603,5155184,1909456,1145685,1930674,789883,991270,2299711,1188915,2096831,4797481,1138619,1433461,2018989,2583137,778959,1932071,1424251
2024-12-01 20:00:00,3987841,3088800,1435904,1947654,2036327,1665905,2784033,2627949,1215321,1521211,3425229,1151307,2167271,4974191,1963875,1290017,2504646,730634,896558,11110214,1067483,2314561,3479863,1367910,899308,2507895,2207566,548060,2415821,795953
2024-12-01 20:05:00,4632958,3091323,1073139,1421550,3628421,4306086,1782639,2260532,1016307,1278454,2713706,814281,1283661,3977332,2828955,1650780,2480977,1063718,928870,1800625,1272377,2280003,4181575,1220731,1620011,1761997,2169870,3262049,2113349,1548691
2024-12-01 20:10:00,5468870,3401077,1202612,2542364,2125253,4884737,1645151,1927646,1098010,1206609,3078169,874188,1604182,3623367,3201919,1462524,3447662,875835,1322202,2276429,1420506,1905133,4035728,738474,1304433,1613029,4451069,607633,2442811,1013035
2024-12-01 20:15:00,3717155,3394818,1425526,2543491,1639415,1583295,2281016,1708041,1417959,1508063,4697791,1327585,797326,3565784,2564446,1070485,2641205,1327024,1238972,2805132,1436849,2030589,6297221,2030862,891724,1865332,1943010,1302143,1654966,891829
2024-12-01 20:20:00,4298233,3063146,1411641,1955899,1461416,1627191,1530118,2229141,994798,1889435,4194002,1057151,620002,3561503,2736689,1077438,1881012,974676,1204786,2351211,801632,2107989,5506095,897551,1144967,1612524,869444,841669,1912817,992181
2024-12-01 20:25:00,3497112,3603423,1529929,1376858,1515918,1815820,1725481,1957699,1118707,1516220,3771264,1105741,550197,3909337,3008295,1021226,1825139,674739,1518869,2144540,811055,1884999,4106088,773422,1822382,1924355,910203,778593,3575226,1189867
2024-12-01 20:30:00,3847809,3208933,1523113,1484032,2154260,2010624,1830197,2948964,1042466,2205938,4127937,1018805,821757,3900262,2752638,1426655,2273893,1518143,1996066,2226842,2234893,2017381,3729024,1152524,1610563,1425727,826600,884817,2495414,1024294
2024-12-01 20:35:00,3669769,2766587,1251888,1828713,1654113,2250041,1440666,2453570,1496711,1927311,4907846,968653,1222786,5416037,2859822,1012598,3035022,1109814,1232115,2029174,984375,1953914,4559518,2198390,2170610,1241408,1083485,579468,2186450,1183346
2024-12-01 20:40:00,3240041,3541962,1493970,1352208,1797214,2267298,2031088,2356193,816895,2596552,3552910,1329957,1045668,5619321,3125992,1730265,2589192,1761524,1644901,2276107,1191989,1579018,4785563,2588108,1981025,1471149,1988533,596819,2619795,850463
2024-12-01 20:45:00,2934959,3086743,1708338,2036759,2371083,2414338,1936248,2486145,1456524,2546707,3483331,1336539,1278953,5745883,2650885,1571707,2446267,746552,1529667,1465328,1032676,2200116,6197649,2025080,1003707,1339194,1852255,913186,1955598,548989
2024-12-01 20:50:00,3339761,2795399,1418907,1777040,1740258,2719567,1899307,2962614,1201360,2048504,2817210,1163666,2056349,4853017,2902510,1157441,2576567,1172181,1343430,1364741,1034626,2042461,3855085,1511640,1267615,3360262,1487924,568960,2938516,720174
2024-12-01 20:55:00,3540154,2888950,950248,1619150,1949868,2567195,3122070,2279089,965172,1990543,3102290,1042253,1580200,4725080,3783613,1260635,2451960,794390,1479466,1566706,1631466,2650419,4211460,1433687,1398132,6633757,1660620,1207178,2442002,624277
2024-12-01 21:00:00,3901545,3395910,1207782,3543866,1729402,2104396,2955942,2050090,1001167,1581553,3127234,908001,1553365,4349655,2245332,1295864,2145107,624327,1974865,1587309,1469721,2127195,4333963,1511608,1126207,3846780,1142531,784610,2267364,519404
2024-12-01 21:05:00,4178462,2919730,1015525,1817972,2046602,1713740,2524140,2273869,880929,2326936,2550174,1057842,1296321,4932514,2098731,931272,2343848,752092,1588146,2213948,1708562,2707884,4843054,1503302,2258587,2268688,1068695,760390,3795828,882748
2024-12-01 21:10:00,4618643,2750816,1021829,1692032,2572991,1948636,3251328,2176985,1022690,2142814,4070548,1210156,1563274,4828737,2871588,1135746,2602748,878109,1486946,1569013,1502832,2359705,3995421,1575652,1764215,4636813,1092328,877732,8087840,1302280
2024-12-01 21:15:00,3679761,2365847,1464928,1997379,3219073,2248643,3466365,1362267,1205469,2220833,2987219,1257839,1648014,5453461,3245677,1358261,3486745,903466,1313983,2389711,1643881,2472157,5254460,1656740,2488121,1992393,1713187,430935,8610916,1678877
2024-12-01 21:20:00,4033439,2389160,1505626,1322217,3359530,2166601,3591478,1713605,1023332,1757413,3345284,1453881,1344894,5423388,3290790,1332746,5114680,1072147,1645613,4011343,1780964,2017467,3732144,1192386,2022290,2137197,1576165,675170,5988698,1446948
2024-12-01 21:25:00,3444871,2493958,1760618,1069681,3150519,2474415,3967484,2049298,913202,2396112,3704654,1706096,1365017,5224340,4077720,1222394,5679315,765554,1739349,3554721,2297503,1678866,3903780,1034836,1403909,1521354,1743280,986012,5764549,1060185
2024-12-01 21:30:00,4015752,2829153,1491075,859716,2876365,2545538,3408635,1933838,956154,2140808,4821523,1369387,1118763,4909813,4126200,1256367,5144084,763624,1853884,3519470,1969232,1006886,5088204,1581559,1641126,2385090,2551876,750881,7546183,799273
2024-12-01 21:35:00,3004709,2937184,1610790,1442603,4186015,2579405,2819292,2976539,776811,2427844,4674989,1459473,1338001,3827244,3062770,874635,4505963,862699,1406311,3266170,1653674,984320,4503161,1358049,1349082,2261262,2065841,1154510,4946015,912965
2024-12-01 21:40:00,3072993,3725065,1131943,1575948,3388702,2652155,2059090,2060986,959071,2084012,4005821,1458510,931852,3625628,4248874,1113297,5077146,1107700,1256466,2507669,1389896,907429,3473949,1440498,2325365,2553522,2452934,1071935,2454569,1031859
2024-12-01 21:45:00,4243300,3578242,1170562,2443043,3167478,2045662,2032816,3013041,1181043,1925359,3888537,1348205,1667868,3663487,3705210,1224401,4954003,1223096,1258649,2764236,1197878,1069829,3476278,1438895,2223554,2358284,3035269,901424,2877351,1226911
2024-12-01 21:50:00,3418828,2860748,1136156,1918688,3094724,2031639,2380190,2423334,759764,2402016,3172255,1707634,1288132,3476357,3663063,1505317,5139943,686299,2001482,1708320,1692003,1434339,3944852,1431984,2607186,1814542,2619131,1017491,2216477,1796087
2024-12-01 21:55:00,3663342,2396383,1087679,2264059,3979291,1751589,3207177,2075255,717354,2277939,2404388,1658530,1167204,4010863,2445718,1507796,4697140,679651,2198051,1632668,1751316,1577920,4928944,1180179,1750305,2021897,3384134,848287,2152208,1486186
2024-12-01 22:00:00,3829902,2163381,1576283,1289826,2472211,1982657,2980405,1334104,1006257,1688307,2471533,1511722,1408117,4156235,3810641,1251846,5368189,341791,1505734,1319467,1738184,2178989,2453242,960269,1947762,2035405,2291699,619842,2075571,1459870
2024-12-01 22:05:00,3746324,2179012,2283337,1655279,3333646,1742724,3246412,1736530,1279524,2311309,2992708,1836134,1044326,5950666,5035364,1290413,5139657,1200395,2011222,2066084,1764725,3254457,2579259,789133,1634860,2264408,1927108,485258,2994620,1772433
2024-12-01 22:10:00,4083971,2617935,1948581,1860680,2725317,2305996,5338890,2269460,897074,2398664,3049184,1338175,1285899,6545907,4013196,1001352,5052963,910616,2218317,2301345,2058506,2312628,3264744,982633,1650570,3469018,1825771,647000,2620594,2426598
2024-12-01 22:15:00,4727372,2940804,1970370,2543814,2935511,2496479,4020005,2032352,1129259,2372978,3719325,1401912,792465,5439281,4527376,1318298,4832751,702480,1328442,2154329,1846960,1852856,3312954,944480,1585597,3021469,1962006,1152999,3237810,1017697
2024-12-01 22:20:00,5215290,2173579,2142704,2717322,2913096,2668935,3331259,2359153,1494072,2346183,3167119,1518795,1127820,5926452,3770186,1154330,4377686,432902,1376737,2401921,2081624,3078891,3816143,1122235,1568654,2418656,1535174,700946,3294260,839785
2024-12-01 22:25:00,3751964,1912218,1539614,2732286,2765630,3658930,3781214,2342941,1026614,1843223,3037134,1866419,1325168,4966173,4071806,1049697,4183398,1270479,1091685,2101647,1379512,2949732,3571169,3891197,1164349,3049866,1663159,484696,3871859,881529
2024-12-01 22:30:00,3144233,1876635,1802596,2685177,3624529,2745461,4084937,2891929,640749,2742661,3643098,1883711,1297342,3744180,3670812,1549920,4953606,457567,1229776,1792837,1807199,2753502,4791502,1304923,1339353,2698819,1388792,599073,2692046,1392275
2024-12-01 22:35:00,2737482,2162758,1950732,2042112,3055732,3175238,3025045,1469106,1011749,1905052,2719400,1778725,1495673,4170565,3756407,1109778,6226553,459066,1320269,2094283,2066227,2756370,4559317,2129789,1229580,2806918,1290010,626516,3324638,642098
2024-12-01 22:40:00,3015732,2407136,1703488,2683520,2890965,3719697,3207663,1581702,1323772,3417057,2953907,2005750,1530025,5377362,4637955,928607,6246526,586618,1436859,1541392,1722111,3063309,4998011,1252889,1746314,2364578,1975803,641766,3252675,676488
2024-12-01 22:45:00,3365049,3726090,1782170,1333631,2197560,3248670,2468547,1558705,1141375,3750185,2725705,1325800,1824354,4387405,5418732,1297608,5124676,642471,2091551,1366772,2267286,2694731,4347249,1056448,1466864,2666136,1462841,529322,2051058,790137
2024-12-01 22:50:00,3349159,2687159,1614022,1195868,2322591,2526445,2374156,1514952,517366,2789882,2796313,1584089,1385576,5356711,5723599,1302328,4624005,281217,2188062,1365194,2232680,3437249,3274769,756562,1833185,2382544,1102750,660964,1971405,441890
2024-12-01 22:55:00,3583511,2954358,2090034,2017413,2593395,2571785,1968792,1668455,498103,5871242,2721451,1215371,1523381,5271398,6362494,1523673,4690141,919301,1616298,1479469,2542526,2904959,4599431,926811,1344566,2124868,1076947,578204,2269016,465823
2024-12-01 23:00:00,3023781,3385429,2434202,1322594,3670832,2077152,2304028,1565414,767925,4951137,3156194,1295584,1689611,3972178,6252026,1498853,3797423,490526,1378950,1347640,3037713,1813673,4052128,845892,887082,2408765,1028224,626887,3082922,427151
2024-12-01 23:05:00,3296382,3127544,2878757,1390845,3376161,2432794,2072877,1597444,540458,3020577,3336895,1249535,1267420,3954857,5555092,1494012,4015881,418524,1720511,1674328,2996732,950899,3520619,599204,1309033,2104805,895154,515033,3237348,439466
2024-12-01 23:10:00,3531463,2525281,2926602,876258,2748203,3039005,2349902,1153795,451299,2587887,3241811,1914358,974372,4313091,6137649,1975827,3363914,480693,2059981,1966733,2434728,648809,3564541,713274,1043731,2488084,724692,605440,2324943,563599
2024-12-01 23:15:00,3056962,2084225,2249617,1417241,1766732,2298823,2898961,1154066,456199,2754152,2539175,1504934,1086232,3458383,6831534,1803347,3313032,248582,1798931,1393434,2303139,827751,3257053,497099,619937,2153309,938458,739923,1701760,728723
2024-12-01 23:20:00,3148144,3057042,2362682,1736224,2166596,2090609,1866635,1509669,487595,3027811,2622016,1447407,915519,3855090,6348239,1768085,3817602,230309,1749282,1486971,1722759,1176371,4180407,533848,706854,1848931,1165488,715292,1128269,559849
2024-12-01 23:25:00,2806892,2377745,2417299,1063007,2365597,1531938,1986930,2258880,508030,3019695,2102497,1242274,1129123,3913509,7325338,1605937,3221987,179776,1626310,936928,1763865,949573,3652404,772661,888358,1272167,1342108,521363,1284949,385892
2024-12-01 23:30:00,2672554,2633953,1682295,770891,1858765,1756679,1963456,2081993,591371,2666502,1721027,966975,1137308,4308844,5390325,2070180,3265266,292023,3330301,1785919,1898594,6279555,3374064,610808,553839,1522051,1664078,712280,892043,298166
2024-12-01 23:35:00,2634049,3405794,1922470,831367,3473124,1443568,1915119,1507731,502765,2578021,2266162,731883,885624,3044789,4743877,2123648,3268491,174520,1094491,1768399,1534815,3155940,3485594,631894,462376,1589504,998294,741685,1019466,294322
2024-12-01 23:40:00,2867451,3240358,1729683,1276979,11197148,1716882,2089822,1301901,1014334,2447197,2500248,827444,956417,3589496,6386652,1070811,2704328,157244,1440280,1475868,1337258,854054,2982776,631167,779447,1705245,923681,575111,1541174,351562
2024-12-01 23:45:00,3053127,3105807,2021223,1114954,15126267,1575817,1999555,1195102,534755,2298475,2288671,679117,908408,3461217,5770978,1186174,2950710,244180,1626771,1372970,1206936,775726,3283378,1305781,988280,1766803,659911,617713,980035,573428
2024-12-01 23:50:00,4821646,3388666,2136424,870250,5829110,1448407,2084651,2321086,292397,1919298,2601369,1264536,825295,3041364,5129971,768663,3009891,285200,1097379,1963850,797400,1408919,3301229,530645,982803,2447535,597007,416496,832438,559855
2024-12-01 23:55:00,3196272,4948825,2274019,1030381,1812384,1262348,2097121,2057357,302233,2024443,2737198,664999,1020509,3331771,4306446,875634,3083591,206277,1109085,1532064,1083242,1225752,3738543,603137,602072,1816659,930172,655057,822005,365435
2024-12-02 00:00:00,2675049,3021759,1626889,1172777,1224873,1105686,2245183,1639437,541933,1616600,2615179,735488,1086307,2999336,4655914,1209665,2368639,212843,1207325,844101,1173125,754701,3421315,1282312,1014705,2064448,743020,417535,984135,278001
2024-12-02 00:05:00,2214807,2713508,1901986,1375924,1255968,1280046,1865889,1845916,247997,1643225,2979701,436539,1014183,3911272,4826877,827986,2048683,131789,1076323,914221,1139878,1141165,1906024,606165,494435,1463714,608931,768514,1284763,367308
2024-12-02 00:10:00,2813468,2486343,2339616,1350383,1364374,1155949,1472562,2095611,297942,1782048,3330711,655515,654228,4170002,4645922,980090,1891842,244232,1181293,946129,603680,648139,1636713,523810,184632,1881344,953125,786541,1305711,374328
2024-12-02 00:15:00,2406000,2630690,2253948,1190083,969033,973772,1393915,2575539,387619,1684972,3110125,455154,786517,3867529,3598601,1196850,1696270,208401,1173646,773544,586813,1165883,1906957,619675,169790,1507149,2301510,764147,785538,315764
2024-12-02 00:20:00,1991048,2259575,2190425,1046456,1099734,878995,1154643,2754828,444718,2128971,3353503,440232,831606,2659628,2894815,1413623,1404404,140525,1166797,880916,488169,1576034,1993235,656797,513699,1970354,741481,1401888,846923,355758
2024-12-02 00:25:00,2531504,2619366,1003162,1367223,1237397,987823,1311873,2097157,268353,2597744,3904204,455374,681979,2509337,3069127,1415530,1618021,110264,973531,729984,427601,767702,1596066,408099,578516,2337516,1020607,1717653,1019136,279960
2024-12-02 00:30:00,2361613,2793901,1080753,1360146,1050050,890229,1447033,1838131,228467,3236453,2688073,425350,541024,2548728,4152866,2394930,1358024,117481,974222,958692,401864,648273,1225550,537153,569311,1991790,731681,597304,681601,241326
2024-12-02 00:35:00,1320354,2664979,809209,515272,4982974,778879,1197880,1537882,272266,3433024,1893768,325516,667122,1771716,3638190,1045615,1562828,45551,1005553,1103369,412837,777830,1237511,509289,443316,2120098,584831,577085,797887,214483
2024-12-02 00:40:00,1633660,2341777,1001574,224114,5131888,625906,1075346,1376032,357590,3121049,2320028,343868,1315678,1719784,4096859,1457382,1603531,167907,850194,623866,568815,590011,1046929,490357,323754,2036378,601321,371983,590583,214748
2024-12-02 00:45:00,2285628,2796399,764950,200339,4900579,697353,856091,1425857,390177,2588911,2744138,323722,782962,1972272,4819020,937999,1265224,167339,884560,531827,711636,513932,1010074,512519,222479,1780015,628462,454874,463024,206417
2024-12-02 00:50:00,1690744,3094997,763151,455911,1774820,699250,738133,1052016,356216,2463283,2836852,490487,932815,2375432,5057514,831297,1296345,103813,901407,643105,597093,517801,994836,648797,394816,774503,622421,286565,523900,171236
2024-12-02 00:55:00,1162234,3265021,755901,214109,892793,966727,1360963,1288847,160541,1893100,2152792,449063,664440,1621551,3693601,860833,1043188,240517,925249,529974,557745,374470,1077783,327973,603938,667029,621489,172911,417758,175456
2024-12-02 01:00:00,1205457,2455714,931514,286735,771526,501582,853419,1832365,313328,2601142,1678134,253947,614882,1860111,3946068,885497,869242,33057,914456,551232,661441,436724,1313576,437626,413776,624979,633491,232375,483222,213900
2024-12-02 01:05:00,1409271,2910628,1219532,366917,878051,504521,831096,1935159,183384,2240188,2059868,416079,626178,1969463,3342214,1112573,695611,242743,920985,472499,393350,415282,939851,354288,473086,633752,474958,223349,643149,265149
2024-12-02 01:10:00,1420701,3769437,1412777,247534,680104,535212,641425,2316262,152452,1959288,2423274,290931,643726,1891780,4289893,1274864,899863,77428,845688,517002,421806,535028,1119983,353375,169357,616057,511754,231523,494582,133982
2024-12-02 01:15:00,1246578,3366774,1445898,550359,687779,534410,848866,1947733,246468,1782017,2210984,294546,808308,2275043,4385219,1745112,688534,180635,530114,498800,460902,393826,1652531,366644,98099,652120,555271,257565,565563,147515
2024-12-02 01:20:00,1836685,2655680,1612712,840853,558387,443230,830896,1769401,740629,2150141,2151959,281264,941661,1970806,5455685,2274115,641519,145529,533737,520295,713235,391689,1016181,338377,227760,656973,450718,194899,521949,120517
2024-12-02 01:25:00,1623176,2549962,938604,876493,574401,588146,643172,1977933,268122,2270085,1745754,285004,659605,1659057,4116192,1330458,559508,307838,736576,458442,331716,453721,1046093,311017,162291,520958,328826,220167,374173,137301
2024-12-02 01:30:00,1407893,2543093,1391268,168996,609075,491734,605727,1895051,112640,2503317,1673071,218640,829694,1403174,3918761,1272815,659441,77714,508610,414486,239815,1920326,1305886,424400,525932,602672,285921,186765,469012,239419
2024-12-02 01:35:00,1208170,2962634,1109106,5344419,558726,423832,788247,2375173,115361,1096366,1837396,164565,1003767,1372090,4220737,3174577,574090,122603,325856,416836,218050,1674427,1118082,386796,811763,855949,402810,147525,308592,675154
2024-12-02 01:40:00,1250823,2342820,899870,201100,732560,384699,730689,1566813,196293,1512805,2751099,123090,1484705,1444889,4264225,5970126,476796,92850,777587,402199,345507,574298,1169026,334433,649118,736472,407227,141977,336900,94418
2024-12-02 01:45:00,763095,2408632,851188,137786,666531,361817,1288929,1626103,216123,1302287,1703617,190915,1300278,1589020,3851414,3050185,339931,134462,494948,366235,340673,401666,849309,272733,196346,532521,512899,160907,296751,97282
2024-12-02 01:50:00,654783,2501300,699877,45091,674650,405585,1426594,2000394,99629,2289702,1381197,94207,672441,1394434,3872286,3171124,334905,93186,513990,447709,246300,782043,715832,407323,880716,583530,526143,145653,543308,74183
2024-12-02 01:55:00,539505,1722945,788582,66552,577577,313564,1301199,1937422,70536,2075290,1728408,114564,1191714,1145549,745465,1655434,280474,84079,234092,273958,259250,276927,794650,303527,935929,476496,309329,144857,329822,62323
2024-12-02 02:00:00,672259,2017630,1344962,116040,896317,228283,958759,2069411,497928,1998068,1937457,160150,1326637,1192282,637062,1000703,266988,110305,240866,327580,214265,278810,1141987,412465,876180,655369,389624,102625,264532,35346
2024-12-02 02:05:00,670320,2048134,1215754,82065,541733,258475,630620,1369944,88832,1775366,2027091,150232,1071305,1102571,650058,1374454,372778,82203,277724,270582,311301,323218,1223600,468199,870389,590851,222009,202660,292827,39784
2024-12-02 02:10:00,523013,1935697,1372304,125549,541437,255491,564302,1033364,345896,1870362,2080986,281774,1130289,1023512,506226,1021058,457020,115869,269043,278233,272436,271515,1139098,462765,653891,414404,348681,111646,331382,54359
2024-12-02 02:15:00,483819,2047792,1579302,102052,501471,256195,487476,851849,713469,1933788,1537633,742691,1393613,1129552,587059,577267,392882,284701,566512,395593,367073,238893,881774,327165,673297,307919,343976,110431,522253,227374
2024-12-02 02:20:00,399603,1636684,1981104,88850,620118,256498,750819,715789,144277,804511,1118721,170339,1102854,959850,599960,583922,326116,81526,502930,272959,687521,276919,654516,319651,754367,374235,299203,164060,358574,450745
2024-12-02 02:25:00,634026,1792424,1603197,64429,565512,232663,765540,1048931,154099,657406,2436008,174384,1240686,902847,550736,423810,348820,190784,267709,277188,479713,266713,721450,240532,604184,549885,233450,145562,440935,244162
2024-12-02 02:30:00,574745,1708899,976904,84897,647028,249950,842204,835754,248840,1209054,842845,135877,1362987,913028,482323,387709,249704,206031,188088,397445,337272,325554,539798,249814,301245,837136,168279,133205,588224,131478
2024-12-02 02:35:00,951232,1635003,980542,152072,585936,167810,632680,552229,70948,1039105,1058385,147325,1439935,853675,438952,396449,248312,150628,262138,247457,298492,275276,483678,296521,215007,751535,138071,391772,639766,227845
2024-12-02 02:40:00,234769,1815675,846393,73914,493292,208586,956560,334173,171797,724309,784627,147032,924361,826575,363932,325330,230880,70607,213967,237395,329448,338074,420442,252550,251224,465973,311557,92591,291615,452701
2024-12-02 02:45:00,262167,1040016,741241,62947,494330,151961,640760,535833,197362,664801,749503,221244,979630,1192119,388818,222432,193981,63425,264499,254785,307005,275285,495189,210220,229348,568732,279753,68822,520010,245973
2024-12-02 02:50:00,292550,1009285,701934,87630,440080,122255,763840,454456,111322,870369,674257,447734,1137395,1132248,351607,218858,165094,36142,256854,206430,162338,189057,589480,209033,232669,219614,290984,129303,599883,602517
2024-12-02 02:55:00,308785,948940,646693,102181,408891,139455,695091,455464,49522,1714115,821648,175385,584636,900057,335002,407312,153001,34196,96274,231993,158208,250299,737084,220108,166697,295822,213242,157651,323680,118839
2024-12-02 03:00:00,310831,1122547,773985,87285,374123,191904,582869,278110,80574,1309738,531076,218257,621744,932974,335184,234791,148803,38878,109191,241623,187796,1182768,1047050,243381,157067,254246,197333,138821,231352,334136
2024-12-02 03:05:00,289008,786747,1293758,57270,442960,183265,611621,258767,89216,698052,623728,189677,516035,763931,387966,235837,159626,48094,113571,254988,262861,226343,932180,276431,169400,209443,148790,100119,199809,495833
2024-12-02 03:10:00,322188,827992,830889,322011,365251,98262,516302,430740,71305,1442162,631489,214145,541295,820761,350311,490301,618566,44831,82359,472464,206502,344232,835168,159077,138471,223795,201431,62840,427311,614893
2024-12-02 03:15:00,377113,887926,740405,84260,353289,150328,850279,450597,72643,1758329,563024,147397,469458,565010,331723,705232,149756,122878,154640,255500,211407,225871,860455,158640,140046,1192817,166521,100829,328633,798744
2024-12-02 03:20:00,352312,916920,463883,84011,258568,140095,1105655,643541,547214,1301895,620352,88687,537119,472163,573513,525649,157200,8780,732595,141622,193228,240547,793651,178642,177811,1465112,210572,162828,359646,766495
2024-12-02 03:25:00,437632,1064538,134175,60337,221010,121812,1125375,617891,2742337,1771170,517222,84203,550571,421938,313365,218745,184588,30856,785945,136434,147837,186098,646276,178963,222083,201470,169712,157020,232877,242240
2024-12-02 03:30:00,393218,928429,192942,38068,243606,92844,1200013,249966,3351552,1294981,545538,55402,509873,393896,334908,230348,194887,28216,728540,137988,114787,206128,645550,245130,280469,209555,147001,110916,286685,54407
2024-12-02 03:35:00,526814,867001,124411,69825,279257,120474,761012,608854,3710169,1335685,458863,62630,628754,479867,303699,279184,153856,57296,731317,151442,132282,180212,843988,140299,802574,1997118,155659,177246,324019,102376
2024-12-02 03:40:00,281501,820773,125209,39076,335619,121829,908341,276174,1539115,1160662,514171,64230,516153,533139,295427,252311,115068,19140,767460,107683,87425,190511,1030272,153710,788238,680404,144499,186693,211639,59033
2024-12-02 03:45:00,270072,897470,126240,51246,252614,128847,395748,183250,85076,1280375,721716,75126,508057,471763,302396,295158,130624,31994,740985,100118,187452,1072882,527892,144952,832727,3242308,133590,136569,243585,76094
2024-12-02 03:50:00,253098,1012273,100631,38445,199037,104211,773259,167968,29058,715638,1102914,98564,546371,385665,428309,457749,250617,69477,768320,77724,123628,194351,393575,106505,759848,978757,162302,153452,188917,50793
2024-12-02 03:55:00,233344,1175967,103316,49307,180142,109266,467556,189360,321303,577400,1209261,185631,464931,335514,354156,275864,651080,44207,190176,107110,201141,1204464,469618,123623,768178,1283910,134335,123657,219485,61389
2024-12-02 04:00:00,210833,931267,101139,147354,232189,88067,263226,223400,2889841,456491,1386730,85010,439339,548239,250067,226030,209280,138329,88897,60860,185077,269078,413286,79291,155446,936350,161772,252115,273515,45867
2024-12-02 04:05:00,194459,748811,79307,132883,252790,98788,308937,204832,2299877,504708,1353557,99228,418362,468179,188235,302797,165019,91094,94127,112071,212690,311299,851379,58549,574887,788566,169347,61820,258135,121594
2024-12-02 04:10:00,157185,1110466,73947,106307,192615,118537,253057,358649,2033455,393422,1259823,122241,418336,583302,190650,213072,661339,478449,91425,167885,113757,291736,1101958,71693,430055,1106976,129678,82943,516595,70049
2024-12-02 04:15:00,254055,1162998,377771,68800,205232,111991,228322,495046,819041,337058,1144265,42540,364953,941616,206252,202736,585163,24836,112087,168878,78983,274074,1519913,85800,216655,726484,122511,67548,566763,78619
2024-12-02 04:20:00,222631,1068118,4594073,68961,177244,107417,210658,257279,54238,373589,1246230,57796,555818,452202,143174,224914,110283,10784,124198,100844,68494,219304,1336064,123650,61271,690011,155211,71338,350044,37210
2024-12-02 04:25:00,271277,1164263,1341454,116137,165833,80708,232782,264229,81798,410933,884090,79588,482010,446247,149817,216848,55727,28140,217352,113927,66027,253010,1702727,104548,81232,244247,188436,47934,163405,37901
2024-12-02 04:30:00,191193,760428,83509,78526,197162,216008,269000,396510,69015,433996,957785,60433,312396,732133,400808,214444,86704,21267,84683,90953,79033,210149,942062,57502,115088,393975,161840,56776,356905,34124
2024-12-02 04:35:00,236791,861163,85290,122076,175809,152200,213903,695929,105156,330882,934417,37250,336303,875738,164920,247329,79881,23575,100226,153523,114191,182403,633542,117573,69289,260260,123313,51858,322382,33625
2024-12-02 04:40:00,206951,1220668,82690,46966,162866,79765,248854,498105,43997,316850,1014658,43941,275374,531850,194644,224031,78402,39582,142592,98210,86089,165696,310630,56607,74866,884462,141770,73148,334526,65096
2024-12-02 04:45:00,301916,1604151,77412,27486,189152,76871,361840,250576,101870,363090,801016,42944,238732,612522,137901,148913,139859,43528,127762,267658,109414,202513,299744,39609,41681,291062,168226,82013,189493,29410
2024-12-02 04:50:00,243981,1000206,58438,27017,218336,44820,325291,351213,154250,395885,674215,57030,372885,543758,188056,242153,72912,23688,102727,138374,73975,217836,249924,59442,59059,122004,170794,58863,164653,46726
2024-12-02 04:55:00,297887,812820,86604,46615,173170,55617,367344,845248,62309,362372,668163,93112,407077,386098,197041,332973,124804,48428,93135,117087,93245,244613,275519,56744,42461,437380,131413,61719,121689,69392
2024-12-02 05:00:00,290354,1287554,56005,61238,249108,68817,304073,940966,82232,679823,373816,44877,331016,508767,242776,187126,95768,10398,142083,255005,98281,211744,327521,57718,67614,147498,100265,75787,177376,1755552
2024-12-02 05:05:00,285581,1175848,62818,36679,124076,78946,257475,642358,52883,739423,471917,101123,505855,569449,220992,198811,62595,11053,115558,248196,107388,292518,363753,84363,45403,218966,1249070,91777,144365,73273
2024-12-02 05:10:00,287533,611251,176015,16294,145526,67291,413076,784476,79488,754895,347757,139617,379148,391007,226764,124829,62745,35758,118622,94820,75280,194057,404361,82374,27550,296663,1354664,66410,114061,56883
2024-12-02 05:15:00,529055,556634,138285,44256,196494,99218,261247,969023,75063,733400,232407,85681,421638,323380,187896,127504,72893,41026,108451,107321,124847,210932,361265,98078,47869,174158,137538,94635,83578,43325
2024-12-02 05:20:00,218116,748359,145631,85284,235158,78291,432508,622582,65969,795760,235505,60421,305054,325626,185671,137006,90770,30013,128715,102506,132199,110952,296623,104907,112941,482207,132733,131855,779563,52782
2024-12-02 05:25:00,215487,666511,49147,131617,166040,79859,445605,613232,39159,725896,276508,70314,346043,284940,141945,189460,116387,62029,104896,86270,126573,124342,366948,105722,60057,132444,151607,88487,63851,62417
2024-12-02 05:30:00,244341,1326486,49250,95396,237619,67368,323847,523215,32313,705568,246972,86746,336761,343183,207228,211633,67684,74528,118438,70483,418002,212917,657954,59404,77111,131209,147046,82618,95620,44164
2024-12-02 05:35:00,279663,1256269,62100,49693,213946,107082,383261,210687,51155,487192,222657,222673,679293,335427,209953,192040,50918,56498,93718,56021,174355,159622,677695,70099,77003,104216,115830,89539,147841,40025
2024-12-02 05:40:00,256399,1356045,42014,67792,232218,109852,462100,272424,90404,446103,239682,116493,266954,435025,141733,205366,97562,83926,76673,82579,98518,184793,419327,73350,81207,201909,146151,94746,89455,24007
2024-12-02 05:45:00,246331,1239103,75833,64926,201210,73838,526199,227507,87486,472709,392245,61669,273939,465455,170867,235310,77409,55174,135711,78809,63709,233358,331823,56322,59244,166311,142631,103325,85854,27527
2024-12-02 05:50:00,274530,1006838,57640,301227,230696,63420,462092,308210,67856,638180,418590,52464,373276,590762,130415,199489,130276,52050,156866,109449,62295,196238,398674,60193,50311,287612,1242858,79462,117343,22087
2024-12-02 05:55:00,249714,1038136,72397,86406,169223,209425,370404,322230,127570,487512,374513,106706,382353,324460,141579,287788,89506,33411,139872,101055,106847,292656,387656,65311,67416,534173,159218,92030,95687,107786
2024-12-02 06:00:00,199132,1034272,107844,44052,196026,92555,653416,335541,166021,492833,303945,83396,288318,347821,115870,187020,114161,96747,375461,166909,100028,199961,298391,103919,100362,579131,198033,42736,124312,40568
2024-12-02 06:05:00,223032,969863,102771,44167,181586,105506,368397,265750,140787,508857,426981,98575,335589,325916,138728,251384,132850,39290,125379,146418,383480,315916,336962,71538,110260,562065,78286,86836,116056,73892
2024-12-02 06:10:00,234464,984459,136496,115874,225332,124929,389833,336964,159890,607518,413116,101092,272124,325989,115322,235494,161715,95091,237586,142138,362244,387880,255996,115119,60397,562600,171167,61385,146549,51774
2024-12-02 06:15:00,270893,1577505,102650,126209,185648,142535,374192,228392,280332,800884,493596,163218,531003,301585,161489,173417,588907,91258,148139,112185,100146,465483,290047,139467,126464,545837,115282,82625,203586,56307
2024-12-02 06:20:00,396371,804067,170934,80186,290338,142862,416008,268514,216480,640052,636991,167023,709815,361363,186841,160793,217397,120534,157813,97553,125591,321196,240977,112506,55327,693337,87813,99230,212671,47875
2024-12-02 06:25:00,297290,772990,186046,52929,432820,157526,314592,277773,202315,452764,712632,150787,308073,313724,227316,197035,185414,102499,166596,121136,139618,360476,218374,111300,45881,427537,136870,117906,223053,41928
2024-12-02 06:30:00,424370,550342,152326,137160,524555,152633,384867,400895,255437,500796,474990,141011,201919,498070,470238,401414,237658,172824,298914,128759,181420,511888,379365,209185,47214,267109,206473,174835,173109,35420
2024-12-02 06:35:00,522087,759339,115331,116733,407459,338775,317870,365009,190197,392895,244383,126571,265004,461601,361057,268125,572824,74715,221017,119560,191217,395558,261904,256414,268143,229704,125867,224750,152573,51662
2024-12-02 06:40:00,771773,1319505,234054,117446,370224,201164,354471,371474,312730,441435,286782,184733,309223,377433,1126922,267444,272456,183330,204209,126738,168108,379199,346792,118672,923290,182198,172106,192195,177367,80800
2024-12-02 06:45:00,526964,1184387,114932,223388,343153,206715,356117,338933,326761,646955,294982,98575,226933,316002,371575,284751,270029,162581,376626,120233,236752,494136,326120,124676,583052,241794,340086,189726,349740,92649
2024-12-02 06:50:00,611321,749607,303713,145399,440189,292426,321305,389243,357490,682160,369044,115511,284277,386196,279388,377490,247230,190903,206990,171570,209731,495455,465049,198943,419592,227364,505236,229307,310549,127702
2024-12-02 06:55:00,595062,788793,379392,237261,363494,231361,446847,396328,316741,925816,942374,195781,401241,433355,186260,373017,280193,251656,290743,184106,265615,614060,378242,184132,709666,254518,196829,1623674,329545,95045
2024-12-02 07:00:00,606474,1100931,798616,431068,474551,284170,578898,474852,344673,712392,814459,176772,425393,423222,235106,288033,517664,266210,264293,240955,301184,535385,399559,268463,763874,343841,156952,1633782,391128,116306
2024-12-02 07:05:00,687823,1230048,493559,511855,612320,362713,482826,560209,368061,461247,813190,246421,387044,703490,257252,786656,637160,326968,334619,172460,230703,485670,607151,211695,817726,340828,159542,490977,453181,63045
2024-12-02 07:10:00,1305153,1902110,590902,457290,450884,540945,539195,633169,573893,456514,927015,209768,348733,556207,572355,429043,239496,445542,291296,270422,423573,524498,6664855,186703,675570,428546,1133381,213162,567938,192736
2024-12-02 07:15:00,882817,1874295,451947,2908197,482218,904206,459962,655197,571831,500432,1094943,194597,508532,405501,239001,434760,241686,503943,226164,214251,649478,973930,401684,438661,277342,532537,211791,249779,453409,246413
2024-12-02 07:20:00,951104,1628163,529771,365524,458577,604102,532593,580656,366464,592738,1206901,255810,357038,637665,220888,575370,408622,383998,555089,920232,442783,1160417,493597,251411,310970,669848,166356,248698,695697,54136
2024-12-02 07:25:00,1174809,1107503,629965,617200,571723,735883,579072,794629,709744,464397,1143924,188164,302216,533625,333781,332387,684786,450709,225711,931477,496987,754400,1177044,591501,565022,741848,218436,322337,583927,138843
2024-12-02 07:30:00,1636011,1754403,525432,1118827,1030443,858535,575574,1082172,544623,553368,1315143,233753,814914,786632,427450,542143,516845,563321,307031,551241,477847,558863,839171,267577,590988,771817,251005,216288,527344,211283
2024-12-02 07:35:00,1634534,2920343,639504,871040,651043,700270,687180,828284,693253,676750,1284432,268389,820589,452675,421350,761776,601911,542360,265805,260983,1129982,445058,928991,371384,207554,753274,198383,157242,610643,407319
2024-12-02 07:40:00,1503888,4884329,648000,1196854,644907,739155,606996,1216786,841074,834025,947215,228861,938720,1085596,467162,582025,679945,502994,319772,608294,428371,520016,886593,407134,176217,738982,791287,157039,742488,390442
2024-12-02 07:45:00,1598960,2273559,1161263,1638660,604923,621281,1034792,1016465,460000,997175,666016,301893,602947,939298,417812,714620,643616,459401,326219,307495,558508,584352,964853,386930,175546,702709,432738,276716,526207,159686
2024-12-02 07:50:00,2006027,2015438,1363436,2684406,1011781,830358,744556,1026077,521033,1278551,641815,275256,694332,910330,284392,639917,593140,792379,352120,348257,787759,614218,1123814,268810,224563,838170,275940,198918,827395,273177
2024-12-02 07:55:00,2126672,1698328,1403560,850458,1067096,908331,647580,775707,520525,1223447,524467,358650,558858,2124402,180394,569439,864448,607606,710910,584721,470090,591906,1546476,283446,342718,1027409,279560,314569,793639,262341
2024-12-02 08:00:00,2004326,1850868,1405346,871555,1133556,920780,1185906,927465,1133996,1158449,848691,403820,1237052,930736,198796,587675,1416203,678796,668780,542947,722991,644287,1196760,413069,394282,1012456,379407,515955,1064928,223919
2024-12-02 08:05:00,2074036,2092300,1387151,1440853,933897,954221,759017,871756,850619,1277124,913875,653180,1462678,752274,196096,623549,1207371,740326,486351,911649,597387,1046287,1582794,602078,321850,725668,211699,1117421,895673,155456
2024-12-02 08:10:00,1691031,2139385,1309596,844931,736222,1007519,660557,729466,825738,1460730,799404,555993,1468808,1357491,185023,640306,1510399,1112694,494978,682250,650866,795677,1393633,776078,358056,860158,266839,1128772,1187403,297278
2024-12-02 08:15:00,1406211,2082839,1063474,1018211,1110028,1251550,794952,840412,873801,1345818,836165,1082872,959061,1105029,251868,669334,1277332,906377,281427,1215588,699677,498625,1481722,1397471,654145,688054,364792,1112364,991624,545779
2024-12-02 08:20:00,1699675,1867045,1305573,847903,1473636,1130543,1032591,988146,1067686,1244189,1113547,1206515,1194828,2982215,162101,738013,1255664,524693,414066,1467276,580120,864872,1331416,576246,474265,646397,297546,1046982,1198567,238052
2024-12-02 08:25:00,1747143,1932017,962056,1162455,1794215,1112817,1048413,1165379,940663,1304861,2244664,460721,1222073,806335,217861,586756,1045670,1750573,571231,1275841,854636,645060,1655745,574422,514906,1041046,332829,1034539,1602686,204231
2024-12-02 08:30:00,1543586,2345402,992795,1040081,1513983,1040359,1664888,836430,1141714,1086998,1932467,415245,883670,805104,221061,513934,890836,1123495,464264,1110695,707678,608447,1371881,573756,282023,1066237,653428,1077046,1421720,195338
2024-12-02 08:35:00,1663024,2013493,867342,950921,1062483,874367,1631718,888936,1096808,1033601,1893170,506422,682750,855833,241399,737846,1020055,1063254,381868,1623396,657692,457464,821515,631762,316522,668809,823998,1266815,1476287,274380
2024-12-02 08:40:00,1347105,2786208,829713,966335,1925429,1020478,1768248,1131609,617703,1305134,1546476,661498,804820,804685,186352,936627,1367190,487815,426613,1905618,562847,506674,1026275,619524,452795,1787342,510666,1207968,1360203,213639
2024-12-02 08:45:00,1562564,1112866,1086943,984262,1893551,943685,2453174,921935,534683,1163882,1946436,632488,817119,679124,227342,760034,1404349,817262,652130,1140808,864641,719674,1301807,966592,1146703,945858,628190,1300301,1190864,227660
2024-12-02 08:50:00,1373068,1476532,1417467,799133,2474838,909261,1928615,1287001,684990,1253765,1898796,1589159,812018,750089,129553,949550,941039,676303,651153,832444,660735,724685,882573,1519681,742045,764357,551060,911106,1175415,220771
2024-12-02 08:55:00,1488297,1932279,963756,906824,2548997,977931,1556814,1158584,697672,1442713,755655,1176806,794079,1003206,217467,892045,952358,670357,495619,1580827,732325,662985,896800,1739869,644962,439072,499300,784138,1165507,260177
2024-12-02 09:00:00,1496117,2622289,991555,596886,2261647,1209590,2211848,1043433,555269,1486633,1965907,1095244,889637,1009838,239585,951716,839874,1812072,563732,737852,2005896,892750,1019863,1433910,952259,542618,450251,783056,1128337,347638
2024-12-02 09:05:00,2684320,2724038,1107274,2154965,3187800,1371520,696283,1296021,530009,1309995,1465969,877057,817586,884030,274637,973759,820123,617609,504524,1166031,1428250,729858,1110723,733255,875819,1133697,651796,1010714,896877,470515
2024-12-02 09:10:00,2149804,2807692,1095537,577754,1513586,1032408,1122616,1281714,648413,998034,1177055,608699,426238,645769,572280,1103897,1038210,506228,561557,588052,1378770,1011327,971104,877134,779648,442233,680824,875322,1168166,202497
2024-12-02 09:15:00,1219599,2561375,1118802,851843,2473314,1528356,1569073,798686,957601,2129020,893790,656573,438645,696007,236691,933725,845356,975065,683092,600599,937989,805039,1147915,1517812,691491,493516,624118,960368,1529507,280909
2024-12-02 09:20:00,1378547,3527751,976413,1659841,1780011,903609,1276666,1265985,698029,1319872,1001571,877126,586724,1174185,344973,990603,991553,824725,767529,787143,2124276,1521534,1554020,1073354,654800,1540760,1138019,791528,1721562,412053
2024-12-02 09:25:00,2234612,3080778,1253865,1178157,1318024,663889,1045387,2258767,692253,986940,1215510,1109624,337683,1408567,259993,996819,790351,793836,845579,6205321,1229166,1568421,2212535,2336958,1217865,618516,647442,918563,1330520,503406
2024-12-02 09:30:00,4197132,2657002,1239629,934975,1994491,678150,1553906,1683008,839544,1101439,1339533,557357,405644,736717,330506,768245,733506,1526644,631426,579681,1250610,1435418,1006277,1073023,809219,558439,534117,1285400,1425049,686277
2024-12-02 09:35:00,2393432,2879985,1289169,607644,1913358,588432,1503836,1102934,614412,1276726,1842939,471638,891139,640498,605616,905904,544293,850649,493219,426819,1075251,1563017,2247596,950152,1707426,571740,399414,1732479,2217379,644519
2024-12-02 09:40:00,1397401,2459534,1189140,1090821,2736300,782592,2037824,1750096,772348,1267529,1672964,835073,615804,589958,354673,1253180,789568,537726,620181,457622,932277,1103376,924298,929828,1494437,503015,547323,1616846,1286764,1408664
2024-12-02 09:45:00,1591454,2152022,1238291,790565,1229587,755098,1936311,1267969,1043947,1196707,699788,1084707,493341,610298,400730,664917,737368,762747,497587,487505,1331880,1287823,1000696,948318,1797280,947657,957435,1405630,1531172,1413690
2024-12-02 09:50:00,1365687,2922682,1308637,724360,992172,820592,1540307,1040571,1081130,1352115,1528244,732773,706853,716404,644459,1000031,834286,1052229,693548,553861,1075359,2161482,1526912,762992,1219513,694814,948227,1340833,1610316,802591
2024-12-02 09:55:00,1249644,1755381,1311007,841093,920167,980060,2900546,621409,1038166,2046414,932275,613747,441921,588296,353747,541627,839205,1205158,524295,667763,660247,566795,1139551,752932,1670469,493350,971005,1836784,888132,707046
2024-12-02 10:00:00,1611724,1390754,1494270,960301,2253968,1005180,1851845,1020125,922570,1791728,885528,749453,589901,625233,434944,565032,1033290,1010037,869181,864286,951680,469645,1387651,1139491,909048,734605,679680,2068479,1053383,504470
2024-12-02 10:05:00,1990974,3194304,1206000,907475,3151856,1053930,2228415,1545742,1406095,1190616,1506188,1172970,580448,735103,549609,600685,1103022,1587866,818345,1504104,1285646,589193,1113015,903653,601109,483152,368342,1828043,1426955,489042
2024-12-02 10:10:00,1393453,1728649,1158601,901514,5352674,999711,2694009,1081520,1321092,1357808,1123602,637579,441573,793787,1167040,671817,880248,1517870,837843,940191,2193688,612896,1626935,772332,845957,1088638,292463,1679417,1535506,573819
2024-12-02 10:15:00,1377629,1899276,1252907,1163252,5235796,841518,1914062,983402,912874,1388466,1009581,674747,572414,822007,555857,690888,1062893,582612,991888,882705,1135408,795759,2069283,729045,1386372,1014314,440373,1764774,1529000,945859
2024-12-02 10:20:00,1429713,1978484,1425590,725513,4417557,1394164,1679718,1136487,1210125,2297345,1961723,1090554,612490,877977,1052823,557996,1948132,550680,1019708,1064397,1392016,461194,3309847,790253,708869,651338,571348,2460553,1666830,406724
2024-12-02 10:25:00,1387561,1632487,1242748,748995,5434845,1790626,1733712,1464555,800483,2105805,1269526,947572,634768,1384194,1139917,507767,2030303,914181,938477,977916,1745902,611217,1378270,930870,1085232,802436,484501,1307482,2677841,1347527
2024-12-02 10:30:00,1938013,3014546,1436509,708736,4672245,1614549,1469412,2055191,570453,2351044,1216139,957460,905284,1134751,396115,712564,1958992,708751,631223,935871,1788141,773946,1847620,730314,668390,435909,435001,1107554,5463706,919522
2024-12-02 10:35:00,1908565,2278080,1001372,958403,6352253,1684128,1438025,2480367,953180,1955303,1199580,1524019,712194,1420246,399124,695125,2302959,562630,816829,711612,1634500,506553,2039228,3744740,767039,433474,395470,1148221,2390158,1091509
2024-12-02 10:40:00,1825116,2053763,1729989,1343915,6237362,1605844,1333882,1638325,1063073,1453100,1002128,1448250,743573,1274093,259236,1106767,1928152,675593,1060433,726732,1250547,797058,1458928,1020872,1190373,429406,444271,1458542,3241600,769099
2024-12-02 10:45:00,1656310,1973802,1067794,1094776,7010277,2636635,1091836,2210413,869024,1920809,1125301,873579,518768,1373825,219489,724206,1559531,1040002,993514,1191605,1505445,832782,1733604,786494,1165213,520365,656782,1303180,3448743,507481
2024-12-02 10:50:00,2039965,2187028,1222634,994241,6865355,2304434,1423413,1907450,1083512,2306874,1128093,691916,458983,1534908,229582,993908,1327059,600958,1216862,1259411,1790017,1203784,1396899,863203,1637780,415343,622232,1480111,4316283,412921
2024-12-02 10:55:00,1816206,2094173,3167791,1072493,7004512,1027115,1421000,1793077,2860993,1792129,1290045,1399107,500570,1094872,255910,475026,1468695,954944,988085,1103713,1442839,774109,1748029,1000614,725352,632693,642903,1396702,2420469,389172
2024-12-02 11:00:00,1429089,1678293,1082608,995552,3407306,1161557,1216636,1312154,997179,1957677,1790020,1589739,547222,1940646,554632,506277,1082353,1124821,1053484,929887,2276784,1309641,1742726,1605585,1171804,564888,732283,2010540,1263973,504011
2024-12-02 11:05:00,2167161,1424489,1119303,1165277,1778580,1069951,979402,1269855,805742,1740871,2024056,1564250,457507,1655828,417641,646645,1086924,810970,831205,1891245,2414688,898652,2118671,1337626,985243,845942,347145,1613665,1174747,460189
2024-12-02 11:10:00,2327369,2547223,1058726,1048639,1914956,920261,1367402,1250632,985000,2085893,1854532,1239386,500723,983771,443246,747385,1103441,658971,899741,2474201,2090436,574596,1934590,1057602,915390,512733,541432,1551268,1307328,595005
2024-12-02 11:15:00,1417353,2225904,1136731,1021997,2007477,786076,1343121,1149884,1219702,2217294,1668386,1448081,737895,933876,503398,1037899,1297737,580033,1068052,1629505,2833012,622305,1396143,870828,675380,622205,617049,1316855,1251369,515014
2024-12-02 11:20:00,1375890,2553749,1182725,1657758,1727963,1312475,1780761,1114740,1165878,1835944,1798512,1296132,538857,1029199,533200,880482,1496110,584331,824972,1214368,2677618,650628,1481693,816776,1109753,671307,906908,1492027,773821,671249
2024-12-02 11:25:00,1053648,2652977,1240890,1613087,1853669,1268048,1945153,998995,1479848,2387958,1326507,1162049,502960,1520838,686597,831595,1408266,707303,821815,1488377,2075853,593124,1200377,1033345,944873,691000,665773,1157826,1233098,451004
2024-12-02 11:30:00,1805607,2621670,1216053,779754,2079879,1761259,1394977,1039130,969026,1993542,1696732,1006065,507850,1196747,897221,914911,2145338,622620,741438,1330187,2491454,726817,2085375,1409071,443938,763941,643606,1234782,1045560,1148114
2024-12-02 11:35:00,2067555,3903261,1215963,1127547,1538443,1789269,1161720,1506223,1071741,1648253,1734018,957734,699539,1132670,1200732,647451,1529817,1045888,1095238,1024600,2216824,891387,1772751,1005590,650129,1425772,466592,1554151,1245855,591492
2024-12-02 11:40:00,2314369,2492687,1520901,965761,2432124,1166355,1245877,2170872,1203232,1870872,1773410,648367,651934,1489232,983503,942313,1294292,678823,1263484,727142,2114187,805222,1594503,1186364,895548,1079296,526446,1399416,1649400,396096
2024-12-02 11:45:00,2378108,3557353,1786942,1271108,2587500,1715340,1723275,1328438,741399,1427278,1823720,590797,582793,3399293,769799,878583,1701185,705627,960633,794917,2465363,1478007,3397440,1124119,961856,1076819,764658,1971116,1736620,551413
2024-12-02 11:50:00,2272779,3726071,2122254,995969,3709388,1589847,1283252,1445804,937178,1612721,1927574,1192780,680353,2990330,975577,1023251,1404241,886826,976445,1330619,2357763,517509,3187487,1330559,1124051,730940,972291,858809,5989272,384075
2024-12-02 11:55:00,1623699,3979465,2110027,797481,1825192,1730683,1645508,1706580,1212885,2067680,1578042,1762593,554237,1491603,976218,1855346,1261557,1144198,610263,1059798,2758040,650589,2387819,928908,549030,707814,663700,1190933,1607455,443512
2024-12-02 12:00:00,1583606,3515349,2127293,855673,1883778,1498837,1345353,2838097,831572,1403011,1230333,1570941,405299,1418880,1058075,752515,1292420,635462,913315,750127,2351992,745266,2121932,1410436,2154300,852717,880044,1011966,1271069,472584
2024-12-02 12:05:00,2138503,2556136,2247268,959739,6470473,1800181,1800551,1370602,705875,1446253,1929257,1270538,787138,1081102,1091304,775574,1679752,942222,1116784,922257,1712115,971564,2692572,1495016,1451267,692591,809467,1125854,1644279,470905
2024-12-02 12:10:00,2944383,2769416,1440478,823951,4900118,1425780,2135083,1499902,1501965,1510572,1520438,2049699,842439,2007399,950615,1055243,1481366,838817,1514423,1092934,1083042,987483,3077461,1265385,1333848,1084141,1088686,1262426,1671373,624012
2024-12-02 12:15:00,2803271,2630504,1207947,2192408,6916504,1324091,2304667,1030315,1396772,1427913,1542807,1514928,1440934,2396167,1333494,760333,1478542,798664,1394259,1373129,1053031,1376676,3297800,1957194,1960919,1577750,1070469,1117356,2183044,863402
2024-12-02 12:20:00,3167027,2847369,1181356,3798799,5371327,1498877,1759835,1049076,1521294,1320257,2073273,857344,1557940,3132109,1300155,814027,1991345,1462335,1119188,716684,2250334,737760,1858539,2388748,1834170,870768,970706,1246649,2323719,659710
2024-12-02 12:25:00,2975443,2490064,1152474,1952632,5742574,1323461,1508325,1173127,1355567,1531840,2318937,1021441,1563481,2213434,1609217,754909,1900439,821748,1040268,899769,1430832,1025521,2156708,1918228,2223362,968333,1235096,1950312,5900150,1088797
2024-12-02 12:30:00,2799455,2642587,1031750,1291157,5975442,1233612,2620308,888765,1530197,1119483,2382075,845558,1332206,2157285,1102941,626131,1636825,709019,892060,1258423,1124238,670785,4173539,2434746,1173197,960630,1432840,3099535,1626170,1075294
2024-12-02 12:35:00,2643011,3184144,784131,1655216,5533409,1536868,2744547,1146351,1179147,1499053,2871291,894055,1105298,1727362,1182279,595409,2007379,451008,1204312,2779094,1937392,934279,2754211,2303726,560342,975001,745020,2247504,1271935,787082
2024-12-02 12:40:00,2826757,2849446,1106178,1084191,1298495,1680746,2161265,1192310,1295107,1509342,2132641,870491,1138475,1941691,1604430,854727,1876406,547499,798369,2949365,1773285,1226971,2367707,2373395,1252212,817494,674486,2110940,1600976,820632
2024-12-02 12:45:00,3135788,3434544,1169972,879359,2185747,1426990,1308149,1058613,1717751,1183035,2094313,1685965,894422,1533486,1880947,777033,1660206,693104,806179,2900615,2027556,726338,1769027,3676275,762660,948052,807182,1933469,1397755,1139309
2024-12-02 12:50:00,2513541,2594595,1240438,703495,3303386,1350419,2275124,1192201,1348718,1366148,2145518,1878204,937388,1258706,1503943,1349922,1795888,975078,788544,3101251,3367074,485613,2144611,4336376,857687,455472,795522,2584644,1473675,488296
2024-12-02 12:55:00,2078029,2506911,756026,839618,1923972,1312648,2225754,1139664,1771820,1314616,1836565,1480880,663582,1790477,1310592,805782,1627129,595953,997852,3069213,7183563,524213,2380189,2231094,1187959,850226,1234648,2145734,1590740,589852
2024-12-02 13:00:00,2312314,2475613,953800,852551,2062963,1239077,2454436,1130560,1431776,1345090,2430388,994530,487764,1620322,1366892,593499,1491575,715073,848853,3325845,7112349,467503,1866959,1918508,1043611,623785,546595,1680057,3037040,792952
2024-12-02 13:05:00,4627056,2108377,2498820,1078271,1150572,1868360,2114733,1559938,1065349,1476342,2228600,780193,545320,1662165,2052335,644089,1552070,1160871,497910,3320853,8200732,499151,1706971,2882973,1031262,781880,660319,1313303,3619508,623918
2024-12-02 13:10:00,2957286,3278050,1247219,1084834,990473,1446482,2148949,1255232,851357,1126729,2230501,850871,814428,1507736,2384865,558286,1256536,905169,521398,1555223,7450596,736858,1984396,2686464,1548526,1006897,751439,1515564,7987000,379430
2024-12-02 13:15:00,3632917,3882981,1172107,1313381,1245939,998582,1636351,693841,721049,993665,2292923,1684778,799532,1760668,1928912,731466,1469356,773212,590164,3140726,4119612,526902,2825482,2799149,2129825,484349,657418,1857691,2805417,573455
2024-12-02 13:20:00,2212781,2348659,1013900,928363,2005397,755475,1870917,1024873,832448,1730860,2565399,1704385,469304,1258143,2219575,911575,1567379,420033,708244,3349817,3422954,564306,2451357,3058876,2911904,427482,550033,1422144,2074170,413451
2024-12-02 13:25:00,2100217,2017174,820752,1221436,1282903,976053,2353725,1379934,851281,804502,2343004,896952,1084574,1370488,2785728,1540277,1809288,838751,685805,3050980,2152885,882236,2622798,2674252,1674182,869307,491875,1334600,5377452,753599
2024-12-02 13:30:00,1700908,3007198,929982,995591,888179,1600047,2151382,1530833,1768579,1454011,2824120,866976,1299494,1428866,3559858,1099204,1999517,398313,770321,1863249,2189098,695005,1742225,1808798,2717596,984616,563898,1187044,1314541,858387
2024-12-02 13:35:00,2049155,3921770,1389515,898651,1451702,1452424,2297554,802502,1501471,1533809,2785564,1109257,1031824,1130979,2629221,732595,1353118,611549,619639,1530766,2536254,550983,2030552,1809289,1140987,880039,872945,1436798,1004638,946480
2024-12-02 13:40:00,1946770,3708253,1615887,831661,1750474,1311539,1903711,1385096,1780366,1643009,2098255,1159650,782823,1274089,1771626,1359908,1294498,646900,995559,1253677,2220178,547679,1570852,1890534,582348,758439,1227676,1686742,1407785,582669
2024-12-02 13:45:00,1916611,3617289,1178178,920855,1511158,1038715,1744179,2685055,1213118,1242936,1324431,877723,981243,1083945,1704026,814259,1538511,692083,2245563,1353823,2696448,742542,1289700,2202349,866586,514712,1327153,1726995,1986854,595276
2024-12-02 13:50:00,2237114,4534970,1203885,1036845,1488498,1706738,1575728,3080409,1336594,1919523,1364845,695952,838831,1137691,1790128,742760,1348118,517771,3189359,1767512,6447768,871209,2227164,1241888,856355,1049124,1433024,1749415,1190343,664574
2024-12-02 13:55:00,3180208,4854930,1469747,707561,1392363,1409294,1696290,2277267,1311247,1646716,1862590,994128,775558,1197460,980120,803451,1206356,575894,2838179,1584193,6614744,1158158,1246289,974129,728545,1154383,1130510,1608728,1586827,481881
2024-12-02 14:00:00,2550414,5064127,1418563,1180074,1988308,1570045,2292096,2127329,2763970,1801814,1715193,785427,559516,1436125,2146970,640373,1311939,601932,2312547,2139778,7615344,1144744,1533122,962598,692724,616509,965666,1410762,1171054,454397
2024-12-02 14:05:00,1906019,4047260,1303285,1011110,2445982,1527854,1784891,1736275,1725022,1685526,1323214,720395,568435,1742448,1697734,926042,1419483,565386,729992,1508795,4070522,994345,1682949,1587878,1033286,868891,846789,1213596,1755781,388754
2024-12-02 14:10:00,2145633,3424058,1268997,899826,1626823,1339238,1198268,2578393,2307298,1812007,1356186,1031169,613314,2001772,813666,935820,1196910,952609,1590800,1198620,5778837,988829,4948690,965220,1730529,817698,1277941,1054249,1462139,504591
2024-12-02 14:15:00,2081040,3443090,1373050,1625034,1305886,1110330,1550350,1413046,2885144,1629298,1098535,1687428,577186,2278713,634884,736018,822249,1088175,1887445,1168320,7462128,1500203,1428261,1550684,747693,910665,935705,1233008,1260411,491518
2024-12-02 14:20:00,1907113,2849469,1337845,1359514,875885,1578529,1147983,1735241,2204476,1399928,1107472,1135844,650926,1878878,578947,1110991,1141461,626479,2587199,913988,1621393,1118803,2686172,1755680,1404634,973305,740133,1048707,1640011,391542
2024-12-02 14:25:00,1918902,1753754,1205551,1625608,941819,1094293,1410299,1768530,935646,1409736,980573,827163,506095,880632,620768,851670,1639661,497786,2014666,1484023,1863543,1200771,1975348,1756272,1335448,994071,739521,1348864,1780918,477892
2024-12-02 14:30:00,1415286,1857703,1293291,1123366,1041444,1026498,2097982,1101176,1020729,1586018,1386827,909047,641525,914478,694669,1092374,1010697,648602,623890,1585470,1665525,946439,1462290,1194700,703768,522826,813003,1380637,2281168,327693
2024-12-02 14:35:00,1709504,3170030,1469748,1248712,1565816,1026313,1697316,1175653,1827261,1461652,1370630,1011392,603455,1142629,557930,736547,1136315,719448,1826186,948071,1710713,890305,3745964,1215428,813432,597682,694348,1579913,1546563,660899
2024-12-02 14:40:00,1806912,3464913,1359206,1026066,1811489,874123,1887886,916487,1501434,1199809,1386893,1750470,706146,1723401,709134,768428,1754121,962628,2768361,796731,1711788,1166005,5091994,1360899,1100358,851531,986534,1356012,1349775,360937
2024-12-02 14:45:00,1887947,4264030,1934875,1488932,1074542,1346627,1706471,1142582,1093947,1076309,1412606,1391986,594015,846019,980530,785269,1290716,806866,1083851,935551,1781310,1112216,1420394,2397111,1019479,666501,781998,1934199,1397942,476913
2024-12-02 14:50:00,1834824,3849309,1680682,1200112,878261,1742501,1682413,1196308,932675,1255138,1172205,1032994,538849,1245863,757590,596030,973983,875273,1823985,1460296,1422550,739139,1109748,2554838,1105210,683132,770902,1746833,1848927,1161174
2024-12-02 14:55:00,1621988,2815330,1862349,1067997,1201920,1587286,1825841,2772374,828872,1470349,1003892,775613,1152415,1358661,902243,703923,965132,539204,828374,965301,1208702,755169,1864284,1970891,1272787,1220255,507741,1763514,1293017,380940
2024-12-02 15:00:00,2228709,2138704,1685555,1956166,1508853,1590116,1922026,1064309,1080138,1620473,884048,770796,1236470,963837,1201863,775642,1289604,680954,3508292,599934,1594938,710336,1446942,2393882,1213849,1277930,524340,1259041,1186166,581446
2024-12-02 15:05:00,2136835,2174476,1882930,1248158,1122199,1587711,2283070,1955362,1045271,1875948,758463,1035102,1031383,895578,2314443,617478,1065902,757809,3629974,627650,2177615,1548999,1194854,1132038,836431,645990,724622,1417266,1407293,543008
2024-12-02 15:10:00,2388495,2452120,2067892,817732,1050587,1264585,2569545,1080964,847790,1484392,940852,987476,1054720,1465728,1702259,896882,1121217,596626,3522828,846771,2171462,948603,1111648,1147596,1266913,860918,648792,1238665,1242609,470839
2024-12-02 15:15:00,2823852,3002232,2089695,720700,1597629,1262779,1624946,1275422,578454,1252821,933225,1267814,1075633,1483132,1086349,3148186,1354097,747464,2698273,1178333,1941862,628155,1197090,1210375,2120451,871179,348701,1025773,1195739,468338
2024-12-02 15:20:00,2308947,2176124,2405216,668789,1696256,1223835,1649342,1000761,871801,1278185,1450818,2353191,1206163,1645629,1057287,9881601,1117361,794247,1358592,1984866,2139106,394145,1461393,1217157,1057766,1165151,411869,1220621,1235477,804069
2024-12-02 15:25:00,2330194,2228391,1994875,982831,1921629,1134724,1912808,878692,1034548,1155620,1210968,2492538,1292642,1536720,886221,1226216,1363809,485411,548687,958498,2219510,596868,2005132,1321766,972963,668299,485563,1994765,1830188,904376
2024-12-02 15:30:00,1633163,2351379,1856631,1128516,1578399,1105462,1959056,1078306,1010979,1763798,1111063,3590086,985904,1887710,1637223,695761,1067370,600134,1816502,1912843,2585762,758079,2000840,1427020,1333757,811833,640354,1204372,1185806,475201
2024-12-02 15:35:00,1314355,3196238,1620492,956812,1838983,1407616,2119336,2435414,1687446,1785033,1184197,1538894,711505,1403423,2073763,712030,1036007,563305,756920,1779912,2396200,696163,2570486,1377309,1259024,697523,464699,1048018,926246,643399
2024-12-02 15:40:00,2068220,2333326,2460536,658304,1837883,1513263,1866475,1774074,1338623,1407732,1262579,2033076,795030,1309822,1808811,828964,1610413,963999,3954540,880099,2302577,1116379,2511344,943163,648253,830054,656379,1124427,2193785,517393
2024-12-02 15:45:00,1261674,2612768,1807555,598905,2227823,1088033,1471594,1929343,1310034,1844635,1118190,1267766,1177416,1142036,1117883,984200,1288577,608092,5042757,1166203,2761823,1695412,3733701,810911,1326520,713441,2239669,1102645,899142,561840
2024-12-02 15:50:00,1309001,2406457,1498364,1290583,1934288,1040427,2774390,1249593,1466124,1751335,1228984,1100386,837481,1254660,1369555,659886,1398910,852218,2831739,1173450,3234989,1360081,2408482,1144373,1094758,601805,530726,1189969,1472347,473394
2024-12-02 15:55:00,1712716,3163592,1693198,1219398,1815705,1137882,3181372,1058695,966504,2569004,1355972,1147697,1255293,1298187,1628649,569893,1450418,702348,535540,2033847,2211274,777451,3113783,1338884,639894,665702,551096,1659207,1779786,664303
2024-12-02 16:00:00,1432718,2905969,2068713,995175,1368630,1644081,1695999,1087631,1413044,1816822,2185255,1489831,844794,2137999,892297,664778,2800392,1096259,1024397,983762,3800129,1067204,3186773,1704298,1084411,764382,721003,910468,1523495,718273
2024-12-02 16:05:00,1289638,3939886,2023886,1391714,1819013,1159520,1749138,1034401,975093,1306943,1709866,944064,569783,1586989,1194060,852989,2543780,1452941,888422,1058009,3277431,942304,2981903,2192663,1348557,777999,680425,1271812,1062683,512770
2024-12-02 16:10:00,1426022,2994261,2288298,918891,2532387,1110625,1550780,1058001,972634,1848806,2545471,1290614,817637,2073954,983571,997171,2533910,861024,1170697,903257,3007084,1057140,3444311,2212434,1199219,811657,584357,1060444,1361538,487708
2024-12-02 16:15:00,1515080,3044852,2034390,873409,1337965,1207049,1231055,1759364,983610,1663280,2300421,2126058,1181048,2046216,1306631,957931,3307203,736692,1078208,990025,3922597,1735299,3734131,2113568,1142397,1072021,599088,1007536,759423,377717
2024-12-02 16:20:00,2339533,3253120,1799124,1193787,1223487,1582981,1419128,1586457,1310363,1696854,2263837,2379655,1333901,2186732,1303011,1039763,3328893,702075,566486,1740932,2707762,1715966,3202247,2395839,937455,1401970,565886,1266190,825728,499085
2024-12-02 16:25:00,2330237,2886296,1764931,1121966,1224557,1103280,1126337,1187228,1393823,1477403,2327627,2115341,798541,2380635,2128990,616828,2128842,1688456,795046,1355534,2433142,897010,3821772,2200428,1048474,622842,824832,1203302,881678,434892
2024-12-02 16:30:00,1904733,2777790,1972728,813689,1327791,1083841,1401680,2123569,1191877,2173008,2402432,1551918,1264339,1980309,1401530,635895,2062052,1019040,2297843,982510,2154479,599010,3195889,1575280,911575,804786,838842,1488097,1230403,408910
2024-12-02 16:35:00,2081761,2844270,2438701,785336,1714317,969367,1407025,1925097,1609559,1847057,3305177,2020867,1393537,2523109,792744,724003,2192513,702007,1818805,886430,1984236,430812,2924772,1477387,949324,815666,920637,1633436,1507696,610882
2024-12-02 16:40:00,2401028,2101803,1365318,1650098,1438925,1555088,1417025,2039724,1134123,2501705,1676085,2249824,1473832,1776272,797618,806217,2391508,615908,1124646,1206136,2481272,613953,2785591,1321070,951380,1288228,823388,1104768,1320101,650012
2024-12-02 16:45:00,2458110,1477564,1814409,767803,2065763,1431365,1861071,2962257,1110542,1762964,1322655,3284627,635708,2250328,586265,805705,2425896,741639,605710,1352068,4335846,1035723,2245573,1314015,1713458,1082539,483766,1539867,1009224,670568
2024-12-02 16:50:00,2831117,2044556,1639828,735752,1418295,1396849,2593593,1594428,1131352,1570506,1578493,2749136,427355,2098456,596632,1001341,2250513,1612370,526027,1487004,3254085,631267,2180203,1364219,1119159,822598,750028,1390453,2472200,376217
2024-12-02 16:55:00,3230643,2261811,1867896,1097922,1225674,1735275,1734442,1474998,993584,2041818,1565641,2769916,843971,1378981,730808,1565332,2803757,1174506,492837,1140709,1919106,1242485,1791362,2268646,1426460,983740,767946,1171158,1758023,1511626
2024-12-02 17:00:00,1988171,2397657,1695767,1324621,1196445,1206513,1354532,1515842,769541,1605648,1542471,2704076,1017190,872672,681813,1125812,2716947,886073,987134,1355170,2068132,961845,1440469,2975168,1068185,1000229,1206832,1379647,2011657,760238
2024-12-02 17:05:00,2717214,2323242,1514810,1598649,1296701,1029493,1755332,2013316,900502,1527938,1426158,3415937,1275217,1067028,789947,959539,2514174,1373895,527382,1105900,1432538,587284,1388494,2966204,1696799,2019631,701068,1137578,6046729,1276195
2024-12-02 17:10:00,3129760,1832862,1384324,833837,5268038,803639,1791971,1679514,1934050,1945364,1391092,2103153,1171640,1308557,1114003,765179,2598908,868435,547698,1180968,1922736,1057867,1770950,2189448,2142127,1226675,828029,1299666,1529976,648363
2024-12-02 17:15:00,3416669,2279160,1077614,1430964,922716,1160107,1352641,1365349,1402603,1741977,1393330,1808633,1585387,1185230,1889225,904754,2688905,1436444,427330,1355958,1701317,1162451,2967098,1802795,1063181,1592167,759966,1390804,1571318,824999
2024-12-02 17:20:00,2597516,4568310,914763,920840,1105405,1622555,1847553,1547257,1254118,1407756,1065114,1363527,525857,1936695,1785861,1104526,2489179,799260,720224,1503140,1673116,1301724,2323421,1051196,901642,1671975,958364,978853,1805380,725511
2024-12-02 17:25:00,2498744,2200463,1339711,982835,1529807,1512678,2306851,1627376,1381436,1624149,1240762,1159226,575615,2204168,960365,814013,2780571,609443,672138,1101386,2533104,1121777,3579427,1328740,2660800,1310186,1044305,1836288,2880134,688457
2024-12-02 17:30:00,2925653,1941431,1496317,1104617,2958392,2006330,3877407,1614749,1383590,1533236,1906983,1389257,1113892,1730698,2357782,1112207,2717569,623011,3559517,1180023,3113889,1117601,2776852,1253788,2898413,1957771,599936,2222030,3752365,627819
2024-12-02 17:35:00,2940718,1724104,1618387,1007608,3055764,1939939,2577587,1393970,1291320,1197230,2123600,1252503,1611433,1651142,2813085,1039220,2065078,2001225,1906696,1341473,4344143,1038674,2090136,966737,1744656,1197938,437185,1980990,2154768,954829
2024-12-02 17:40:00,2797754,2041743,1710332,1972479,1948595,1730278,2268153,1093005,1515739,1266314,2957255,1819312,1468317,1852088,1403611,915842,2794662,1523439,602498,2503878,2415399,734607,1650702,978275,1485308,867566,786653,839106,1085668,618053
2024-12-02 17:45:00,3025405,4939425,1586591,911629,1312112,1835645,2029225,1582383,1375402,1572946,2614286,1512850,1471222,2108709,1513610,1172457,2663769,604788,383715,3509000,2602573,1056029,1833156,1663763,1238745,1348509,763201,1058287,1019133,755708
2024-12-02 17:50:00,2135998,3756818,1756893,1410996,672883,1700202,1477490,1339712,1193422,1324720,7419964,1497731,1575044,1539378,1427464,943516,2688688,771791,487974,2056338,2400875,1215364,1715128,1212143,1659526,1062884,720459,955892,762009,720148
2024-12-02 17:55:00,2282976,3144024,1638800,1185917,931601,2174420,1550692,1148438,1263961,1426417,1590470,1143081,1338391,1581668,1405752,1277030,3296817,911036,563661,1519726,2696380,1279009,2717283,1092954,2314581,1853613,987283,2855692,1080996,990196
2024-12-02 18:00:00,3029824,2424877,1994499,891137,1577333,1086707,1432314,1242272,1671989,1257686,2131261,881310,615082,1830706,1663911,2375945,2955171,904825,518701,2022837,3098677,1466270,2399321,1527181,2269171,2157759,774990,1041180,1053529,799402
2024-12-02 18:05:00,2597709,3360482,1694696,1339284,1792350,2424335,1367801,1570847,1789446,978886,3733275,1355027,539910,2439870,1562457,1766477,3591056,893192,582072,957188,3008374,1654114,1963400,1183066,2002132,1638416,1028130,1775311,1019988,829850
2024-12-02 18:10:00,3173996,3596093,1797861,1159403,1703506,1953289,1263546,1728307,2543020,1418253,3200749,2085113,582087,2564936,1723575,827105,3322797,747601,835847,2503794,2277195,1668111,2003968,1404986,1618818,2265317,1022530,1142907,2378184,999162
2024-12-02 18:15:00,4704631,3076881,2347411,1000724,1455337,1188650,1762008,2108773,2608304,1860699,3709557,1615436,562102,2894811,2637903,1236725,3744335,726976,804693,1433631,2494731,1083256,1543143,1669267,1828336,1983195,1035550,2082873,2427488,1187562
2024-12-02 18:20:00,3428219,2169853,1437670,1414056,1240707,1515702,2928131,2186065,3096954,1296601,2632889,1402329,674905,3080796,2453463,903047,3018720,1031880,529747,1865080,3142091,1201711,1810644,1696072,1319905,1218706,1512083,1614625,2392543,1360152
2024-12-02 18:25:00,3810227,2102524,822225,1928744,788596,1680697,1228011,2000815,2567163,1730474,3707731,2043294,496313,4134770,2351911,1082895,2185322,1162624,712820,1406645,2084336,1188009,2838020,3650410,2475305,1126284,1745130,1079565,2651023,2254230
2024-12-02 18:30:00,3590862,2576145,1030373,1787749,775103,2212200,1598177,2333188,1736475,1913146,3033441,2141713,702777,2662877,3010877,1240793,2489037,863273,635376,1872639,1968154,1455241,3456489,2445709,1320554,1623733,1727800,816293,1723026,1565427
2024-12-02 18:35:00,2966214,2821081,1268307,1875403,1272089,1616549,1356145,2168305,1917110,1952080,2305766,2517723,579461,2980142,1792456,1191128,2426330,1021226,681663,1850350,2545629,1659043,4329425,2569060,1350007,1596447,928673,493891,1115913,1438368
2024-12-02 18:40:00,3056915,2818022,1767637,1958748,1605752,1614855,1882090,2281461,2012594,1649975,1662957,3083444,519401,3278598,1831984,1154405,2402216,1033103,720932,1233363,1671845,1715190,5939152,1868788,1749527,2681270,1082627,627518,1612948,807840
2024-12-02 18:45:00,2517052,2188044,1277534,1390009,1645803,2341309,2204105,2219758,2037827,1994588,1610541,2575845,425599,3426024,1931438,1207065,3193859,613305,703026,1558335,1423391,2098402,3822829,2024117,2129487,1444969,2654724,709924,1409907,1004820
2024-12-02 18:50:00,2655208,3060296,1580272,1292550,1658766,1686395,1420795,1689312,1240278,1870869,1365348,2662828,565804,2752990,1066449,1082473,2952479,1046281,574812,1818856,1707547,1964045,5427816,1155786,1957420,1783082,2313838,621395,1327052,1078026
2024-12-02 18:55:00,3362018,3058971,1820545,1440854,1616759,1425732,1757642,1561751,933316,1395187,1645685,1650049,524090,3483800,1511156,778372,2794838,995674,647042,1665294,2648504,2165555,5446162,1454452,1774949,1250116,1468211,571382,1586735,837400
2024-12-02 19:00:00,2761887,2810539,2227609,1227334,1195120,1346719,2233340,1623441,1162249,1974078,1662079,1978593,731508,3245172,1211737,820786,2672559,900917,907356,1652501,2296304,2965403,3929108,1971359,2065019,1070925,2115579,715178,1777844,543723
2024-12-02 19:05:00,3177629,2434708,2127252,1942571,1039579,1354018,2517622,1558678,1016902,1634396,1829227,1450431,601922,3466459,918471,878031,2363127,1103441,1156253,1275374,1474340,2502782,2722884,1338017,1211737,1033101,1441398,985251,1697666,626523
2024-12-02 19:10:00,3699239,2123810,1862419,1177814,1781528,1354640,2155509,1350741,996930,1556297,2133646,1257604,1103218,2372058,920381,921720,2509352,1531920,570716,1734267,2272971,1357365,4473158,1372530,2122123,3919311,1904249,1031066,1979506,1034346
2024-12-02 19:15:00,4286909,2812368,2352403,1532995,2183099,1032896,2775529,1812366,1031683,1635526,2281255,1091043,1211250,2572882,1498525,694752,2061601,920304,1398053,1768915,2505157,1511036,6916132,898932,1159165,1162153,1578117,726799,1516396,799972
2024-12-02 19:20:00,4114890,3146225,1601025,1530281,1554635,1431578,3196280,1851423,911049,1816523,1785587,1248892,1051362,2461764,1192304,1041679,2029075,735601,1378255,1871780,1863281,1371810,5667038,1062009,1685738,1429970,1697359,764800,1836216,651447
2024-12-02 19:25:00,4285640,2908236,1906596,2216665,2532791,1882806,3498817,2416707,906724,1312225,2271106,1406392,1318425,2463323,1056040,924797,2027483,627367,847292,1931765,2157062,1355646,3018553,1295384,1524415,2349859,1069448,569573,2287634,1254770
2024-12-02 19:30:00,3370711,3096862,2106812,2011671,3108250,1796993,2585116,1882062,773878,2171271,2204711,1387012,1492044,1989956,1428742,926202,2122896,1023495,988629,1963228,1251045,1638062,3428840,1170494,1910257,1704957,2361929,714902,2871990,881779
2024-12-02 19:35:00,3323413,3124169,1883553,1566145,2798407,2104012,3085442,1689972,775246,2319394,2190566,1904869,1677906,2604037,1865192,1424676,1651759,1054614,976482,2506644,1135990,1373292,4374845,1364988,1546427,1118551,1320484,672281,1982493,681476
2024-12-02 19:40:00,3921662,2779710,2162120,1890268,2947787,1318831,3262783,1854987,723623,2239156,2209643,1764818,1270614,3106398,2022305,1885148,5600167,1004769,739442,2425022,1772317,2146368,4521098,1279132,1159896,1027965,1142562,785055,1494835,829340
2024-12-02 19:45:00,4084999,3045888,1979885,2343932,2257883,2053363,2882377,1541699,756551,1635134,1687852,2407857,1664254,2953288,1805608,1961073,2467588,985562,727278,3185021,2063300,2125996,3287852,860611,1398034,872968,1519205,957034,1409369,593556
2024-12-02 19:50:00,3803007,2886300,1471111,1860099,1210860,1500213,3485840,1586312,1266919,1866833,1365188,2367179,1539812,2496876,2102239,2292436,1953309,716398,724313,3657754,1773670,1946685,3179153,1445391,2030076,740442,1163532,1111919,2451880,679269
2024-12-02 19:55:00,3626389,2723507,2129087,1978891,1431595,1452881,3028972,1355499,847739,1530548,2145691,1747899,1261370,2654304,2322508,1985778,2173159,780673,927842,2645518,1387315,1774508,3106243,1110603,1445851,963204,1675680,1031962,1460853,957394
2024-12-02 20:00:00,2699843,2913035,1854735,1457038,1748372,2304914,2445605,1559421,672426,1039594,1725778,1563956,1163216,3529788,2070785,3295978,1951347,1103839,826021,1519146,2086617,2363245,4442585,872038,1909089,1608334,1128502,1223829,1686992,1106376
2024-12-02 20:05:00,3840483,3110698,2142705,1832181,2172167,2060739,2737208,1834064,1031852,1039247,1608663,1492107,1123845,3488540,1338049,1630394,1778231,1057773,1002464,1283309,2798513,3184314,3897578,940942,1501383,1273242,1247960,981008,1665580,907896
2024-12-02 20:10:00,3590131,3755295,2116195,2517809,2355662,1779147,2090637,1508775,1320280,1163541,2045533,2311450,905645,2132583,1691888,1610313,1903658,835645,733378,2012532,1959665,2472111,3021514,757989,1895241,1775868,1291909,1172198,2012162,789338
2024-12-02 20:15:00,3321676,3175149,1916764,1549407,2139267,1649877,2078024,1368913,1318709,1541525,2303689,1406774,839754,2476436,1865207,1386325,2628937,414891,607285,1521596,2305662,3044708,2244883,759986,1502476,1974523,1718346,1433707,1424985,911114
2024-12-02 20:20:00,3654629,3396882,2081407,1249804,2460325,1925765,3039790,1195115,3247711,1241289,2789456,1755901,1275045,2422731,2510287,1389086,2439171,654138,2464322,2046739,1470044,2877468,2799187,1275153,1837942,2569917,1641157,1248285,1657782,700295
2024-12-02 20:25:00,3535490,3527695,1657667,1368136,2325423,1524428,3519499,1308221,1932815,1120857,2870198,1556533,1726651,3505292,1423086,2147051,2920539,896564,1236027,2289605,2079485,2232793,2678906,1170040,1568335,2431922,2299127,1284095,1584621,1287700
2024-12-02 20:30:00,2863175,4241602,1645113,1428853,2104778,1334150,3329786,993161,955534,1349098,2346431,1690342,1832690,5477342,1423228,1882217,2660931,2191463,963576,1610742,1675773,2136160,2859790,1211487,1823810,1943227,1221731,1561701,1884057,1464977
2024-12-02 20:35:00,4466504,3477796,1942747,1830533,1788015,2190438,3341819,1179733,949044,1239617,2196352,1602302,1300649,3528223,1422063,1954159,3018471,1450808,995717,1198849,1676534,2345068,3184848,1474637,2595900,1501497,858323,918048,2701156,1907865
2024-12-02 20:40:00,3457896,2836513,2065347,1369911,2339217,2540985,2983891,1411958,1410188,1313019,2264279,1909372,1108237,3784917,1630310,1714887,4227390,4193635,1204188,1233284,2521946,2627660,3581958,1556152,3379536,2104434,1702289,785745,2448405,1544432
2024-12-02 20:45:00,3532863,2803504,1984277,1954447,2250678,2038215,6634355,1757042,835887,1600119,2549857,1259198,923561,2934126,1929232,1507918,3883402,1338472,970118,1914125,2285321,1848849,3752821,1499569,3682505,2010431,2417256,1646731,2871517,1229396
2024-12-02 20:50:00,3240507,2950506,2528905,1444843,2462110,1962850,5970722,1644854,1420926,1723011,2968748,1097876,979957,3480245,1897620,1375519,4271897,1573978,1536171,1695731,2291657,1744882,4778706,2760874,2694807,1189429,1467668,2580412,3035808,1409493
2024-12-02 20:55:00,2731914,2922119,4144252,1310054,2827312,2335276,4193142,1400725,1281092,1748182,2376032,1360409,538175,3084636,1867690,1561348,4274676,1374870,1771953,2208849,1850659,1147483,4689253,1619511,2601328,1267986,1744303,2494039,2401150,1380410
2024-12-02 21:00:00,4096962,2944522,2067402,2669596,2667740,3501712,3322618,1096589,1504310,1371393,2834857,1020825,1450583,2981445,1914881,1389169,5008637,534357,931215,2164761,2186791,1603232,3730439,1610944,2151013,998940,1635978,1359993,1644140,1514682
2024-12-02 21:05:00,3640497,2637145,2099667,2036477,2042864,3611543,3134696,1523439,1372708,1835284,5163198,1060675,1280012,3561354,2071174,1865555,3970320,628060,1173417,1721664,1933441,2135326,4401986,1645335,1776253,1060550,1191529,760076,1888857,861055
2024-12-02 21:10:00,3543289,3428519,1665261,2004987,2130082,2280339,3823839,1385069,1555242,1517327,3863687,1001733,1120790,3299934,2129696,1735479,4092900,693558,1394441,1925397,1959517,2219890,4122089,2329066,1038945,1084108,1351480,847532,1458503,849211
2024-12-02 21:15:00,3376079,3012545,3360592,2161240,1874653,3335003,4446583,1656627,2147612,2116726,3457693,963504,1894065,3343020,2473798,2245057,4021663,1046416,1505224,2043678,2280405,1360282,3642139,3080135,958412,1067680,1648015,647314,1523471,1170954
2024-12-02 21:20:00,3322311,2352098,2667617,1152028,1472975,3164799,4025337,2314773,1196101,1302733,3434032,1081497,1897370,3629688,2670839,2107242,3347586,2015682,1495695,2418265,2168881,1218246,4022548,2422305,907888,1401717,2022170,1239114,1586669,989316
2024-12-02 21:25:00,3824027,2236669,2385010,2191618,1823334,2482606,4492784,1748905,773359,1696301,3453103,1026520,1806268,2994792,3116913,1181842,3327512,954747,1581509,2247267,2768860,982135,3815142,2439136,845600,1336474,1390313,894225,1702356,1634998
2024-12-02 21:30:00,3052242,2983436,1980765,1259294,1831327,3723977,3411793,1459384,702457,1740459,3523453,1393297,1732959,2580149,2712463,1759084,4344082,534429,2276899,2453439,3076474,1344718,4447788,2642244,1647968,1182827,1210032,973920,2507725,2070825
2024-12-02 21:35:00,3520760,2297445,2017403,1191359,2088849,2516262,2675992,1410841,575356,1931636,4894672,2742504,1713132,7005848,2251593,1476004,4099905,1627442,1942843,2720752,3876611,1407572,6118983,2571981,1946554,1083465,1565111,1348480,3744898,815484
2024-12-02 21:40:00,3767181,2712936,1925051,1379930,2652570,2336264,2350116,1289233,1008681,1738816,3527128,2783266,1390025,3626455,2604970,1482143,4133882,1478868,2627005,3904770,3689094,2195008,2348287,2661280,1743117,1223314,1165640,979570,3108655,828874
2024-12-02 21:45:00,4440180,3221758,2104016,3180215,2226617,3431295,2545430,1700250,687179,1686027,3701332,2976365,2106672,2980498,3263574,1458130,4203245,878976,1938934,4242601,2497145,2267771,2255251,1915499,2516773,841587,1116301,1281060,2168801,1049761
2024-12-02 21:50:00,5260406,2911093,2217589,2442312,1853615,3013839,9840973,1096397,743251,1954150,3440816,3232407,1284296,3256892,3565000,1032700,4614902,402847,1360061,3226660,1567811,1336552,1802186,2012135,2530665,1030915,1321388,1781833,2550054,1037775
2024-12-02 21:55:00,5144182,3068968,1969820,1291081,2483657,3279816,6640414,1129854,745677,3423570,3459581,3318884,1617367,4139754,4235377,1138062,5911391,541773,1001707,3737442,2130065,1340786,2454790,2159290,2419862,1584427,2540344,1300732,1739068,1011824
2024-12-02 22:00:00,3775928,3468472,1870246,1905185,3855286,3022074,7635222,3677795,506708,2565521,3443428,3019846,1171499,4012455,3863639,1113009,5849674,640075,819704,2363548,2246769,1385940,2110220,2022409,1315548,1667394,2547760,1324387,1667328,1053500
2024-12-02 22:05:00,4179769,4145718,2313256,1152880,4475956,2859839,5950469,2530258,665202,2907040,3196138,2962704,952590,3390350,3515139,5260582,4589630,823020,827466,2063788,2622669,1564258,2271065,1960047,1946839,2290970,1154180,754818,2407436,1108060
2024-12-02 22:10:00,3717435,3013536,1219968,2128524,4608039,5249242,3279242,2086470,691453,2828916,3438076,2834156,1476629,3507500,2737047,3679958,5390119,806387,783844,2407147,3652098,1333282,2658986,2178996,2598488,1636425,1129891,799127,2012899,1350419
2024-12-02 22:15:00,3199307,2488979,1567731,1419557,3634168,3005523,3589705,1892504,810149,2198770,3212005,2203316,1322976,5142896,3037252,2256754,8164633,781696,1026816,1965824,2629203,2513103,2817945,2994876,1860484,1195292,1376383,648923,2586959,1635707
2024-12-02 22:20:00,3239927,3656803,1235873,1036435,2406038,2501451,3588591,1786775,608121,2392911,3515213,1909208,1724120,3774406,6364960,931244,7210677,972301,1633918,2663159,1752663,1368820,3163037,2816554,3125992,1318860,885404,687867,2440519,1292978
2024-12-02 22:25:00,2318396,3363898,1419410,1756158,2291596,3032265,3448708,1519199,810735,2963682,4298235,1511155,1457502,3394908,4359862,1594341,6199541,1174045,1243461,3111604,2304641,1296581,2367347,1230879,3251866,1792600,794117,786867,2901032,1329296
2024-12-02 22:30:00,1842269,3508379,1717884,974104,2852177,3133262,3399507,2281331,415162,3665487,3362654,992467,1649989,3668034,3383472,1951821,4884138,735453,801436,4211350,1702425,1081609,3105340,1427835,2739847,1350659,1078179,1016472,1689072,1213286
2024-12-02 22:35:00,1799449,3380166,2094251,1773434,2270134,3770000,3172296,2247152,536709,2878236,3458929,1102134,2023976,3354531,3626853,1451890,6089529,625877,806613,2365670,1623840,1062374,3711350,1287458,2003649,2594202,815607,689296,1927187,1037043
2024-12-02 22:40:00,1875146,3553152,2083357,1112937,2832660,2515361,3240826,1770576,545828,2665168,3208498,1699318,1831704,3247641,4655090,1636786,5086657,1167385,1450605,2329081,1389723,2134893,3410539,1629591,1650784,3249034,1118009,1447760,2244848,927981
2024-12-02 22:45:00,1699445,3022844,2167278,845940,3269960,2238480,2436123,2684691,446424,3171585,3202210,2350565,1697129,2612617,5032695,1825658,5599543,486442,1169122,2390889,2435256,2030730,2259875,2381244,1332722,2174551,1670392,676480,2007445,784939
2024-12-02 22:50:00,2268315,2846864,1992876,959105,1852426,2470910,2442462,2762453,477339,3303866,3469871,1285463,1607613,2874556,5176010,1218690,5878081,839453,1141472,2065310,1458480,1465764,2226167,2032110,1405101,1898400,2350397,988896,2018564,519342
2024-12-02 22:55:00,2737988,2140836,1886038,727291,1723108,2339387,3574916,2766453,510326,4053791,3548328,2458173,2137751,3525320,6149769,1307654,5236707,334893,735140,2017324,1385584,1057868,2302201,1952061,1258218,2189547,2140666,1067425,2214855,317754
2024-12-02 23:00:00,3038356,1670343,2071226,653727,2015378,1977808,2880418,2552571,592493,3774495,3969950,1667041,1632931,3309936,6342072,2117535,4841134,248040,1164352,1689912,1298651,1085672,3702525,1825023,1580498,2244567,1935265,726465,1613235,326037
2024-12-02 23:05:00,3465766,2203744,1791671,995708,1948151,2220628,3548921,2174379,572548,3468563,3214392,1249953,1329124,3035493,4599560,1779277,5370561,217184,1086318,1248832,1294205,1120715,3982493,1827034,1880623,2257630,2693032,974570,2046573,465157
2024-12-02 23:10:00,2788510,2300472,1529439,726999,2003593,1972242,3973054,1563417,627027,3599317,2743180,1260880,1733503,6772200,5469754,1589637,4726857,248698,1644593,1135393,1295445,1283059,1657139,1398203,2660480,2181281,2819927,582898,2370349,408872
2024-12-02 23:15:00,2804095,2080074,1508938,1023925,1414513,1606006,3439749,1167027,428683,2895213,2984031,1172291,1680469,11376525,5006089,2100685,4176744,168113,1288142,2572873,1101262,1087918,1516228,1573002,1306432,2669183,2703348,876915,2011539,749067
2024-12-02 23:20:00,2682697,2468899,1737097,1040584,1590214,1651040,4031243,1643122,472836,3454744,3443000,1299893,1984934,3363656,6722583,1543389,4072852,260447,1297874,3014485,1163141,1011691,1913529,1672331,845407,2277437,3008153,729197,1197491,342033
2024-12-02 23:25:00,2112175,3911556,1517800,2395756,2155691,1326787,4026198,1299430,426285,3437105,3555108,1637792,1967474,2713606,5479904,1238479,3301288,273959,1564086,1960901,2114287,1475379,2150583,1466745,981055,2075474,1461785,683629,1211137,499880
2024-12-02 23:30:00,1506671,4246650,1711054,962289,2774024,1509251,3697673,1388156,453477,3840194,3505674,1201470,1701250,3149844,5455649,819105,2886408,227248,1234894,1389989,928855,1496933,2709112,1214237,726612,2423604,1782156,871101,1441147,590145
2024-12-02 23:35:00,1860139,13044724,1477167,589350,1903290,1512122,3310591,1368893,536131,3429374,3634945,1532270,1248110,3029001,5687919,737077,2377071,215011,1085075,993628,1127664,1625337,2414906,1272914,1603103,2122261,1781922,624752,847852,530765
2024-12-02 23:40:00,1781001,7584031,1875895,487190,1970205,1879748,3309290,1581966,814821,3842359,4004268,1711680,922646,3035719,4213501,1000365,2674981,177506,1330139,2150358,2033936,1498992,2722109,3942795,970555,1251126,1408045,423211,743250,413617
2024-12-02 23:45:00,1756713,2525670,1624178,651026,1924737,2125823,4840571,1966586,1043434,2945302,4289680,2018507,1141693,3079812,5487597,1611928,2046131,411392,1049567,1684886,1441829,1532306,3494225,1124220,2604579,1331128,1712675,560724,1047515,379217
2024-12-02 23:50:00,2229493,1947198,2050544,566782,2710783,1652110,3504891,2356167,690444,3487242,4267274,1071833,1312368,3488190,4799188,1266206,2187371,177130,1038328,1125302,747879,1499178,3907691,1161928,1105729,1403152,2040068,698954,1056981,613530
2024-12-02 23:55:00,1572176,2252886,2429581,274430,1948861,1186430,3227466,896001,685841,3244192,5415621,883940,1047315,3533277,4797358,1590442,2215594,182987,1064088,1068436,1246419,1683922,3236520,894383,463494,1648817,1782971,1045108,1344592,389594
2024-12-03 00:00:00,1702520,1824285,1099927,390353,1996095,1414733,2750916,906764,555894,3386602,3290604,577505,880100,3601218,3532504,1707390,2543480,263289,1092558,1157182,682860,1362336,3607217,1051260,418845,1681317,1542505,858792,1261837,370096
2024-12-03 00:05:00,1731354,1838915,1406244,392202,1392282,1583369,2641541,925144,427096,3752430,2470792,2132043,920029,3537331,3881111,1964243,2284210,180573,648657,1480410,684585,941199,3263500,1076400,303611,941358,1088350,792425,774979,330027
2024-12-03 00:10:00,1259786,1850273,1926877,571746,998733,1251202,3033892,769429,188682,3191683,3639312,854860,765959,2393611,4537927,2377031,2087240,160978,540708,1069858,722637,1047330,2845144,627571,341383,1320694,997001,696849,618255,364410
2024-12-03 00:15:00,1337405,1626442,1096435,313139,916024,1270866,2872931,670841,204986,2811879,3261085,791698,763527,2632683,3973199,1912854,2125755,184719,2007736,789618,568017,915663,2185448,579563,588521,1421413,835642,748214,639392,338818
2024-12-03 00:20:00,1302547,1786421,1435121,388420,786201,1327484,3520743,774964,283055,2669430,3241042,1346427,827434,2943305,3596059,1616041,1567152,335349,448000,702330,520803,1131045,2923986,647472,1419724,1668857,830509,382870,796503,314473
2024-12-03 00:25:00,1633931,1967338,1343925,565662,1199250,940395,4798863,703900,192542,2267588,2689296,1242417,954717,2563690,3705086,1556128,1440066,130424,422947,751441,526729,1076928,2341456,305410,1332205,3246223,808842,507809,743085,344894
2024-12-03 00:30:00,1811217,2267165,1599200,570918,1373605,716703,2230806,697440,157777,1840534,2665939,1018678,762540,2861371,5190624,2292949,1349883,106153,552402,594910,500542,952419,1967861,478736,1527783,3140329,695534,479085,782296,377102
2024-12-03 00:35:00,1576084,2425983,1815383,496168,777295,707610,2386996,820128,177729,2259393,2320187,803042,788237,2449687,4553224,2412264,1242095,121022,684451,890821,546548,973346,1566917,860088,996230,3197263,646527,431275,1116043,654775
2024-12-03 00:40:00,1050086,2355136,1770119,363977,1309433,793950,3377349,760426,192837,2464755,2753285,912021,812822,2820984,5201678,1422903,1136830,114382,333611,1033610,547153,817079,1248475,301683,567649,2928944,756515,397328,1270186,376130
2024-12-03 00:45:00,834860,1669419,1221638,274620,738689,917207,2908520,539419,433223,3241353,2363838,1094701,742824,3054757,4062047,1612643,1216915,151450,239555,863534,2560817,1107330,1193468,973134,408993,2197740,606333,357336,1228213,532211
2024-12-03 00:50:00,909853,1237713,1971669,299671,722892,698101,2462986,572825,216268,1937288,2091015,561429,783753,2169207,5103638,1697213,1127181,177648,207434,886732,543930,1368372,1189760,1628714,878064,2007656,668189,415441,1098438,274902
2024-12-03 00:55:00,731767,1278097,6678296,283420,708251,606243,1956155,746428,136818,1635689,1784652,573588,635029,2517709,5493689,1180286,1009915,88121,1035678,821459,574115,833652,981861,371574,595418,1814045,1054765,336324,925010,343258
2024-12-03 01:00:00,1221285,2016842,2191938,178527,730996,523188,4406069,756580,221080,1478073,1652019,415465,739615,2247854,4441487,1280352,880631,134191,1395571,620527,718160,739823,960732,310505,574520,2087093,1044976,197240,860401,225187
2024-12-03 01:05:00,688656,1550051,2212437,296761,739847,602956,3481191,848751,272504,1735408,1319623,477571,760832,2278622,4381990,1039167,804204,105527,1277602,602962,432653,699122,1689778,505920,708922,2160212,607552,258306,731645,343317
2024-12-03 01:10:00,631027,1516490,2688603,373032,716891,496042,4036588,805418,360968,1366395,1580851,468192,676522,2198566,4724867,1013968,858591,144573,1202833,467102,399975,829066,985450,323196,636538,2072317,625423,334790,750900,137689
2024-12-03 01:15:00,883584,1669507,1778145,450293,1159422,473539,1401873,569797,342321,1451498,1445267,500416,457964,2390544,3595223,2391314,895969,125180,913676,388204,392070,882141,1616676,431206,608879,2260764,525381,193963,864104,168897
2024-12-03 01:20:00,577340,1467638,1982924,281442,740204,513489,3421802,540293,172554,1598783,1806359,752220,600339,1822379,4384549,945447,1029956,235373,651293,377044,1115893,782319,2555103,254145,283832,2107342,564864,236622,1058927,74181
2024-12-03 01:25:00,448060,1384758,1707967,207330,696209,390301,3615321,469852,160592,1672186,1788317,533463,428528,2908956,4035535,875159,804291,291819,536154,1137201,372060,640213,922414,293443,420810,2031909,466218,269212,1003261,98864
2024-12-03 01:30:00,513978,1536948,1800854,144739,525718,492989,729745,465516,101111,2085792,1459258,426192,520254,1717369,4301930,806021,715677,86351,533342,1732879,965336,745425,809552,371408,284845,1841157,418685,236071,799862,162433
2024-12-03 01:35:00,602984,1480316,6717455,74606,531657,491730,1055509,746825,101033,6055080,1266927,334718,425657,2619949,4364600,523027,540547,102762,470893,1452027,293983,401823,931500,401829,326476,1994258,610823,251184,719656,92807
2024-12-03 01:40:00,458512,1885434,5435249,220807,498815,318750,576651,791205,141321,5918596,1002959,302601,770959,2680821,3579975,481470,616780,94438,285419,1305878,342084,751696,656995,389582,499815,2015671,897387,283442,329049,98300
2024-12-03 01:45:00,924820,2605987,1050629,110019,656432,577158,1233965,522346,167507,936738,887336,333555,512058,1908914,4001189,699444,548548,394547,340849,1188102,290386,958312,756481,442475,839336,2300749,243899,842941,334139,113588
2024-12-03 01:50:00,473249,1815879,609873,91227,494363,645967,622312,399145,216863,656782,1736375,730013,362706,2353722,1811655,540904,446780,316963,560489,838427,445897,609313,1020490,382337,1029194,2142318,237399,148746,237242,107128
2024-12-03 01:55:00,1000663,1837301,481676,91434,523084,635097,530237,574854,153955,626115,1644100,806627,335461,1874878,601716,413433,464115,73036,304239,926045,498974,435240,757317,289973,324260,1719337,208402,148521,255869,103331
2024-12-03 02:00:00,1256239,1505584,589621,76260,505048,381726,448908,529100,148209,632118,1745910,403546,449546,2251435,874072,427872,439758,53134,271005,266947,703118,294380,605989,387233,734545,2013599,219794,109346,354121,94462
2024-12-03 02:05:00,419495,1247573,441600,155157,569561,324304,425259,445114,193517,679149,1106409,422725,391082,2248517,366198,2601737,470563,226334,239463,254391,355278,576870,597667,389316,883792,2076160,252041,184395,902137,114001
2024-12-03 02:10:00,446394,1466016,452497,49338,553896,462419,1140775,409906,125400,631259,1059334,513588,439237,2371377,596608,634750,433024,70388,284217,289018,522713,275348,558870,394181,606147,2254602,561486,614906,307586,123386
2024-12-03 02:15:00,477358,979354,422506,95246,607183,195704,3049203,379977,184473,791535,928612,311428,467352,2511585,474719,609118,549615,114289,268452,307724,433062,324989,731609,401974,230108,1861009,178409,806469,415429,105075
2024-12-03 02:20:00,384810,1008930,370653,114305,527727,218378,3344555,434857,97511,984414,849773,648693,541343,1938594,451438,635331,470330,286952,185926,278378,372450,236030,618098,319072,327886,2032812,232693,962341,347034,68496
2024-12-03 02:25:00,371763,893699,415651,201036,543653,187963,3511166,329023,119605,906101,859444,1136584,636458,1911934,401896,459851,650226,105689,218264,356338,315984,231953,602252,317267,179303,1968849,317625,735189,286994,61122
2024-12-03 02:30:00,505735,843805,314240,91717,621256,102150,3512554,300061,160852,549200,1123267,401902,553794,1578533,411496,668640,548242,55017,217061,464309,260104,220248,650563,313694,195764,1721046,331607,782944,277690,56893
2024-12-03 02:35:00,393898,861322,465066,104447,542577,118532,2342304,285221,158930,953376,1069491,945001,499176,1537000,373595,351364,424252,68295,163456,777363,234876,262918,514852,320129,138881,1513403,226108,643521,244655,54095
2024-12-03 02:40:00,438133,1352312,330059,84384,516913,134021,442254,318521,138073,534139,974960,501708,655634,2422982,760952,452401,534378,62409,154865,385462,213706,188092,450986,292903,82601,1587042,215954,115800,230670,33399
2024-12-03 02:45:00,370757,910713,1248965,36889,455682,113501,382921,283583,152587,649660,771331,246382,624413,1162627,189171,410806,393911,22668,224957,370782,205657,207866,440289,355317,60475,1647138,321372,186948,319501,63128
2024-12-03 02:50:00,487063,758894,1132628,157866,542170,232426,357294,260314,159444,577145,703855,142416,918140,1080703,231556,274844,418209,50507,345343,447880,213249,238934,459755,336285,104788,1546216,184729,156112,234802,69171
2024-12-03 02:55:00,379430,1000640,704049,176485,551627,161648,388924,361946,124730,411099,646921,176295,497880,1193480,314018,263741,345383,114578,338248,412072,182993,196121,430630,259563,114590,1623493,179230,91058,178546,41255
2024-12-03 03:00:00,308693,1337261,855927,92849,3083016,179327,426118,409750,131076,527865,572797,155886,618604,1159161,196112,181678,294685,28445,343998,379674,231299,224626,490500,387771,68619,1871282,162305,69019,197693,45914
2024-12-03 03:05:00,296470,797125,806922,194082,4844111,220845,319200,290112,73898,1142434,719028,142021,421491,1380190,202541,232916,314505,42132,153622,218348,217353,204504,523534,801290,107657,1726875,152537,141322,622829,52692
2024-12-03 03:10:00,289048,962578,1065729,236629,4496669,94186,295124,323045,180088,785341,630380,239501,472891,1095034,248946,208318,236974,120394,132435,354259,960638,336957,518051,314591,111596,1674108,161479,165905,210837,12232
2024-12-03 03:15:00,290062,1810078,1125267,134768,5007618,113954,666997,426177,125564,425543,636501,202777,843224,1433797,238743,301297,292893,29144,383702,245995,1348547,251384,808835,179427,115599,1674776,1146251,129007,353831,49574
2024-12-03 03:20:00,394770,1746040,920901,147746,4737886,105616,501583,479917,72358,502966,665843,144336,366016,1382981,236482,285322,304411,14326,345414,172749,1494653,252293,605255,207796,113816,1689972,165453,163462,268151,55397
2024-12-03 03:25:00,388630,1434149,937386,79399,4360257,120328,321700,258485,114286,407896,645316,135707,631162,1232945,179259,212038,542710,26992,158061,137014,1047159,225843,556179,527338,69562,1863005,225361,113818,132746,104676
2024-12-03 03:30:00,282500,1427875,955505,94603,4419228,86501,330399,197665,143600,944158,430063,191668,647667,1011772,167791,177398,612802,48665,390711,244485,1183371,201430,3056229,572668,63586,1758117,244183,103785,264332,40915
2024-12-03 03:35:00,330818,1310813,1053366,47603,4238919,82071,373726,225791,84758,362404,479690,88965,316930,990017,180290,436499,353021,67912,268574,159960,867930,207772,399540,501716,91751,1618693,259072,133817,235856,73255
2024-12-03 03:40:00,310496,1263994,891214,221322,4259107,105033,599886,236683,97514,358132,374761,120401,829048,825972,234940,298219,321349,54186,169166,185097,270714,228508,424888,558740,67247,1710902,147920,86130,144727,22959
2024-12-03 03:45:00,383437,1271258,843852,31826,4556882,102382,448849,247074,69535,323704,475413,95340,962355,823667,812565,292688,235922,34067,265290,219535,559889,227931,537052,583439,88767,1623592,164549,52602,139122,101179
2024-12-03 03:50:00,224425,1257703,897845,121637,4325641,63555,372199,221370,104238,374842,539637,83444,1116461,839447,349634,215871,297467,33275,191626,238006,535526,203058,544273,572609,77397,1483994,242903,66895,121108,246041
2024-12-03 03:55:00,317759,946826,1314476,64557,4353318,55935,1897107,244677,52272,675105,619950,126866,1038565,900745,211176,200392,247848,38534,150005,133562,347158,254057,451449,516941,50533,1627317,230164,108644,226277,156248
2024-12-03 04:00:00,374855,693266,880166,69694,4418130,51553,355898,331037,56314,311275,501117,152136,941640,927416,139574,274942,265217,93734,109260,269109,1129440,203151,430995,537022,84258,1723497,186248,122287,255661,42901
2024-12-03 04:05:00,350041,560443,844982,51266,4215872,54727,1974296,309800,72867,277862,533099,140118,907888,935890,199089,190786,229243,47522,401702,224905,860061,148969,748535,583558,139884,1773966,118466,142658,170339,66138
2024-12-03 04:10:00,263353,590250,805146,46157,4324870,61250,3881716,265942,379221,321049,574917,147258,945046,952242,219806,356979,258643,14209,92020,226681,190026,211165,484181,531490,83581,1495736,166028,77117,123295,70624
2024-12-03 04:15:00,305080,616275,846689,72326,4314687,62992,3689159,227510,216954,401853,525558,122514,888502,1064266,183714,382362,496652,19327,90560,57108,152104,156821,319373,534710,86838,535210,243671,59667,226088,102011
2024-12-03 04:20:00,362479,763980,871773,250934,4134943,91108,522962,358385,117482,252179,498667,105087,815081,1244266,273798,245375,532000,155529,112569,263301,177279,204652,421272,572015,86297,123060,174640,76971,176975,58212
2024-12-03 04:25:00,376422,832691,854814,239326,4314295,64248,400666,480949,63631,237557,1016220,88945,701993,939597,237592,234083,284469,132064,102071,84072,290643,237663,332356,486083,70811,136695,172614,106466,120547,34223
2024-12-03 04:30:00,299616,726337,558846,123966,4344945,79994,340424,186539,78840,259530,404392,118315,258425,890418,121864,195610,195676,51892,101970,141161,175230,200858,778672,452067,66899,233832,202060,90995,114571,66937
2024-12-03 04:35:00,243315,635180,502395,51966,4272940,70750,1348621,524137,45345,230643,397049,101743,665178,830026,94355,277437,198593,212436,104810,63630,166969,263888,911623,486333,146314,283475,171136,71838,85888,43807
2024-12-03 04:40:00,247497,529048,470377,41495,4250003,39062,1298036,921874,117637,510250,414207,224451,1172676,817712,133707,343747,203254,17587,140107,257378,131641,149438,454877,417045,111014,272441,124080,32352,143932,499222
2024-12-03 04:45:00,228813,1029610,515262,52246,4223277,58536,2988573,354842,44749,224821,294572,203180,595676,950891,159070,216187,147355,58498,150716,189792,556389,125078,433724,482821,106936,248803,96371,47552,143796,653061
2024-12-03 04:50:00,169402,1297110,473533,30046,4518498,66764,380500,196306,67514,542766,271181,231977,297532,877928,95416,150947,172987,47982,225209,209245,109547,158881,440939,639328,126916,242600,227026,51495,128393,27905
2024-12-03 04:55:00,126592,1429602,472996,130251,4494995,75936,1033101,215853,824081,714110,292119,570563,224406,922042,118292,173312,180246,36714,156203,206336,92479,123634,463395,1208282,112854,234737,309095,51658,109974,28573
2024-12-03 05:00:00,173830,1214138,460941,46239,4608000,65376,1006980,291927,43399,494803,368290,126647,293062,915387,152139,143573,80433,21730,152234,324418,84299,226656,513641,491284,114246,441810,313238,53998,144175,586385
2024-12-03 05:05:00,208514,849986,452486,64302,3953281,132699,937973,816344,32909,240349,419710,184558,264986,940189,155188,134157,432115,122279,277648,187772,134444,75889,432646,474572,97447,709657,256630,29914,181768,54793
2024-12-03 05:10:00,363624,1552959,408484,295363,4257059,29411,852758,289092,41324,498102,297556,118721,354800,770048,158059,220461,527275,141234,138348,119510,85616,112356,470916,543781,91375,229590,210138,35276,149398,24450
2024-12-03 05:15:00,311396,1823882,398456,323077,4133460,52255,670197,430851,75090,641793,301176,75383,689527,857911,267181,85711,173097,117484,169731,84301,111504,131827,439388,444114,116406,166350,83986,65193,182000,41806
2024-12-03 05:20:00,315392,593477,425502,531773,4319676,23013,644089,435890,70314,416795,323789,109828,749705,786554,145528,205276,210994,81893,140482,86678,114398,91124,406104,457076,90351,133610,133459,32813,169229,854745
2024-12-03 05:25:00,297000,693173,464241,193476,4100343,50211,539640,328589,42114,216168,384078,76600,732964,697070,330231,164389,522466,47318,111412,183869,136080,2603085,348960,498243,389854,2560161,148023,78639,159330,15324
2024-12-03 05:30:00,167640,849307,368663,194213,4210937,33949,503739,261141,46379,178859,458619,113371,643194,784345,884294,144137,285202,18877,111645,117863,154787,14047309,282557,438907,67691,152368,85858,80106,146138,33080
2024-12-03 05:35:00,431122,876942,203436,190850,4175875,42944,498146,366682,45436,755486,573405,91407,229877,715913,91643,226114,363080,39797,170168,76064,172276,7974718,312001,505278,74406,547314,96144,58550,109372,27300
2024-12-03 05:40:00,607034,576840,127635,208097,4126888,53659,903025,315218,42038,624414,430714,84625,319432,801391,93296,132862,523688,46044,197452,83557,153882,172859,617214,496706,96017,88058,137746,34607,76814,29614
2024-12-03 05:45:00,752123,595527,123565,178070,4335378,78590,873863,230056,35291,798666,484239,96543,470045,739398,136332,114887,279929,27381,190825,66821,130186,132512,317552,494455,78236,180123,90677,38076,108341,39655
2024-12-03 05:50:00,630994,638164,119040,150056,4195133,119708,601842,278702,26659,296881,459089,71534,301725,923776,117632,106077,99360,18079,192667,172910,104416,164593,436313,496466,102551,282582,120917,52244,131248,18224
2024-12-03 05:55:00,242482,599084,92459,94851,4222331,150025,1040265,358323,56241,293738,519777,61292,705960,809422,237720,174034,441001,85495,143090,163134,71168,281061,305346,490600,63998,121719,114835,53777,115651,20264
2024-12-03 06:00:00,213715,975404,78759,179453,4217632,142200,684876,318636,71436,194532,430682,91463,738409,804132,105412,176252,529494,185160,126597,130791,151058,276759,292759,518705,58919,422240,132710,69946,110948,39746
2024-12-03 06:05:00,172013,710362,105652,446426,4120585,105286,900622,312444,66185,288828,412175,78610,969743,865678,114505,171775,197036,31113,200959,125689,224035,197011,204010,454760,66729,148917,108174,62245,111161,57034
2024-12-03 06:10:00,327054,566481,118214,112178,4084265,109393,1098798,582811,77334,320086,422686,63053,902913,1155827,390871,169785,144016,32573,191295,156213,277643,282721,311739,164474,58195,185022,159464,56532,135608,34953
2024-12-03 06:15:00,233889,697525,261763,160668,4282880,148691,679402,652519,97908,464170,526312,98723,893380,941898,358282,213051,498994,48101,215227,172444,160394,151134,234411,166179,46815,142730,126657,95926,144015,47377
2024-12-03 06:20:00,341348,755715,284952,154870,4470008,176582,636860,650888,107023,547640,479571,70928,551587,878504,1462969,249059,334057,184521,295566,172757,262618,215429,200516,168958,50558,187125,147948,152737,156656,65075
2024-12-03 06:25:00,379181,796826,212697,222795,4340576,225051,1505275,615188,149498,485426,770745,116316,293908,840214,1606801,313246,486070,48891,355224,180217,173035,171177,224814,160115,53401,139644,133735,115970,159299,75228
2024-12-03 06:30:00,415700,753852,168986,194288,4329009,153635,1134898,345079,152690,547929,788752,106682,258134,909648,503437,214713,410620,67752,289293,147467,210324,121521,548928,147870,98958,159271,182622,88800,261856,75822
2024-12-03 06:35:00,655966,871207,415996,256171,4332996,333818,1167199,462084,435650,586635,654191,163247,407032,851637,585231,182518,610850,75706,389301,164471,206627,225180,230340,140231,75441,213020,332367,89709,188257,70851
2024-12-03 06:40:00,502844,837494,362145,339045,3025589,137816,600572,442400,841172,435724,1101385,147839,292255,848439,1874349,169952,688334,133231,270593,332279,201037,226410,317772,194630,110607,271534,202452,153449,95427,56231
2024-12-03 06:45:00,469043,926370,203932,299228,936420,317815,762406,527514,310636,414009,1047499,106333,456710,787537,2239826,341153,810853,213657,329588,147717,258313,228045,376758,834754,137455,172220,129857,136940,150380,101621
2024-12-03 06:50:00,502054,1884300,210355,343431,3313573,208808,715632,496088,255653,442782,647456,129823,325674,830208,2216825,253605,772897,145412,311169,222667,213183,205268,303926,624041,113174,247814,181403,165724,326342,108869
2024-12-03 06:55:00,571323,890896,468226,305440,883543,348569,945906,575774,279203,598147,660088,150562,340430,850773,1071996,323809,448995,291634,277910,604960,295359,342070,348251,179474,127385,444279,156245,149062,412072,64082
2024-12-03 07:00:00,669835,898584,460250,428836,1070418,629467,648185,614800,305537,690981,833537,177999,374230,906224,965566,346041,237203,467440,343638,520483,287197,480910,366181,186021,154199,339575,147581,227928,266976,97854
2024-12-03 07:05:00,997730,817816,384092,509394,4623457,400901,985318,924026,331442,718829,1417538,188965,292025,895048,539814,219478,512481,358482,275681,230575,636169,805851,344612,139537,202237,278208,150297,253905,487828,115494
2024-12-03 07:10:00,1163859,1383876,534267,274564,4732304,318591,879350,1152439,293255,460581,1519747,124823,323483,896091,553460,298495,720607,434766,308390,385855,458593,1374387,595528,268891,315714,266914,125803,158780,514945,261878
2024-12-03 07:15:00,932747,1994937,502405,360780,1011852,314869,1002632,833872,365781,727269,1558505,109589,354764,964862,645316,460682,532070,497202,259472,339406,455325,560486,731421,263972,515664,207078,198639,168701,548865,160346
2024-12-03 07:20:00,855764,1852116,584365,558722,1208847,289011,1205211,730774,355793,700686,1732889,115050,437259,1962245,514502,476908,1420123,795941,214352,231572,387146,568863,528980,237392,221448,241096,428580,133693,527208,188112
2024-12-03 07:25:00,1271120,1711503,604766,861337,947737,380543,1449101,640260,402377,866200,1715244,132374,510926,998785,550973,421943,876278,550032,175450,181465,382513,1238959,444250,622613,272354,213358,162828,120460,468108,142342
2024-12-03 07:30:00,2236057,2254502,898052,473261,1310669,488822,1932495,1041170,405070,1061958,1786557,438281,441078,1074137,476317,337711,1171919,488330,188739,193170,304758,641447,394847,252986,191957,266657,180170,423945,426297,324740
2024-12-03 07:35:00,2249409,2635114,699060,933463,1566085,533555,1921669,928767,478010,821448,2762074,227372,402713,1568198,564069,426629,2045494,649912,269807,230401,440042,698228,684359,236822,177345,278482,168836,580906,1024836,256118
2024-12-03 07:40:00,2423008,2480987,816548,490310,561696,1007617,1258950,9744858,594664,1057079,1894384,218282,498083,1930547,339777,972910,908453,546541,315984,326833,388498,601358,969590,276198,337736,280647,221777,480802,912252,111188
2024-12-03 07:45:00,2248035,3341691,1151920,588065,489056,488824,2317466,2836363,513849,964834,1207748,269194,458494,1827822,393854,550375,1094812,873846,366200,318383,492450,597641,1053080,287455,248627,289183,273766,351842,675171,109828
2024-12-03 07:50:00,2257357,3946211,2082918,682079,612396,981436,966199,1580805,484018,1457820,1055747,287090,493988,1799573,554299,514005,807031,727774,470489,362640,853528,529201,577979,267620,263302,375178,195693,308255,719506,182105
2024-12-03 07:55:00,2381626,3830093,2936887,645773,611217,1018634,2090113,2459843,929786,1911451,1062762,837310,360945,2255719,671712,484413,1816903,593299,376818,448076,798681,416995,4465626,333464,287564,528778,503410,435004,431381,198465
2024-12-03 08:00:00,2315598,4137491,4664527,1146260,825182,899299,1584337,1808961,454537,1621781,875863,419536,339274,1959340,187030,521383,984461,653103,293416,813958,560384,440438,3393666,486826,951029,453764,197203,311742,469354,327321
2024-12-03 08:05:00,2388970,3143395,2346155,847709,893028,989285,1659353,1850972,808288,1635703,639126,505692,476576,1449721,153450,479068,1922549,462135,671656,2266867,604270,589725,3341574,359168,590046,456314,322091,1175078,443835,203103
2024-12-03 08:10:00,2521980,2179750,1350204,678930,658106,1021672,1365889,1079976,634998,1331228,907980,534776,498107,1414376,243838,720436,1650557,441200,336970,1286852,1179832,697637,3589938,670171,478228,455899,386512,840633,3095025,804476
2024-12-03 08:15:00,2533083,1302697,1521665,1047452,690496,958685,1336119,812913,714990,1612698,914221,871211,355962,1256077,201222,408696,2197742,1083432,319288,705265,2724665,465867,4324867,1056855,564911,365164,282733,854472,1412224,865272
2024-12-03 08:20:00,2138521,1201704,1629607,1267291,1039573,1195013,1700296,822003,820085,1330917,800518,837744,378057,1076020,195591,413098,2283099,674251,366069,676813,900600,1053132,2095299,681178,414375,517987,318762,1876563,1235397,319234
2024-12-03 08:25:00,2498315,1274276,1520242,940753,624224,1439219,1723508,717698,835085,1771071,675445,664562,400521,2027901,163817,545684,1536003,751002,282746,744907,657165,1232709,1241077,915519,464375,574719,413929,1802834,942372,468187
2024-12-03 08:30:00,2115771,1275104,3192752,1047856,749053,1178201,1392825,1177679,849448,2084607,787466,962985,470841,1143195,382182,695216,1130263,506127,429325,1015039,706234,880652,882994,703678,537554,593983,336235,1327237,961871,285400
2024-12-03 08:35:00,2050364,1034912,1343433,623765,875267,882949,867670,4490054,667452,1745803,629023,1685548,329285,739987,544426,725413,1126428,639645,511843,1083888,788409,713783,804149,806076,1264115,527379,399751,859274,1487379,302729
2024-12-03 08:40:00,1888182,1124231,1710229,1022772,923657,755438,1797561,949276,920883,1904470,725348,1827436,366500,1028861,1003587,869140,1313088,466839,1002903,935230,772512,589892,683084,997387,1119293,824548,520047,731891,1124494,909621
2024-12-03 08:45:00,2601800,954261,1303336,690747,1030020,868110,1605708,1096928,1162226,1606765,678405,1378285,443735,1169832,213299,928022,1358360,807392,1051480,896239,675327,789562,681452,1352504,791430,977044,547169,959467,1367570,479922
2024-12-03 08:50:00,2730232,1187596,1116483,795377,768740,768412,1119926,1233020,1170778,1359782,1332736,804076,593048,895485,281848,559579,1007442,598226,453675,565560,816692,709797,749469,1023005,798142,530473,391118,853010,1409090,492108
2024-12-03 08:55:00,1794472,1320069,1340904,810670,1051948,753551,987168,2499466,667621,1331208,849376,1723818,828531,870946,209347,470711,927950,495069,966969,586197,702030,572661,791715,678369,938953,615883,590621,1200070,1009603,519112
2024-12-03 09:00:00,1759406,1897072,1051798,620880,1187374,724090,841356,852353,719480,1162172,718115,2273288,506534,1151228,186557,730368,1888735,709175,469151,631722,964127,570881,859540,624532,612167,509271,465031,1405438,1515418,404960
2024-12-03 09:05:00,1994477,1766652,1276146,805200,1055254,1050386,853167,880685,708850,1231186,1794978,1893586,347211,906251,156578,462143,1967738,572844,1902822,985891,1942257,464349,920966,750349,919900,1090114,577215,1503198,1238330,572881
2024-12-03 09:10:00,2059779,1329912,1552240,649568,1544041,778744,736281,1155645,703405,1064022,1233036,1970583,318197,1227389,292203,584033,1823238,473859,3319303,794843,1040279,1051524,761282,716522,651391,746157,347871,1288367,1520979,562104
2024-12-03 09:15:00,2126750,1258507,1658771,731804,998096,1083061,972566,1473102,703304,1244899,1577025,1683647,291531,891634,302822,735398,768525,477220,2291419,800401,3075234,1101761,1466926,794447,1076352,679400,679241,1051726,1166542,277185
2024-12-03 09:20:00,2323182,1181115,1297359,696773,949653,1025667,2435855,975969,636853,1331830,1466828,1333601,675384,1041795,112696,919733,914129,583305,1159492,680463,1320400,608310,1097615,843815,699013,541821,467330,2163629,1848659,707977
2024-12-03 09:25:00,2150583,1567070,1505289,687466,912653,982524,1047099,2140513,498737,1065163,1523921,1082467,986415,986670,209403,1208276,1178871,622316,5745723,635360,1823712,598001,1073719,858557,1162744,743567,455311,1199093,1914199,403412
2024-12-03 09:30:00,2276630,1421100,1342880,634771,882500,910544,1512961,1622768,535473,965125,1479072,1220300,570581,1089104,415392,890650,1275858,590832,3943665,967744,1550979,638102,1790888,1154766,604910,890129,468463,1154753,1741415,103985
2024-12-03 09:35:00,2281327,1163148,1721403,1121821,881912,1070007,1721186,929709,512435,1040281,1385125,1117264,506561,612424,542075,665120,1851491,505560,2756464,757554,744015,1026046,1691773,1191839,731948,544821,1173564,1723505,1070972,281246
2024-12-03 09:40:00,2258798,1351492,1320324,1027060,808819,747304,1091474,981197,459055,1703734,1289182,845396,682117,666682,292788,697148,1170266,718223,4692334,808230,675770,1287268,1424985,1127613,909754,545341,629207,1493353,2489428,1855073
2024-12-03 09:45:00,2240724,1472712,1018971,698498,659537,1107950,997310,1511061,685051,1502803,996757,815314,447311,721324,269232,922170,958985,547273,401109,1151404,1072091,1217060,1079318,1589080,1545613,428484,541839,990722,1452229,778557
2024-12-03 09:50:00,2042867,1264026,1360786,840049,1880031,846388,795283,1103407,1078533,1323268,838314,1150259,764781,1102358,599689,912471,1068250,898619,438478,1441872,872157,1614480,916023,1421734,1258389,586376,396027,1295168,2347329,542458
2024-12-03 09:55:00,2054778,1047113,1415315,832359,1280128,1010982,1149499,1722568,1613476,1794183,746613,855552,1070461,683020,386879,658182,1477832,738847,5380228,864890,1302711,1109962,1120779,753891,1743382,404801,710265,1229700,1174176,413439
2024-12-03 10:00:00,2074874,1219847,1510726,1031166,1724395,1011024,1286270,1769708,1607578,1785234,633520,1079998,467911,631474,634145,634596,1084187,838428,1852003,640948,1001551,733196,1306304,975291,1425854,379484,850210,1051027,1592036,623898
2024-12-03 10:05:00,3843880,1148433,1522812,641977,1291197,1412140,1205165,2075866,941283,1616097,730247,1259087,465396,838871,975941,591700,864949,829725,1099303,945193,1271561,1288987,1247739,995556,915249,562052,1468094,1646114,1192584,320842
2024-12-03 10:10:00,3059693,4039324,1518933,1158045,1106937,1144285,1532276,3039218,1513302,1497494,820361,1205689,1584317,1521777,1665711,1049834,991824,565827,2535279,1181546,948168,1267277,1271672,754860,1361377,700650,1087794,2770313,1004158,552382
2024-12-03 10:15:00,1665591,4133757,1769261,755823,970099,1320677,996068,1970139,1372209,1596937,651676,2868571,503539,1804159,1433137,906049,1024300,1583623,2778494,1596070,1069606,1035629,1848418,627429,682512,476688,1358644,3127876,1766287,316347
2024-12-03 10:20:00,1867564,1500796,1606105,845137,967968,1539847,1180635,1891223,1528497,1522870,847906,1090601,448615,1651327,1335856,725508,1512355,711941,2141333,1298886,2584255,1288591,1224919,979559,1549046,577313,1218132,1746871,1778898,398363
2024-12-03 10:25:00,2380181,1366356,1435130,1403298,1452329,1286318,1412140,3883595,799357,1622970,1011316,583015,524106,1696062,1248406,543839,1089310,571542,3168022,587060,2665969,1565683,2192104,815297,1222673,600044,897368,1659115,1495737,409275
2024-12-03 10:30:00,2716734,1858942,1792453,973582,1421213,1253192,1646127,1353859,1439746,1210200,577949,981248,467939,956127,764421,661992,1043183,554245,4008801,1185723,2658862,916137,1858242,750191,556297,509926,977515,1117557,1654062,485136
2024-12-03 10:35:00,2927702,1670035,1543667,1366364,1055471,1042885,1269662,2366829,1195880,1852266,518847,1520136,423136,1078482,1215134,688341,1157575,1573263,2884516,768977,2845069,628187,1452630,896928,769292,550705,1224927,1716805,1709718,448916
2024-12-03 10:40:00,2768745,1715586,1396879,1372530,2105641,1030344,1745411,1684699,667274,1382216,1139705,1643610,778625,1364641,1528752,542788,869963,515744,787711,844705,2184548,807674,2343491,796057,928956,735907,1128200,1508438,1856633,686532
2024-12-03 10:45:00,2284150,1653748,1532033,1537117,1761243,899460,1099239,1242372,837473,1366252,734460,1288801,840719,1468291,1205933,823882,988623,655311,1755987,1871402,2385640,690394,1533270,1004276,989362,527551,404691,2259362,2244836,1030489
2024-12-03 10:50:00,2744599,2203547,1437201,894936,1381317,904494,1464036,1072642,2447342,1013569,682572,873429,477017,1579771,1181903,1086935,998543,782162,2629792,1830571,2398760,742389,1829199,803204,689377,637393,938228,2205698,2066174,487019
2024-12-03 10:55:00,2690792,2774325,1492986,983621,2071507,868431,1016662,844861,1228059,1198495,961008,736847,489637,2025939,1288729,667415,937050,471947,2286805,1333647,1804323,543429,1336295,691872,1116972,1166284,691445,1915004,1639906,357982
2024-12-03 11:00:00,2737326,2560692,1368818,927872,1260554,798262,2165668,798658,1576901,1271047,853971,932252,479598,1684440,908257,847357,1146298,710215,1419342,1172809,1237200,595306,1261044,758530,1050539,1231980,445612,1029703,1504271,244371
2024-12-03 11:05:00,4023040,2853623,1246318,942461,1456200,1428509,1570938,987186,1356450,1568321,786013,817836,826114,1947590,1049351,620584,1333122,553523,2143547,1081032,2026230,983325,1115064,924112,1308433,620225,746446,1681498,1091393,348837
2024-12-03 11:10:00,3338741,4410456,1355270,983755,1574614,1056592,1427586,1837938,1550195,1356053,915117,991714,466582,2019630,993801,502691,941634,746170,607444,1276042,3406103,936261,1345792,1234247,1290425,519733,687566,2054942,833087,911059
2024-12-03 11:15:00,3498919,2621501,1339962,1063714,1999189,957925,1635553,1703375,1237734,1484551,1287297,1192103,659680,1840548,796567,703230,1276164,776523,1818621,1248025,2497963,525258,1637763,893434,1731586,1031969,511475,1848124,1159439,791335
2024-12-03 11:20:00,4358487,2335915,1417320,1010732,2417375,1012112,1785085,2096625,1199787,1740149,1091724,910751,1103320,1277831,945632,1001506,1520477,910135,1745076,1692511,2921310,568139,1348617,746278,1556572,1447976,539120,1190210,1206658,492096
2024-12-03 11:25:00,3714453,3835322,1425550,1500734,2092606,1114068,2878571,1966301,1180196,2048154,1130688,783124,798513,1269548,1255211,1114803,1479459,841435,1831536,760741,2543863,433098,6078810,1039933,967003,1090855,649038,1321934,1282284,659385
2024-12-03 11:30:00,2853460,3629870,2074222,1109774,2238771,1070354,1150204,2705215,1211630,2119642,700992,873765,671246,1871064,959356,3475359,1006711,881889,1252585,1085345,2986909,508002,1692985,1270617,768858,713913,705686,1070528,3294911,866008
2024-12-03 11:35:00,2727965,3740107,1576851,789495,2853675,1294799,1226040,2204393,1233170,1990193,766810,771368,606331,2649119,862701,1644371,1534012,550345,876685,870832,2783225,925908,2994185,1072285,1076160,834827,1588053,1101916,1363242,771435
2024-12-03 11:40:00,3635564,3224248,1608874,906397,3184181,1405512,1542111,1356172,1336507,2183161,1001936,784129,534416,2274524,1503340,965878,1967033,932713,1535033,1650485,3024026,562288,2854988,1720523,1324458,725394,895243,1195340,1442943,696825
2024-12-03 11:45:00,3967762,2963436,1793146,787457,2380646,1183058,2758153,1484521,1087371,1502790,1080987,1433940,667180,2596125,543713,1486497,1263432,883283,1311436,1870104,2765294,1120012,2647774,1846791,666324,616617,1010833,1231726,1878862,628714
2024-12-03 11:50:00,3198259,1445038,2084912,1303981,2883927,1159448,1323853,1799538,1783588,1896260,1859390,927405,536716,2466654,491575,1249909,1421415,1565731,2077962,1478107,2402136,870125,2240680,1931052,643562,618716,1037729,1467084,1795002,1015640
2024-12-03 11:55:00,4029504,2100752,2765933,872389,3023492,1029816,1235607,1227576,1412267,2271601,1383065,1250845,400202,1289217,698988,1527809,1554949,831544,2669351,1182935,2527654,584483,2262799,1394333,654131,524129,1478800,1282740,1300922,356527
2024-12-03 12:00:00,2877110,2395691,2614791,1217486,1698693,1181718,1461297,1545305,1811727,1696359,1387596,1032713,417950,1429461,1436905,1148508,1663102,1225261,2519682,1161815,2772591,864420,2110846,1215852,1068194,701665,1273957,1255179,1054927,484838
2024-12-03 12:05:00,3601472,2567502,3345732,1414502,1605319,2453373,2008256,2269784,1675950,1325985,2296925,1160987,1121285,1297152,622689,996535,1884669,1047018,3166932,1445259,1961240,608865,2019422,1276326,878092,794647,988512,1109029,1208485,1129725
2024-12-03 12:10:00,3824866,2134864,1950837,1431423,1550687,2243869,1328148,2187703,1609212,1922077,1908482,1273086,645317,1482577,548405,784348,1455873,1052867,3280166,1378042,2787162,880419,2933053,1352294,846150,702319,1527271,1432573,1783526,763004
2024-12-03 12:15:00,3589552,1845365,1463746,1000019,1510455,2334333,1781628,2102490,1960841,1496949,2126248,1403606,564429,1946572,742865,854392,2339894,1280417,2078237,688324,2860680,1416994,2203266,1283772,1037204,1236274,1505350,1297885,1903990,544626
2024-12-03 12:20:00,3482995,1937852,992086,1277069,2059143,2356018,1932480,3835731,2510049,1206770,2922049,990561,596311,2388029,845591,1095897,2092738,561009,2868055,1067566,2275203,1457810,1736282,1415182,1331997,1398106,1121837,1519660,1601013,1256705
2024-12-03 12:25:00,3156155,2768956,972822,2199780,1624401,1806225,2085626,2327220,2994181,1252914,2830836,838386,442935,1600734,969129,954846,1818206,643115,1822383,1042972,1354115,1446621,2318885,1748442,1355977,1410489,1182413,2386079,1223595,791594
2024-12-03 12:30:00,3139973,3181716,1159139,1442214,1466427,1333495,2255803,2418009,1696938,1391562,3985036,1132167,481906,2099725,2198999,585673,1806384,600256,1504680,1107911,1761025,1756561,2155117,1512887,891686,1117843,1006149,2602646,1144305,524626
2024-12-03 12:35:00,2291358,2012675,1425537,2320676,1275101,1755397,2366227,2074871,1344876,1802869,3078854,833242,393179,2393419,1628911,679825,1760268,672645,947956,998377,2467259,1720517,1887928,1576350,649050,1410145,1065509,1658918,1667734,946773
2024-12-03 12:40:00,2456605,1692151,1227425,2048611,1924560,2789813,2295974,2079744,2383532,1671738,2317431,1255453,507490,2041343,1243084,1107532,2093251,1025471,1096537,920077,1226641,1554090,3076208,2160121,1022689,1485686,1628983,1716117,2230698,686182
2024-12-03 12:45:00,2789677,2053438,899854,1795409,1802474,1924820,1356758,1901073,2935305,1661379,2326006,2239877,452660,2029443,1514037,724652,1845019,735788,1213991,1003263,2315280,1460817,2995304,2891736,906385,1058887,2670256,1381451,1328074,1214736
2024-12-03 12:50:00,3231399,2300864,1102626,1265727,1768436,1062076,1259895,1708728,1452561,1430748,2373209,1781681,613026,2335454,920971,665740,2397167,2315188,760920,876365,2289815,1172851,2613000,1941427,943667,910409,1344364,1435458,1635578,817853
2024-12-03 12:55:00,2733707,2850294,917110,1151769,1411865,1066456,1428066,1598161,2364153,1494280,2584042,1161514,698173,1725897,1177268,787194,1805839,1056185,1493734,816218,1832176,701296,2231271,1870873,5277787,2696862,1429831,2530287,1134353,1603346
2024-12-03 13:00:00,2472373,2209851,863565,1082372,2127136,1702236,2223762,1358163,1601152,1503109,2897094,1060349,698704,1952212,1109072,716194,1667853,699901,1528756,697049,3202155,1184139,2700888,2751269,1417182,1190182,1325858,2182779,1709008,474102
2024-12-03 13:05:00,2466192,2474016,965134,1032205,2736591,1719511,1938212,1606235,1078358,1233167,2063959,963425,502459,2087358,1084313,1243825,1508755,1110122,1010229,1111550,2913723,885591,3001664,1897943,727235,896580,1964874,1594184,1880930,415285
2024-12-03 13:10:00,2587737,3417866,769158,915920,2251050,1983728,1445467,1298609,1025102,1403789,1646541,1934556,559438,1443016,1297634,1002692,1403647,1157285,1503003,731745,3087080,1529034,8357451,2052672,1729155,780270,1278370,1088729,1275995,525556
2024-12-03 13:15:00,2182853,2187099,1300601,1191453,2421280,909050,1331144,1438244,1182174,1617651,1490000,2168183,914551,1735108,1513193,1132379,1333166,832161,892499,2074679,2370728,1523286,10380309,2119459,689423,1154946,1176294,872672,1734100,653228
2024-12-03 13:20:00,2636499,2276618,821765,1393135,1595838,1078070,1374992,1247917,1147179,1307263,2301295,2323192,1609570,1890589,1196469,949629,1213718,834559,1872125,1805639,2669632,1293430,5117589,2402812,928090,957008,1071772,1297072,1729543,494945
2024-12-03 13:25:00,3258554,3163620,986212,1333226,962171,837996,1847900,1176524,1454441,1573968,2001562,1456777,1609750,1438014,823363,662842,1822175,544536,2029815,1107440,2714431,1320119,5898872,1348077,753651,887284,1257482,1910402,939619,753616
2024-12-03 13:30:00,2690724,3451377,1114925,791520,1415000,720731,1379374,3070965,1118113,1061893,2245984,1330432,790743,1464645,1163954,892234,1463417,1007942,8179782,802930,2887325,1113930,5955351,1103122,1061182,1145485,574941,1657747,962115,693876
2024-12-03 13:35:00,2599688,3670808,672939,1487443,738483,703789,853423,4197627,1289429,1226667,1769786,745987,1093775,1501988,1922875,886542,1607920,477318,1784737,1075722,1896191,881033,6749371,1143953,1042338,683846,489280,1665076,1375606,812597
2024-12-03 13:40:00,3123918,2775911,1544053,1234518,836607,1032627,1799152,4752610,1616732,1436573,1497446,1130705,1221681,1343169,1375403,882779,1488099,697903,5394444,902747,2161587,747855,4070152,1639114,1194688,688646,603158,1844987,1076201,452281
2024-12-03 13:45:00,3123677,2767626,2723204,1086824,972003,904879,1317026,1321456,1508470,1843092,1651431,763036,1878236,1288207,791456,823605,997000,636752,769408,1220072,2116470,721161,2539142,1661903,1458010,643653,734860,1417346,1782552,474064
2024-12-03 13:50:00,2528634,2353961,1994730,752019,884044,936578,1172027,1370108,1847212,1636083,1126105,1003207,1649783,1047398,1088490,1379193,1334511,538862,989758,671452,2502143,764157,1921079,1190852,1078512,659265,601256,1300349,1155728,943647
2024-12-03 13:55:00,2749564,3115788,1671899,657741,1438277,1131418,867956,1858336,1552626,1504080,881159,1147948,1721981,1176605,1148597,763602,1587663,688639,898240,655914,2786388,725738,1338011,1391805,1391613,528892,626175,1208422,1211929,503823
2024-12-03 14:00:00,4076926,3145166,2175395,656065,3910111,1206775,1528524,1868816,1566169,1772745,681444,1170914,1546285,1142322,543390,927566,1039386,1184509,1161622,1365950,1418028,885556,1851552,1254841,1440133,664315,695011,977860,1574156,577180
2024-12-03 14:05:00,2845328,1955751,2048208,843243,1073557,965205,1116267,1493580,1177282,1157805,691859,1171651,1633184,1060909,599644,883165,1158097,1185335,1337117,1838662,750937,745965,2162282,1641496,747515,1547536,947447,827444,1509279,511304
2024-12-03 14:10:00,2614798,2950008,1262739,2606458,870788,875152,784342,1129663,1548099,1384512,727200,880853,909319,1594857,901586,813781,996325,1482644,1473590,1756899,946180,678480,3783366,1134162,747160,478020,798678,1146009,1355507,549013
2024-12-03 14:15:00,2533832,2173209,1541930,1048168,1117672,852217,1268129,1291350,1570981,1572985,798173,762454,761971,2314823,1081726,884341,1162151,762352,1005965,1882884,1418190,553743,2888070,1142982,885283,764894,623608,990210,1272806,797224
2024-12-03 14:20:00,2495810,2857720,1592885,1053840,1222804,943242,2127455,1110881,1273925,1584085,646082,1173560,564727,1157521,821656,715431,1211319,579670,642793,994261,2434439,458893,3001271,1601133,556512,766952,469805,1020956,1246732,681202
2024-12-03 14:25:00,2244910,3110304,1119707,1108006,1035619,934729,1427211,1018574,1230243,1900662,640352,1016851,731282,1392873,1060911,1187174,1119002,986104,765581,883274,5450833,536398,1745346,1706856,769053,613760,1851867,1353843,1273638,552980
2024-12-03 14:30:00,2166112,2927676,1292579,1097730,1248618,1247421,1661596,1146581,2013140,1427697,793916,933934,525079,1200915,1209187,766767,1425726,1239530,606233,801392,2622328,892259,1170788,1349987,964142,574349,550885,1327125,1332352,406573
2024-12-03 14:35:00,2644106,3841732,1155171,702505,977799,1012630,1080245,1632017,3551303,1327051,660258,1056186,482484,1537450,1250352,739544,1738780,1485404,981294,948092,1325295,602017,1374631,1114662,717969,561886,983457,1867251,3581386,496808
2024-12-03 14:40:00,3362181,5740894,1129685,718746,1077211,1073861,1226884,941777,6924612,1303690,782530,1369722,564019,1610205,1265490,1131857,1252284,823526,833001,752472,1157113,499929,2591392,1388946,1134648,1126426,592362,1432225,5173774,509359
2024-12-03 14:45:00,2208680,2630895,1369626,1125949,1712539,1329898,1723584,946762,1445513,1382115,817903,969485,575057,2184616,1654091,1027596,2184529,1317530,1154187,889096,1074194,591037,1390305,1066914,722825,1459213,1242098,1458035,1949897,565130
2024-12-03 14:50:00,2257978,2112380,1430007,769524,1642166,806448,1045834,882796,1211688,1208782,741160,1057193,517767,1556738,1883053,847775,1692170,1003266,520422,836847,1516153,863832,2334917,1186894,602024,1072929,945733,1672736,2246092,915037
2024-12-03 14:55:00,3041926,1962414,1697509,941934,1404768,788804,2149924,1089447,1468872,1717408,1302187,1149221,443901,1552319,1525968,781504,1331933,764938,502498,1011005,1491082,838070,3255203,1759461,1576365,997069,547105,2220334,993956,401443
2024-12-03 15:00:00,2878553,1876659,1319911,844022,1465345,1015858,1056622,1630685,1764123,1340853,716388,1022178,711134,1677240,1298836,1071263,1644058,1079879,655288,1437207,1193062,659004,2823333,1758251,1545954,2269294,974330,1747042,1183233,477132
2024-12-03 15:05:00,2461915,1713169,1478691,1029988,1093711,1240502,960605,1480231,1479187,1643402,741536,749397,544983,1653500,1292053,799628,2111143,920406,614375,1398573,1374754,773642,8176246,1083070,885905,771009,1114446,1547872,809589,290726
2024-12-03 15:10:00,2777978,1917284,1580416,1001250,935781,1192576,1106815,1888100,1673247,1300981,837179,886507,565659,1630525,1658684,793033,2003522,717412,557219,1831223,1880075,1018735,1990774,1184496,977535,686274,1257392,1523402,1581893,399540
2024-12-03 15:15:00,3891786,2205498,1556350,974661,1188914,1469086,2011213,1097192,1375410,1284814,743814,926684,608932,1182161,1392529,1054151,1441559,689170,567120,708964,1689569,1414577,1842547,1765645,733970,846818,1282533,1623161,952417,589160
2024-12-03 15:20:00,3154927,1653769,2085339,1335074,1297563,1048035,1562934,1504609,2592133,1498640,678845,785192,870326,981470,1492720,931679,1031199,898603,1104064,1632902,2385965,1452887,1111050,1254839,2025790,1031033,1211716,1287925,897747,381263
2024-12-03 15:25:00,3576005,2153138,3420648,926947,1528526,1749087,1633120,1197842,1032428,1282917,702360,1166162,794821,1855380,1147740,1591592,1193968,581416,1089280,1315335,2195248,540193,2537000,1903906,975592,814342,903770,1333837,1385775,837211
2024-12-03 15:30:00,2859262,1757819,3424473,1139218,1187196,1384604,2728872,901498,1275241,1274711,687004,813306,770324,1532828,872329,1236396,1380959,889937,1355752,760970,1332056,599374,1757376,1878587,1384583,745354,587378,1138332,1173006,492132
2024-12-03 15:35:00,2685256,1393671,3993404,1161228,1037514,1184022,1710677,913934,794428,1647412,896814,812450,730942,1218643,1218508,936417,998415,905533,1392390,1220326,2293678,777083,1657152,1357857,1433055,948216,814260,1403991,2339127,683452
2024-12-03 15:40:00,2142402,2251750,7908069,756523,875924,1034665,1955043,1152365,882322,1843104,981787,992784,616979,1443422,1697887,882251,1015252,896008,1160260,1545475,1291407,874273,1285843,1148140,1399329,1856761,1316850,3394368,1246415,705709
2024-12-03 15:45:00,2754191,2587805,2192040,1195760,966874,1254444,1061064,1167548,1062458,1684705,1205464,1191990,577441,1433958,1448694,1191762,1104789,550052,2596472,1046974,1326551,1160600,1753881,1782631,2681754,1357112,983622,1781694,1499006,446925
2024-12-03 15:50:00,2329523,2073234,1560257,886599,981376,1325383,932064,1433366,655442,1547014,1009559,929946,527542,1207456,1461373,1698497,1411141,1115482,1269405,815014,2155850,537333,1615499,1692836,1360878,915586,397840,1388121,2320169,1413967
2024-12-03 15:55:00,2410021,1701725,1984804,1019096,822213,1493010,1398533,1297854,833927,1844209,1031244,673355,570922,1484402,1449144,1642935,1559933,500640,1494261,1188866,1760310,591303,2673501,1990560,628479,849459,1135250,1088378,2187831,749385
2024-12-03 16:00:00,2746607,1847846,2500912,917304,7906180,1066078,1895426,1390351,732348,1743682,1026010,1327596,642480,1462054,1425633,1584289,2200271,1017047,1405052,1097753,2299175,690336,1473465,1660323,784099,1624410,1553658,2043699,1915592,1681821
2024-12-03 16:05:00,2540632,2116022,2035118,921836,8454322,1635919,2038368,2840137,1479451,1607000,1102091,1709767,1153019,1503786,1799962,1541447,1488560,683633,1430708,1181482,1745145,416506,1648052,1630665,540961,1685296,873305,1680227,2177846,732525
2024-12-03 16:10:00,2547622,2434454,2548685,1333983,8751457,1348021,2011966,2252977,1449385,1371042,1433877,1323223,587409,1444128,1353191,1047421,1897843,495797,1397734,1290140,2124876,512740,5891673,1448891,652141,1768632,510168,1074304,1448594,583416
2024-12-03 16:15:00,2225290,2459866,1677386,834670,3863177,1853998,1616142,1663460,1924734,1565341,2580267,1331254,1104329,1335322,987075,1544928,2225655,980038,1025727,1446552,2364440,627182,3119880,2603400,834250,1516048,476617,1704072,1715860,493573
2024-12-03 16:20:00,2863745,2692923,1157831,995778,2876506,2119125,1277889,1503280,1974483,2703741,1473612,1174375,1097544,1718927,2044923,930492,1953312,1008589,888316,1634066,2718069,887383,7114520,3154903,768509,1296304,990521,1994708,3788251,516719
2024-12-03 16:25:00,2324781,2442314,1193817,1909255,7455883,2175192,1898346,1293844,1404743,1965892,1793306,1179569,1167511,1246319,1529816,1340700,1589640,580579,1017538,1594875,2189924,498021,4511823,1261980,1897849,846754,1028300,4455611,4304486,556645
2024-12-03 16:30:00,3103338,2590988,998035,1199474,4747029,1924584,2296839,1673771,1356899,1979232,2402911,800819,648546,1309633,780245,863812,1717317,1325929,571427,1403812,2525873,674728,3363594,1325778,1691531,3634943,1233780,1459425,4902831,418466
2024-12-03 16:35:00,3985554,3408039,998529,1013030,4137677,2068321,2086033,1494187,1344633,1476437,2295754,939772,643808,2923485,1003300,708455,1899294,723827,883488,1927126,2368864,845596,1892155,2157477,997657,1192227,1038015,1131841,1626065,655707
2024-12-03 16:40:00,4044608,2957197,1057813,823852,3371162,1943184,2410544,819181,909143,1492173,1789182,760058,660834,1713753,1487587,675529,1974746,659449,1044362,1690648,3900560,816361,1932820,1914309,1438171,1217816,384634,1652089,2371878,966852
2024-12-03 16:45:00,3471486,2174624,1232427,1247873,3094716,1385767,2396561,982704,938555,1412950,1272406,980785,1010716,2564816,2472368,805234,2092505,675084,992829,2624257,4090000,1235181,1906368,1032538,1274370,1087165,422765,907252,1610579,1182355
2024-12-03 16:50:00,4264578,1967276,1137781,952739,4995728,1431980,3076752,1022643,896970,1895954,2430030,1013910,716294,1944005,1677347,681675,1826617,640980,529941,1787470,3566778,704808,1924203,1362967,1114511,739181,462058,1180524,1193558,1350495
2024-12-03 16:55:00,3865565,2703860,1061156,1360113,2569035,1200181,2787227,1268061,1275049,1787675,1317386,902929,468767,1327210,1096913,805242,1825033,816639,525298,967220,1613002,669011,1648111,1548137,862504,875563,793630,1075691,1682531,2147470
2024-12-03 17:00:00,3140454,3007752,1058180,1265493,5043750,1336089,2616121,1905347,1019941,1891170,1469615,1024459,600906,1730553,2072274,1189262,2251515,682590,1077546,1014411,1355462,783611,1443619,1741691,1037331,1561630,800322,1175182,1762715,956893
2024-12-03 17:05:00,2442536,4436877,1361068,933776,2764543,1022395,2246407,1210769,802023,1718689,1141694,1392411,767786,1810486,1498680,1364435,2433631,883870,1304581,1567957,2081238,1134267,2174674,1341111,1247900,570271,974121,1061507,1080715,1522687
2024-12-03 17:10:00,2433788,4155414,1320160,1077530,1791896,1048203,3550721,1762304,1124835,1175292,2161262,1248232,816990,1670307,872729,1260939,1854849,956951,1339572,2189275,1708005,711462,2166334,1371530,911437,637452,867296,1138404,2012481,685675
2024-12-03 17:15:00,2885081,4820234,1382861,1058746,4696598,997751,2244347,1976890,832693,1338788,2583516,942278,557647,1602496,1576470,1216884,1552018,1134439,4950441,1531975,1542071,861617,3601320,1235594,1380137,1177015,998644,1254280,1307090,665505
2024-12-03 17:20:00,2181388,4651411,1349532,1475227,6243842,899423,2091506,2131112,2073265,1823561,1671911,710112,602782,1088472,1711106,1368395,2542795,732669,1478621,2032769,1274666,738534,2880518,1255156,1120567,682288,537481,1093321,1628392,521949
2024-12-03 17:25:00,2586375,5049911,1150292,1831865,2826034,1157434,1668374,1854264,1934795,1474496,1697841,868928,736253,1117527,1731306,1608982,3383334,1332344,2734729,1554227,1277249,1127270,4037203,1634351,1154156,670816,715760,1208914,2151028,1445882
2024-12-03 17:30:00,3252251,6327679,1922957,1357456,2796095,1045473,1959496,1773474,1379380,1298570,2297965,1572468,559700,1337942,1482476,1524443,2219040,2058379,2570930,1472305,2089171,1793663,3541422,2334378,842690,1165602,1825411,1905048,1864222,806756
2024-12-03 17:35:00,3062137,5291822,1387247,1424492,3147343,997041,2112598,1941885,1384563,1131626,2867490,1654528,1462785,1482851,1321400,1108520,2360535,1163010,1072773,981177,2225909,1735720,2480870,2536034,698419,762436,607438,1814961,2788684,649055
2024-12-03 17:40:00,3308391,5399965,2090258,1476684,5754172,1472510,2638262,2009036,1378202,1510131,1516468,882693,1652106,1567532,1112770,997982,2290225,610587,925346,1413063,2741513,1160451,2052641,1312769,1240430,714768,500191,1163347,4241096,658762
2024-12-03 17:45:00,2317039,4535450,1776528,1164555,8128079,1659030,2471182,2291125,1594151,1301157,2251631,1215954,1056241,1942688,1409619,1044230,2413745,743977,696743,1638497,2382209,686477,2653134,939976,1308131,850387,724309,3528949,1893123,1055263
2024-12-03 17:50:00,2878155,4306423,1589472,1360023,3111831,1521488,1857436,2877040,1044832,1801710,3119487,1195065,921744,2223206,833134,1025406,3179636,899714,714219,2030441,3186515,734452,2243934,1104404,2854697,1528697,2028494,2147553,3319196,687463
2024-12-03 17:55:00,3882831,3361609,1592813,957773,1037125,1536119,3097002,2608522,1244447,1558680,2416635,971264,786775,1996946,1295403,920984,2622374,1119340,1257543,2254172,1642109,887117,1647777,1291320,1669336,1143292,1904628,957118,1218868,545692
2024-12-03 18:00:00,4563266,3752349,1422899,676211,1321973,1125224,5559260,2020909,1483264,1270552,2293188,1219100,596779,1810286,1393947,753265,2483546,930939,5738433,2885345,1872822,1271762,1590967,1236682,933019,549873,1932970,789029,1257210,748040
2024-12-03 18:05:00,4375312,2814912,1047880,1496960,1726484,1247161,3154355,2179090,941258,1563610,2779134,1708668,864888,2644624,2163376,919908,2327510,1102244,3217282,2471274,3122261,1470903,1749951,1349263,1526933,1313906,1948048,969897,1234499,1129664
2024-12-03 18:10:00,3906183,3475520,1313710,1169457,1973748,822644,2144176,2475671,1371041,1471488,2488435,1314703,1426013,3161588,1698998,1383900,2801059,1328211,1563664,2636335,2007345,1280352,2756283,2066455,1280011,1408662,1379931,1445765,1922108,952067
2024-12-03 18:15:00,3308207,3042347,809853,1403700,1185743,1037853,2564442,2716222,1411429,1600399,3168218,1911697,1616709,3618697,1440790,966084,1894144,1223120,859089,1961985,2022194,971169,8075905,2768982,973330,1142209,1204740,741574,3080384,1336621
2024-12-03 18:20:00,3329289,3094047,1087080,1029322,2585599,1333228,1563253,2100232,1727437,2060234,3383343,1955801,1037469,3859501,2366383,1258494,2516841,1382560,1240887,1399423,1704372,1070941,1603224,1833305,809685,1809897,621351,688044,2977989,1909464
2024-12-03 18:25:00,3152945,3031177,1279695,999460,2643211,1210031,1461623,2130330,2208868,2049324,3039442,1175401,1493208,2815777,2585564,1427715,2797075,1023736,858469,2185056,1346028,1160695,1564576,1008411,1371938,1921242,1006460,846742,1675133,1476186
2024-12-03 18:30:00,2664824,3745926,1048350,1083201,2072335,2370174,1919576,2022486,2230205,1769225,2802187,1505986,1076012,2586665,2135749,1180334,2532203,1560262,948895,2349636,2162500,1397115,1956035,1971596,1400210,2389125,906292,847876,1504653,1394810
2024-12-03 18:35:00,2582285,3675272,1241937,1440015,2039138,1800248,2445905,2162489,2933756,1533702,3290755,1374009,913002,1855557,2045050,870096,2179600,959677,2184229,1690007,1874837,1479336,2283109,2529224,1265669,2436235,1391020,836811,2570124,1331057
2024-12-03 18:40:00,3623920,3368807,1518736,1530885,2261652,1839512,1552768,1079430,7766638,1681483,3897419,1496039,1270017,3678734,2966478,1402266,1909868,1408537,1135325,1984349,1827498,1297328,2173024,2749072,1060676,1885483,1822441,582505,2208914,1021155
2024-12-03 18:45:00,4062977,2756107,1328469,1880285,2292370,1806633,2277564,2049384,8546296,1778012,3228392,1035764,1096670,2832455,2232334,1386558,1861128,1128017,1339177,1557613,2837613,1438391,2571629,2151503,1937202,1881109,1464149,458745,2314418,1031446
2024-12-03 18:50:00,3140539,2908264,1601062,1829413,1741551,1428257,2241431,1833201,2932537,1887742,1994017,1364472,1067136,2849455,1751797,1122685,2051722,1292471,1234734,1356771,1749132,2048733,3003443,2060765,1553838,1713620,1232109,379524,2576406,1226109
2024-12-03 18:55:00,3244964,2442846,1547830,1631679,1461444,1954517,2189403,2845033,4267686,1213825,2033988,893280,1611835,2467630,1459497,843109,1982738,1120859,759796,1620332,1464140,1990898,2274284,1935598,2519983,3489539,790706,556694,2642189,819088
2024-12-03 19:00:00,3185392,2473891,1586688,787579,1207858,1779312,1936857,2353831,6187685,1293646,2078381,871406,2043047,2588804,1457295,1084867,1923490,878341,737742,2035246,1570295,1735242,3265746,3235641,1651189,1368620,791688,537005,2304016,1289884
2024-12-03 19:05:00,3487263,2500205,2102590,1033630,2715725,1809730,2212341,1893726,2228954,1552084,2372054,1092801,2028698,3004545,1654493,1043012,2308957,562920,1463775,1878268,1290697,1511231,3320124,1383015,1727663,1720422,761199,1294316,2148773,1314681
2024-12-03 19:10:00,3323899,3345826,1722494,1225212,2001464,1604481,2215773,1541517,894175,1516722,1705479,1457113,2036709,2871377,1146072,831377,2077654,1639163,1687722,2278872,1527930,1677741,5149811,1265679,1219903,1669248,1468108,755145,2442593,1019750
2024-12-03 19:15:00,3944706,2609714,1268786,1455246,1872133,1307423,3402334,1715104,980068,1315825,1654038,1038487,1581869,4408766,1233890,1229644,2902371,1645712,1380819,2449992,2052221,1612266,3874257,1257699,1107534,1663286,1850837,809455,1543132,912820
2024-12-03 19:20:00,4108550,2916572,1135504,2061543,2781990,1496640,2571868,1307348,1128750,1416215,1767845,1858398,1492993,3825499,854836,1303345,3478369,1395722,1027846,2055801,2090081,2349230,3941063,759338,960572,1648177,1688229,802763,1444564,1247657
2024-12-03 19:25:00,3229500,2785271,1241053,1016593,2235279,2382090,3060743,1280587,1611018,1354655,1126813,1134260,1574712,2546108,1053288,784882,2929998,768873,1339827,1216475,1425731,2234736,3085158,1016986,1587247,2024984,2003228,818869,1697731,2264177
2024-12-03 19:30:00,2868338,2611349,1439628,1235891,2390361,1727279,2988230,1287866,1745195,1863998,1837878,1019448,1008551,3081298,864313,749018,3973077,702501,927047,930871,2372975,2127402,3349451,832645,1202044,2005913,2518767,675097,1512722,3138158
2024-12-03 19:35:00,2737932,3893075,1526785,3230609,2732473,2089375,2476470,1017015,1524741,1580932,1629999,1503150,1746377,3423090,1153716,1168206,3118795,1479677,893264,1948909,2203496,1624312,3437309,1334198,854953,2135090,2333749,747643,1907388,763700
2024-12-03 19:40:00,2860702,3486319,1464441,1998274,2193886,2148189,3532152,839313,1098776,1200320,1441448,1537545,1812440,3323801,1054743,1225837,1930403,661699,958754,2090196,1650702,1772758,4338789,2399878,1347844,2471857,1616915,567209,1942453,916185
2024-12-03 19:45:00,2949765,3907485,1330105,1242329,2145828,1804783,2600141,2479107,1081162,1372117,1414505,1033371,1959768,3581108,1008923,1479773,2380541,764647,654949,2954141,1828961,1255493,4020137,2155256,1764807,1635216,1259573,732129,1423956,906689
2024-12-03 19:50:00,3323081,3072468,2396101,950892,3195482,1324224,3440092,1754435,945145,1479440,1991625,1066507,1718832,4224992,903515,1581177,3037120,1289789,766638,2884328,1075606,1381016,3454817,2632346,2206058,2097463,1210380,587872,2075385,1033645
2024-12-03 19:55:00,3364593,2853393,1881198,4174724,3272358,1055273,3859379,2851061,936172,1583254,2230096,1532632,1849239,5408346,1456191,1085284,1958603,1194552,790242,2218515,1293949,1470382,2577282,1813310,1715208,1797964,1198535,1220417,3098369,766468
2024-12-03 20:00:00,3499369,2551404,1877739,1233428,3228367,1223271,3000889,2606726,1121751,1306043,2184134,1335326,1887119,4871771,1548726,1182085,2257219,491330,855659,2127280,1897948,2390538,2383823,1671227,1297210,1917488,1296140,1394001,2549665,1114709
2024-12-03 20:05:00,3859596,2696933,1456011,1001332,3290473,1565101,2765510,1815605,1249799,1473559,2245818,1625882,1932980,3947744,1866352,1388073,2311253,814067,1256060,2159553,1421533,2252072,2447667,1144965,1809147,1628284,1264615,1836432,2240172,1297549
2024-12-03 20:10:00,4293717,2641195,1424503,1482646,3590194,1531927,2368937,1010853,856324,1195805,2174032,1074072,2003469,4112801,1483365,1355387,2558601,991637,807745,1920825,1040703,1775573,2730998,1360044,1113293,2538581,1173293,1118760,2264539,787609
2024-12-03 20:15:00,4193049,3652234,1498375,2491757,3229068,1904735,2422560,1942712,864828,1472690,2061527,1262539,1829841,3991678,1430746,1840191,2208975,945879,688732,1360340,912478,2078518,2871524,1163133,805368,2602230,1234744,973044,2596257,1088126
2024-12-03 20:20:00,4885439,4129989,1838187,2337028,2996601,1386522,3183314,3002557,984167,1392303,2316136,1611854,1840908,4131675,1175647,1831023,2076893,883593,697406,1531081,971748,2059154,2460839,1222635,1298696,1956545,1036997,1206379,2007273,1154044
2024-12-03 20:25:00,4887796,2855670,1851836,1888405,3197203,1496232,2389326,2385122,666346,1612293,1575993,1772065,1647805,3118946,1103261,2109700,1802947,1088116,525447,1621015,1567397,2085267,1981210,1105393,2113337,1571376,938424,1072180,2629627,753314
2024-12-03 20:30:00,5155920,2180959,2593875,1476459,3357679,2023598,2739597,2464219,824966,1253022,1579727,1858551,1289072,3228495,1052505,2050473,2187709,1089560,753750,2792460,1435938,1745732,2623000,1115365,2832102,3207016,1395936,1967531,5735106,1319002
2024-12-03 20:35:00,3337899,2228858,1994413,1112441,2820088,2642692,2587137,2399859,971085,1127284,1916449,1662932,1087542,3729593,1950759,1792794,3346952,820942,585407,2057539,1479235,2415409,3078790,1289623,2788716,3234580,1687358,2006117,2297302,789830
2024-12-03 20:40:00,3851562,2398392,2089622,1046630,2490019,2717503,2260418,2314664,997856,1066115,2563265,1587231,887204,3398010,1947212,1430743,3449393,657717,1347039,1566957,2168865,1661899,2627059,1117867,2063287,1584248,2136095,1438705,2021334,1068720
2024-12-03 20:45:00,2942022,3194845,1838741,1170288,3061269,2780276,2377989,2270313,612869,1464092,2714926,1424182,1237301,4429055,1238117,1371691,2521172,787842,1214265,1557420,2081794,1566889,2960256,893750,1270488,1563212,2444193,963384,2009668,981697
2024-12-03 20:50:00,2826001,3810730,1848657,1805700,3158433,2311616,2431294,2140887,568856,1119596,3530185,1887426,1164030,4816615,1980153,1569379,3452887,1341593,744069,2215335,2433434,1737472,2833719,941069,1772167,1315926,2574033,1099974,1909373,740804
2024-12-03 20:55:00,3219779,3406740,2049955,1505319,2905606,4078857,2288103,1934563,664349,1480966,2986806,1426164,1628948,4187785,2212638,1090514,2638964,1672015,1036301,2786446,3330264,2520295,2446014,1271618,2293501,1462418,2520256,1431044,1966946,708736
2024-12-03 21:00:00,2864697,2840059,2103502,940735,3504997,3902294,2383165,1441615,808145,1934658,3702871,1101822,1937469,3381811,1892121,1163454,2852642,2154636,919872,2916285,2375092,2788059,1903522,1697844,785397,1517722,2002821,1701283,1914599,746921
2024-12-03 21:05:00,2588759,2672204,1468919,998888,3434128,3725974,3017560,2366901,915559,2313945,3961238,876966,1697075,3897490,2419410,872860,2904756,1014619,1107629,2389244,2387065,3400140,2183302,2698486,824227,1305219,1130141,3841704,2279575,791461
2024-12-03 21:10:00,2774146,2712178,1962801,973492,3063799,3262840,2872049,2518719,648498,1693141,4565347,761003,1758912,3144330,2237584,721886,3428953,1052506,1732844,2179850,1884966,2771276,1939936,1914228,863821,1037732,2100632,3126161,2282848,477434
2024-12-03 21:15:00,4308973,4280651,1859329,981745,3665033,3886290,2413777,2373048,786081,1078451,4256415,1452155,1177704,4119006,2748697,711418,2765630,1052505,1328882,2069124,1294144,1831992,2769504,1824730,1134367,1254996,1385386,2807354,2352735,640383
2024-12-03 21:20:00,3733183,2904042,2365310,1243907,3701306,2222181,2077210,2362576,621398,1669483,4298865,1932029,1250040,5212668,2785094,1182306,4521667,735697,1341206,2319877,1443343,2916963,1929940,1329472,1064862,1759457,1497621,3018066,2362420,657950
2024-12-03 21:25:00,4351929,2807668,3013669,809170,3757163,3296043,2327876,2420414,707825,1257198,3738723,1793377,1487680,4347168,2226083,1175976,5855806,1058116,1635774,2462141,2270497,3401594,3206396,806764,1076620,1763288,2280973,3471851,2313754,808070
2024-12-03 21:30:00,4933749,3639703,2633034,1259995,4005198,2347081,3061706,1872597,769264,1722193,3514562,1217644,1515165,3713420,2216023,1036217,4733339,677310,1703989,2371530,4414728,5184636,3308966,799668,1084274,1902045,2377446,3233365,2048395,466423
2024-12-03 21:35:00,4459198,3766651,2116812,1605157,3770542,2225408,3564180,2111484,743941,1703332,4243998,1011173,1403905,3617358,2771404,1070097,4508901,788808,1321603,2186452,2638447,4851744,3022987,870075,978889,1925526,1483352,3200636,2285464,360338
2024-12-03 21:40:00,4478766,2807819,1782239,1670994,4650290,1754115,4209800,2144855,804599,1953761,3202001,1174409,1480026,3652017,3164681,1216633,5029424,645629,995885,2352017,2412518,3568005,5089398,1351974,1300725,1581910,1206047,3404851,2465566,584352
2024-12-03 21:45:00,4121286,2419942,2416062,1527735,5040178,3550336,3651184,1716595,662636,2728546,3626173,1321091,1577963,3928561,3947353,1206573,4434311,590047,1228888,2439810,3138197,3849838,4698940,1124681,811519,3159720,1116316,3074503,2365637,449864
2024-12-03 21:50:00,4362006,3129386,2039167,1859926,6011172,2231726,3507631,1525866,587959,1983082,3950008,1414196,1606425,4596019,3386486,1682911,4302923,776274,1346891,1641310,2906510,3768179,4075508,1799352,676078,2379511,1200075,3087539,2244844,1270491
2024-12-03 21:55:00,5083210,3406605,3151433,2193486,6750475,3019255,3167346,1569682,886475,2168796,4576053,1698930,1936219,4075543,4271281,1706141,4364692,617617,1500625,1670305,6189407,2772554,3609927,2200678,1157751,1838431,1305033,3313677,1879048,1342596
2024-12-03 22:00:00,5801558,3243433,2079194,2696520,6020643,3530262,4141665,1903095,1273340,2126621,4143345,2077723,1746603,4414343,4206098,2274956,4917609,982975,1175094,1311634,5869947,2362203,3636644,1568945,1231867,1814042,1415067,3186062,2193823,1737732
2024-12-03 22:05:00,3838722,3609580,2061366,2294535,4550689,3714359,3852809,1727873,1266146,2203605,3388105,2605402,1872236,5202036,4332044,2134455,5840688,734257,963062,1389610,2980304,1492967,2746642,1817745,761255,2489655,2900559,3042456,2851125,1633330
2024-12-03 22:10:00,5148002,3368020,2175825,2229272,3747815,3571576,3725305,1733325,580678,2307151,4115577,2746566,1390098,5276812,5116700,1801953,5668642,1266685,2203043,1425006,3777134,1299596,2213729,1542118,1131218,4510474,2236110,3334188,3077548,959354
2024-12-03 22:15:00,8149053,1998096,1416063,2327889,3243831,5057986,4096268,1916626,527960,1845804,3093135,2961837,1120686,6011891,4376754,2635216,6168008,581192,1837620,1533112,3160797,1576868,3048537,2630816,1529249,2956243,1963413,3136628,2530229,1320395
2024-12-03 22:20:00,4836708,2359482,1601752,1577504,4225331,4643762,3668062,1674057,863359,2093403,2530291,2509735,1478289,6061701,4041221,1849513,5708611,644794,2047473,2200303,2475131,1828861,7807726,3207465,1846458,3080553,1960883,3474375,2552596,814480
2024-12-03 22:25:00,4468286,1996635,2080107,666662,3892701,4535570,3696444,1296890,940340,3030128,3869643,2087062,1744631,5280767,4225221,1999257,5341894,1050185,1500802,2133022,2006916,1476168,2379754,2880659,1672481,1631191,2562973,4109924,2259910,617719
2024-12-03 22:30:00,3717915,3052803,2453710,804344,6642522,4416825,3229322,1330255,592478,2534930,5001460,2614693,1478710,4032874,4311655,1896979,6151145,802370,1701122,2698920,2962395,982828,2108643,1789930,819000,1951367,2159949,3748856,2834177,761550
2024-12-03 22:35:00,4025480,2518058,1857166,865054,4545020,3712388,3582381,1169592,1464771,2326351,4812082,2115838,1521987,4842973,4340903,1471498,7109350,500562,1116290,2402637,2433162,1279646,2268125,3441468,629907,2776267,2062150,3737611,2623026,2291425
2024-12-03 22:40:00,2973696,3069712,1415902,842030,4026478,3949060,3672015,1491954,961430,2906247,3861706,2882137,1618618,3420797,4128205,1949748,7297292,483839,1094305,2967875,1652199,1026308,3061999,2045409,614542,2248394,1997743,3741826,1914018,1440929
2024-12-03 22:45:00,3096340,3262646,1422150,1094303,4218421,2707039,4259366,2301512,513477,2036624,3334014,2631222,2145650,4051748,4479006,1992772,5564322,768148,1169765,2541291,1891261,879961,5425702,1875890,1079918,2117620,3378209,3787390,2175004,542517
2024-12-03 22:50:00,3543400,3085250,1429533,1281593,4852411,2711004,2984149,1849609,414185,2356389,3415745,1462993,2243591,5715081,4841766,1596960,5595152,576212,1231224,2976938,1652286,859588,3875812,1404301,1407791,1604558,2672927,4423159,2507590,422376
2024-12-03 22:55:00,3239786,3470701,1844629,1201234,3375960,2522707,3078282,2345823,499552,2743315,3535844,1871816,1998294,3214631,4868679,1179422,5217292,866627,1080132,2249998,1599619,628368,2535993,1548272,1316904,2474834,2997509,3778000,1003129,455882
2024-12-03 23:00:00,3151843,3102031,1550092,1169214,3751018,3171488,2613114,2054456,413650,3023989,3409228,658580,1490030,2421932,4878963,1539809,4577723,1232522,669367,2496517,1908043,855211,3103173,894201,711966,2256732,3012699,1408916,1893215,1347866
2024-12-03 23:05:00,2904163,2359776,1711434,846427,3606027,2855586,2058718,2474497,268955,3009283,3102984,728820,1203489,2740586,5886487,1248190,3820808,614573,633125,1564521,1380226,816825,3653490,932370,766815,1816728,2960060,1138851,1543939,716893
2024-12-03 23:10:00,2815379,2273678,1445835,861221,3480863,1890816,2082269,2021819,300754,2630114,3337641,850721,1348518,2773682,4648975,1876256,3740953,622822,802517,2245031,1437410,1025524,3405918,1934327,894146,2203221,2278127,1236732,1390532,569721
2024-12-03 23:15:00,3523985,2554084,1202538,412732,2848973,2093848,1707036,1826797,523936,2841530,3240148,709217,1033647,3693250,4832078,1255605,3422708,334897,830267,2131744,1300192,1193430,3238302,1514287,748020,2010169,2533950,734287,1399633,448468
2024-12-03 23:20:00,3565845,2386886,1235947,636036,3099834,2239355,2103306,846774,518530,2390254,3815126,820773,1152681,3411430,4049535,1102260,4387319,201248,995013,2134941,1619191,870494,2520840,1026056,964659,1897255,2576689,560771,1118347,996209
2024-12-03 23:25:00,3542046,2761411,1543306,990803,3081238,2125865,2477058,1238016,315881,1859648,3365200,776406,1455493,2345319,4676046,1213052,2973515,102206,914071,1867409,1409148,1133013,2728322,780213,1303728,2040970,2644104,702284,1612376,402122
2024-12-03 23:30:00,2704234,2754629,1141390,1781739,2565067,1853008,3171212,1744463,427374,2199537,3047187,1388677,1172878,1707979,4608070,1161580,4268848,303380,923263,2014454,1785345,864605,2435066,715054,1524714,1746436,2735218,571587,1324892,981838
2024-12-03 23:35:00,2749092,3001306,1050464,1275895,2073671,1718587,2325540,1671035,228034,1953759,3287159,806789,1075984,2024782,6375455,1183669,4760603,307182,757215,1729564,1755733,1295435,2850541,1068872,1050573,2016821,1825136,669632,1178255,320805
2024-12-03 23:40:00,3095590,2942052,1393753,507960,2151522,1885688,3103401,1619844,492013,3097021,3809477,799735,1098396,3055251,6079512,1414809,3671320,388533,664495,1761430,1605766,1779077,2921757,1124365,617077,2048170,1653936,611795,1032528,381566
2024-12-03 23:45:00,3369423,3029478,1458343,305352,1711326,1513506,2593725,2092041,354146,1727901,3212379,735094,1360282,4416897,4972588,1523622,2962999,201620,924671,2154935,959785,1240255,2931285,931588,654356,2043747,1862960,1740317,1113922,174441
2024-12-03 23:50:00,2406738,3317288,1262553,324523,1705277,1415604,2314077,1524290,198427,3392983,3666247,593484,1150324,5019908,7175857,1990756,2649019,268914,855239,1769634,740546,1164889,3061969,3017519,918377,1659774,1735753,1471436,1319080,326281
2024-12-03 23:55:00,2115029,3256074,1540018,564232,1985729,1803899,2267916,1542939,364285,2997632,4256642,586100,970828,4956794,4813691,1825761,2576372,298076,627364,1473628,543411,1233480,3015687,462341,1170408,2012877,2162234,2805826,1312293,530924
2024-12-04 00:00:00,1538631,6867179,1326885,600498,2236834,1398931,2143440,1371808,774119,3924503,3874804,472699,778784,3748702,5371778,1970113,2292956,278860,668999,1869624,591250,820614,2803950,502746,784912,1820857,2251469,892207,1347120,384426
2024-12-04 00:05:00,1671310,2264113,1349758,398482,2067442,1353926,1853523,1385579,454219,2369956,3048246,528552,978533,5792519,5354171,2292650,2670287,138370,480907,1559638,633019,1332524,2657628,511528,409260,2055344,1942273,902831,5251020,516791
2024-12-04 00:10:00,4356889,1814885,1990264,309383,3956483,1130429,2479632,2118846,271203,1661342,2674030,385747,1105101,4713539,5047673,2094893,2482149,145591,443681,2150889,685432,2645181,2426466,1136982,483592,1370864,4498880,637792,2617609,605859
2024-12-04 00:15:00,1618576,1822979,1425564,510429,3731395,1384897,4238814,1568973,1138573,2439791,2747568,402238,939448,3656009,3662877,1646613,1949210,197632,483057,2008853,783350,612444,2509871,895441,702972,1118700,3161906,577851,3632466,173662
2024-12-04 00:20:00,1407011,1951925,1569607,220632,1892251,1560816,2981554,2192193,359235,2071663,2818382,331156,934777,3263634,3832678,1593875,1529689,123807,574038,1124499,993707,760915,2796036,946232,982644,1081209,1467465,4932771,731765,464157
2024-12-04 00:25:00,1826211,2086324,1262612,398140,1822086,1483438,3241842,2026491,290600,1860013,3632970,411799,1443476,3700845,2283761,1387578,1642765,186224,1022839,1273168,1848667,868179,3434265,673579,909436,1131263,644336,3011411,957135,303574
2024-12-04 00:30:00,1661720,1945339,1321215,552336,1461455,962776,2780478,1858188,402667,1227301,3009507,570691,1028351,3526107,1859226,1475296,1726128,192306,968884,1217472,2408411,1006957,3037320,664552,534615,1192954,928760,3192818,846590,243946
2024-12-04 00:35:00,1872902,1829174,1140880,342460,1224222,783218,1803383,1617084,268275,1268951,2305681,1103661,1103923,2397793,1841863,1357001,1206729,87832,982999,719726,2974882,909086,3372436,938803,322649,1021623,1154691,619409,1311229,168597
2024-12-04 00:40:00,1729678,1693580,883661,299643,848520,849897,1705598,2184118,186264,1795027,2097770,1316647,1102381,2503594,1491397,1518971,1270872,503413,568738,677140,429546,747508,3607327,1061897,362789,997420,1380776,441668,1100760,164337
2024-12-04 00:45:00,1135353,1565369,2981470,234008,956789,773611,1448881,1386958,217846,1805673,2360809,922383,860304,2275046,1821089,2135818,1447642,194987,556458,749053,386132,802709,2205484,1749689,649247,599791,1638600,351629,841409,165554
2024-12-04 00:50:00,933196,1573975,1405605,169729,992514,839461,1210235,925172,207346,2055290,2027602,371605,747132,2491966,1565701,2144988,1143177,127233,677399,599415,562353,567019,1903411,1846072,746014,703400,1716087,449887,666750,141905
2024-12-04 00:55:00,1154387,1618057,1427122,122751,1096999,705552,1260451,1011180,188824,1141433,2253584,223874,806153,2001100,2281978,1798272,1146875,116179,752598,891814,449542,464701,2042481,1485187,666229,608667,1490788,351506,440317,126348
2024-12-04 01:00:00,1182791,1484681,1356821,198119,912416,849499,1200929,1062683,172664,1611491,1980239,235201,680878,2423775,1493956,1414192,1585262,240026,711448,945556,437897,1468011,1846463,807207,419918,637417,1688206,398979,567108,209934
2024-12-04 01:05:00,817404,1508047,862465,166402,706273,572697,749347,917216,240114,1260687,1812523,226730,983928,1985523,1258742,966174,1014377,233624,370290,625135,272984,628783,2048025,437051,431800,546173,1312225,365008,626377,161167
2024-12-04 01:10:00,615068,1581326,739939,165343,658835,504920,1089512,1159167,206354,1696013,1329518,268966,852097,2304044,1575160,939738,950482,63406,275026,420549,365738,634064,2202241,439262,400992,628915,1519344,362379,494600,162187
2024-12-04 01:15:00,568541,2181124,813360,114287,704591,528201,818450,1523063,340836,2299182,1346752,323231,727962,1452777,1074074,990723,860624,184358,387914,392288,547219,557355,2104024,726209,366771,818974,1233019,356606,910049,226674
2024-12-04 01:20:00,890480,2534858,966908,324405,1075018,533569,743195,950912,439268,2540227,1547027,298634,687564,1329749,1110570,545243,667972,274616,382785,390748,796143,693542,1017038,1286849,616421,1020599,1089305,680727,794037,271285
2024-12-04 01:25:00,976273,2704684,1477760,338110,1472813,407893,769728,866336,94489,1780735,1613600,285576,628703,1818807,2192745,540397,657741,189513,424797,329149,477829,1227602,1042599,1245782,442741,984541,702104,588611,854057,182510
2024-12-04 01:30:00,803589,1979613,994301,282919,1354865,501832,816405,966785,316010,2154164,1353888,259640,786384,1894785,1500611,685241,737198,168451,287106,368380,287214,453518,961212,521667,300408,839793,691389,654059,1081124,209946
2024-12-04 01:35:00,560402,1768907,817982,304684,720565,513512,930579,1004838,90355,1682000,1391784,215146,644761,1430102,1823490,461432,702625,119143,310934,316625,1265338,506315,733202,735634,219495,1006071,749774,404587,840422,219632
2024-12-04 01:40:00,638580,2201876,511082,512186,829186,329114,802453,809025,123933,2941117,1535129,228585,563964,1129137,1787756,482491,572064,123387,290080,236731,229646,573484,693651,564388,205441,747636,659383,199652,1153254,148937
2024-12-04 01:45:00,594599,2534349,721877,553599,606577,388994,750445,993339,105648,19171250,1803937,198009,548887,898977,1381873,470336,540886,75489,269876,354169,185255,452776,853941,325208,161836,744156,658532,172752,1191098,181087
2024-12-04 01:50:00,588515,1420797,620451,492724,528665,262031,1216354,1163053,115825,2302069,1638968,303152,575589,1312921,3475768,481220,682351,119386,241473,356139,271397,424946,837168,239588,143234,713941,536012,220586,1759912,94895
2024-12-04 01:55:00,677960,1379319,470592,470849,539025,176650,1019541,735055,74226,1620280,1581930,230329,552008,1288942,2970117,454727,532947,373274,298209,398707,307364,420191,800693,243322,175644,660272,532129,204575,266340,183285
2024-12-04 02:00:00,536388,1458993,902920,621924,639526,1155727,520591,588909,88196,1807436,1374388,341802,402494,1680748,3699373,514276,814362,154473,414949,398368,255268,373510,643062,299391,243847,996171,563158,192664,398693,226691
2024-12-04 02:05:00,367422,1462902,823854,747076,444343,124353,420703,500510,88251,1405886,1598378,224499,518217,2237877,3587494,513374,545962,110584,289426,779379,237473,561321,681504,250326,448918,878276,509819,169877,397339,119045
2024-12-04 02:10:00,352734,1629394,1523449,292427,525811,148504,645443,535934,93710,1090441,1698236,341934,545196,1732055,2946773,396878,361373,173746,267760,279901,287248,396362,623359,157615,425118,699690,569987,186340,361462,170669
2024-12-04 02:15:00,379533,2007801,2164445,729847,737197,201970,1005387,581798,49398,1291914,1517162,844194,428004,2032434,7614437,536434,370322,49523,280012,228602,264976,359462,531730,241421,142624,1539347,449076,251697,243774,63683
2024-12-04 02:20:00,435564,1923321,1425501,784014,582808,170016,400228,481409,96592,1404126,1442542,797888,425476,2018555,610499,471148,347080,108310,284394,220857,160226,318583,560027,166722,143231,1396519,380522,127639,386867,90400
2024-12-04 02:25:00,341395,1635208,500342,368380,1080997,165104,564428,380288,63162,1922478,1613996,935738,404941,2345176,386895,367684,372530,164844,246543,246437,462944,521553,762676,554575,89255,845369,423073,151734,206107,72682
2024-12-04 02:30:00,349417,2051350,887395,302951,616142,150267,1659228,424410,51923,1733571,1908830,972416,413980,1960405,485901,402854,417838,132192,230546,252417,134272,347797,1121719,417974,98162,943608,260353,86877,264699,83783
2024-12-04 02:35:00,244823,1161893,960302,219858,499950,192608,288506,1201698,72376,1309588,1763906,518737,439538,1473538,857757,277187,338334,27587,322543,165278,148639,383059,1143930,806116,73682,811566,309287,61468,204714,42833
2024-12-04 02:40:00,298782,1133079,954720,213929,740796,273737,398232,382691,51494,1044227,1513676,715291,470553,955469,656329,212259,372732,52772,333730,239321,291730,386009,1394334,854918,775936,752259,186815,106698,255936,74093
2024-12-04 02:45:00,220930,1039541,901651,101696,403229,134829,461975,392118,106256,825962,993201,799704,376615,1756015,684698,319749,378821,19792,449478,196772,143141,363063,1403617,581036,250266,532297,294800,143247,247544,49733
2024-12-04 02:50:00,579102,1739164,674136,65799,307201,170489,238694,326692,124019,1016449,773985,746235,288877,1566249,358619,222220,366041,167746,277059,239857,167567,297651,911715,830578,178614,603328,303058,333074,379600,870863
2024-12-04 02:55:00,574162,1068377,663734,110446,427152,130145,278400,450842,123968,780837,900602,497465,323217,1512886,408922,379499,341352,77870,194909,201055,252057,434892,816854,465669,142542,341478,313582,143446,444674,74036
2024-12-04 03:00:00,393877,978477,569759,65582,420330,173515,283408,421786,152275,522449,837516,513743,321205,1554239,457954,301938,370727,48756,252747,230998,188264,1440559,1924025,181565,128985,440224,288536,122404,299800,65614
2024-12-04 03:05:00,276955,1395205,1082359,128680,321241,285524,414738,666452,179335,346979,982904,507934,224908,1416887,682497,223799,246246,193270,528534,203431,165151,277123,4515122,194624,54943,319867,1189951,112709,163342,92450
2024-12-04 03:10:00,445903,1147051,1094809,233916,379731,210961,359199,406879,139327,310572,1172083,443766,249300,976749,882145,272156,311836,163218,833556,555990,100014,243314,5250698,191750,94834,323348,480624,82305,201238,121724
2024-12-04 03:15:00,364933,1426449,462676,62334,318338,181722,317531,469500,178568,354237,779719,441605,228088,1557839,1005379,321462,428623,102540,758471,568801,93039,246562,3919516,172939,102781,500287,379953,30550,249721,59949
2024-12-04 03:20:00,279541,1316854,658383,77768,257966,187438,346279,328154,162584,237835,1430539,428484,475136,1244931,938979,282438,279064,54227,525997,893223,146556,229524,918862,249842,42389,554071,239954,66864,302530,43500
2024-12-04 03:25:00,371160,904666,884935,95429,199186,201814,367762,213961,117933,250842,1462609,451012,572096,1273741,202735,178078,347874,50556,453340,1073612,139155,219599,680094,225955,64940,515709,198665,54220,393514,71789
2024-12-04 03:30:00,265811,1403141,888520,93138,239093,267014,412187,342247,85596,273133,1460527,463685,276746,1377674,199456,645906,187417,24660,419345,291339,133175,319882,585854,201023,107565,466610,154346,129370,662556,124080
2024-12-04 03:35:00,302482,1245992,917807,72587,287944,226704,363460,338596,149694,211158,1450514,470152,255877,1212115,296946,372597,223649,42951,262261,131240,201397,289260,577835,191234,168211,473404,182010,107390,309870,110146
2024-12-04 03:40:00,356229,1143283,892508,36550,268258,214671,608593,339220,161174,269094,1353416,474484,310026,1206539,194212,237038,214653,12346,168059,183170,170055,1113214,588742,186848,450946,398493,141892,162622,725421,46389
2024-12-04 03:45:00,270731,1261830,907936,20711,207868,158431,272911,535963,50565,251751,1164398,430518,392936,1207922,159631,211919,168908,51523,191354,138611,213871,1168298,518169,220927,87326,425962,143213,174068,817032,55558
2024-12-04 03:50:00,278327,1239782,873870,7585,250890,164581,247644,246002,51608,271791,937471,441131,262431,1345126,168871,190603,187017,25259,224266,185213,426925,323922,531580,193607,115384,361917,160917,159479,575963,96740
2024-12-04 03:55:00,258023,1058889,843853,37040,745824,80919,187313,222754,64437,702597,1071101,475633,263142,741990,180385,393081,129500,142697,328748,145925,544340,224454,624703,248094,46136,412066,184176,182606,504277,66226
2024-12-04 04:00:00,402031,906722,855056,70874,467920,111042,213483,222688,46688,215419,1145428,420063,261746,483073,185223,429819,144358,18213,150446,181083,598946,252004,661845,238614,47149,261228,145639,117812,235780,80773
2024-12-04 04:05:00,214463,862318,856115,98201,151849,121837,262466,183774,51542,301742,1035692,474930,304418,690021,132650,289054,220969,39305,177974,189659,793917,252317,593464,283017,59176,258042,111004,106515,112596,156365
2024-12-04 04:10:00,261704,1043440,900438,55828,216987,697471,322593,165525,238625,227887,1085053,455261,289485,555370,147597,182424,410981,99342,209820,231503,503806,231366,504351,305531,99037,388573,143249,92636,169745,65699
2024-12-04 04:15:00,196077,650116,909166,62189,252293,359866,272639,295583,54414,216885,905133,535192,280230,581673,285013,133328,78342,9447,207098,153857,327379,206755,463009,222713,77456,1009745,178092,93580,124083,51144
2024-12-04 04:20:00,239058,544116,903865,56616,318254,70789,186314,163377,45679,238208,903989,388564,680084,636725,127724,180886,135940,84410,1089924,249444,237876,192976,436210,151488,782501,934566,181419,148035,58708,78633
2024-12-04 04:25:00,214925,570738,897010,250832,198395,42505,211938,146320,71369,202099,746121,395787,602611,668826,170028,308613,147213,37257,1319511,455636,151607,179975,461738,101233,372718,981935,172986,107794,88340,241629
2024-12-04 04:30:00,286329,675348,875660,71972,975323,85059,199303,158532,47217,188282,677013,399020,214418,499112,118465,215433,113738,2088,737843,274486,244344,177793,472359,109363,73278,953228,181859,157110,155428,117011
2024-12-04 04:35:00,323080,943070,833224,71947,1126945,73070,175929,194812,27528,149687,699876,407522,212971,421991,125110,125738,210550,21413,247631,277278,393474,328130,477305,89564,819169,916705,169374,99258,198404,39837
2024-12-04 04:40:00,354519,1307414,856868,86370,559881,125598,199569,310281,77075,237029,640345,483272,217268,458237,195139,175804,174868,28483,181397,302745,264107,172876,419636,76376,66930,717001,137902,63698,111811,92976
2024-12-04 04:45:00,365142,1428067,816116,84694,642824,109798,259855,293808,63885,320672,280918,396288,227104,429634,795998,126467,85313,41611,276524,240044,190103,184011,409231,67126,49639,658092,178744,69583,130187,83756
2024-12-04 04:50:00,319265,765006,786407,97521,638913,57922,186380,268245,74898,215180,1508755,429607,262634,470966,113691,180005,103032,11293,237948,223539,158170,170119,423878,63927,47678,617312,212226,63489,134020,106121
2024-12-04 04:55:00,325894,905412,765829,117768,555161,69107,157927,593907,216297,171281,399891,444854,216008,478010,122702,142988,156031,21049,214379,181328,240656,145563,465944,86352,76304,168486,141850,56114,111937,55658
2024-12-04 05:00:00,620442,737043,643623,78377,545797,98436,179078,213569,390976,166117,356800,497298,248439,992619,449784,119727,117471,19617,246672,104411,183590,166267,507128,117221,53964,531227,167264,41110,73200,91053
2024-12-04 05:05:00,297737,649650,138840,70645,621052,116031,186163,174946,108221,181482,700771,399566,213210,989243,323153,144106,101075,52122,168286,168629,125551,242573,507640,113947,78091,895120,103635,45632,74900,71535
2024-12-04 05:10:00,259781,788145,72157,77232,687999,80219,188224,222118,117555,139107,576041,404875,222129,664642,131331,142764,101688,17199,157935,322987,120340,196265,475593,136413,87054,897944,128100,74252,105131,27588
2024-12-04 05:15:00,258779,755919,64730,55728,584308,109993,135100,169865,94022,170063,629191,338178,176251,424146,232889,92428,85366,25633,148021,140140,149379,3044441,421267,101141,103319,912307,134700,187032,2216556,199726
2024-12-04 05:20:00,200621,806904,53365,40368,692719,191930,157753,226341,77200,308581,968148,533877,143139,474826,81803,213857,55995,48251,164277,134697,186544,250959,372518,141435,91141,828515,192460,188414,2061501,209962
2024-12-04 05:25:00,199586,6222238,68273,31594,552121,229835,175557,1181080,113791,254173,299402,632120,152798,303674,120423,150465,64357,34481,173451,105365,119404,266537,368137,77231,62008,526822,116927,227945,163185,46090
2024-12-04 05:30:00,177229,5987631,55019,22741,541022,197234,190803,267211,81790,111126,250119,476051,138277,368707,152124,241040,80493,50360,236567,119962,118370,236986,373063,89723,71252,147563,111491,98514,2179038,32045
2024-12-04 05:35:00,376416,1962161,67116,25777,588026,112274,163195,284250,88175,170863,326308,489342,100274,399692,187779,138175,57301,46953,217597,82604,171781,222894,391284,84151,89595,136391,110323,64188,78394,14476
2024-12-04 05:40:00,212897,703580,46968,38088,473399,209048,181658,250370,76132,741664,300991,465956,227907,380871,386512,193370,47302,37773,320927,83824,189434,176991,410507,102930,58962,84745,114362,70648,59310,38761
2024-12-04 05:45:00,303888,554726,55107,82426,610821,155002,170975,309418,89329,894564,334056,504418,201790,402219,329080,146210,50644,75031,383678,79188,132079,195195,413644,113411,71232,222522,207847,102151,99246,34893
2024-12-04 05:50:00,224659,538986,104888,21643,294229,147071,467995,316494,70240,875417,353332,719988,194864,372502,400566,207148,63277,97672,230476,93469,102262,191779,416096,76098,77497,142235,174882,80681,84971,17825
2024-12-04 05:55:00,270443,540466,212881,60864,292441,149643,259292,354490,65746,538126,296509,498463,148488,409206,204446,318214,80317,68483,191450,96758,101924,188578,354209,130982,45796,117279,150251,125464,87614,23763
2024-12-04 06:00:00,403123,638053,120997,51090,262815,136230,896234,438716,118573,234214,316893,459986,116544,352021,123171,224350,98507,73474,267440,212750,108565,210970,387514,169189,124136,168019,144986,129720,114529,13237
2024-12-04 06:05:00,205891,672731,60281,53792,221525,145287,356942,328908,78499,320150,478944,678354,162498,403877,133838,330452,128338,92406,209649,138525,96284,216851,388639,142486,41159,161819,212479,78173,122529,25334
2024-12-04 06:10:00,258278,1369087,60275,57697,306743,188854,299446,298296,149801,698932,463575,477452,250314,618712,136207,155750,189485,48568,302534,361166,428279,242116,347888,185524,68979,170122,184878,70837,150024,44058
2024-12-04 06:15:00,786970,1239296,94575,49408,217298,170275,350991,221979,183464,798935,403636,520783,252936,497691,145713,185183,114898,59345,268008,139754,379367,405561,379747,262270,86412,136481,198309,111117,148499,72267
2024-12-04 06:20:00,413680,1260332,64391,160234,295047,249592,382976,338372,310144,849663,522775,454959,585224,411430,169487,249182,55361,178159,424628,685026,306604,381785,384402,131962,107154,166046,145847,150414,107763,51006
2024-12-04 06:25:00,1316976,731612,88362,255441,241749,238859,792986,891708,159132,899785,372306,468439,490183,472362,188161,233400,140939,71038,286456,173565,107535,449180,425531,162902,772754,137761,172516,171303,128574,95236
2024-12-04 06:30:00,1123994,594259,178446,97215,599448,259451,841912,664163,169458,503165,500411,424026,266785,376271,254006,241872,200928,78621,332483,176255,182015,396696,403774,147328,64457,178895,186419,186886,181606,68491
2024-12-04 06:35:00,559830,613925,167245,60895,1538765,189378,406133,320938,182300,220160,476683,414962,247503,365530,705061,441430,180231,86754,269192,179429,183257,380018,396815,163379,61461,240007,153647,141007,184439,60650
2024-12-04 06:40:00,487453,714038,127001,120673,509649,166897,966735,343702,553471,416960,599141,373286,284776,450491,1082314,344817,416600,116332,227932,165449,299088,461020,2813371,144685,94029,163407,384327,124631,184430,93778
2024-12-04 06:45:00,662295,969860,116704,178057,348758,190275,817730,329905,779408,384063,554340,379802,277521,4479839,1771717,460791,261073,135427,433920,245192,684055,358728,1024890,156488,81903,153644,417102,107913,192305,140552
2024-12-04 06:50:00,540457,1312500,312181,176680,360937,222947,759774,741574,877978,360480,409188,371842,236913,674569,1542549,411477,136212,224881,470383,210248,164332,473097,607687,242687,93672,171554,172495,148734,224640,106483
2024-12-04 06:55:00,833578,638489,189811,279469,282244,252465,766328,385766,1024549,562098,628131,298061,657275,579653,1125174,363376,183141,327261,234608,150155,354009,463073,361439,164879,135959,167766,309503,208804,260912,124560
2024-12-04 07:00:00,1149846,746889,247824,352760,408827,201273,651307,479648,486464,773345,696134,423154,599692,640500,896295,365212,290055,501691,252732,190364,1293526,402217,345853,176914,90595,203221,129472,292615,342815,305258
2024-12-04 07:05:00,844432,665691,538944,328068,352398,346446,579733,520769,536274,579230,909663,539954,874826,586124,663689,478725,468845,478772,307243,209621,404514,471061,727666,160808,476387,258359,440029,239269,283415,164797
2024-12-04 07:10:00,830469,915194,418976,285503,435967,395513,588013,711796,403738,552568,1165813,507134,941211,7552857,470676,491918,566525,389996,283087,211166,1148351,1207047,1549714,159798,377588,246580,161977,257251,486321,379286
2024-12-04 07:15:00,1485502,1020353,724589,288797,402426,726226,736827,513327,330867,708911,2150872,440091,954325,908473,502596,722876,278403,261664,271517,200100,880435,542998,792267,154468,87219,288796,109221,300029,490297,186424
2024-12-04 07:20:00,1411584,703458,507719,568428,680066,364030,891509,892434,396415,1261790,1598034,451998,866767,606758,470994,601740,418688,543610,240463,378645,317342,595032,453901,182053,205695,280772,128980,243917,494700,128941
2024-12-04 07:25:00,1654661,916059,533613,434097,1284203,444153,579678,1050391,731049,1341011,1363680,436238,320021,802997,594212,430969,463528,578975,257396,218249,420164,667093,567103,218792,263977,252910,229742,263352,258313,101662
2024-12-04 07:30:00,1600623,1203383,523628,470622,1193287,603819,763723,2394948,534351,1559494,1351087,398445,522199,1038234,894826,495362,387726,724742,207683,354348,349388,671372,663195,220826,201267,311970,588509,307583,341499,167169
2024-12-04 07:35:00,1982425,1443445,681281,435762,851781,857561,798915,1255455,446835,1607396,1068183,318862,571091,654326,1095079,660510,599721,457245,238269,510345,409265,540814,630320,280482,232746,385200,244698,265252,774674,170418
2024-12-04 07:40:00,2185378,1787847,889778,349224,754512,548966,626374,1415733,300774,898704,890804,340324,406609,781231,1531108,514964,582987,739598,224804,832838,485407,651615,642280,309650,319317,880599,188448,416439,700679,259341
2024-12-04 07:45:00,1941561,3077947,1034732,521270,1404909,942219,767968,1012217,417817,1185531,810924,389188,302879,1024625,845408,732164,525496,364320,306038,399157,844007,715202,664128,242422,199028,1080702,722794,405789,814725,333200
2024-12-04 07:50:00,2479682,2058922,1878889,656403,2247658,766522,737621,740820,521129,1732364,759390,369702,403261,826485,299472,887803,616062,468571,245713,782641,642453,567244,675718,266161,225718,984692,187069,254448,806601,222315
2024-12-04 07:55:00,2416982,2378597,2326196,1008023,1809232,1209756,554650,752519,423445,2024842,344137,634401,562710,1303963,197446,523551,868513,584137,396812,511747,2916110,618948,875647,315597,410500,708141,258276,371340,523732,449722
2024-12-04 08:00:00,3799953,2327005,2261193,1297045,2112043,1136024,710418,2462894,467019,1744593,486271,639611,404557,1034815,375350,583413,897670,889596,400315,818004,729284,617029,1070503,417470,295223,471594,447629,349055,617724,340096
2024-12-04 08:05:00,2544332,1973008,1663436,1033566,2474565,909341,1073202,634762,660931,2216366,647742,492908,463717,875469,241289,567305,2029784,979968,345055,1041756,564240,547894,1029162,501086,389112,503520,558234,490036,1592602,455676
2024-12-04 08:10:00,2580333,1348566,2323261,762065,2569537,1322667,1193857,662706,625265,1791829,766972,401987,451015,1087848,156966,560200,1550213,1289731,295765,1568673,1114556,649160,1808339,932126,385304,370261,527987,772040,862119,316346
2024-12-04 08:15:00,2570891,1567555,2605726,878787,1253196,1117465,1831563,855835,661638,2167267,902187,984910,433347,1241726,323526,619045,1966498,481245,504873,1450336,876284,404483,1441629,512110,1281792,816328,356173,858773,685661,356785
2024-12-04 08:20:00,2598591,1363919,1784338,986046,1060918,1191231,1766382,704498,480680,2732803,728114,1239113,871254,793126,296474,543392,1744856,573597,335857,878369,1118794,733014,697593,942677,627914,464866,364247,1115565,833130,469253
2024-12-04 08:25:00,2341529,1680266,1788402,975132,747346,1469189,1511605,1506139,491788,3032013,820035,678973,1184606,915392,268363,566776,1965981,736511,581633,1480199,934162,733192,1062940,1376348,445592,522537,503511,1120981,1041277,535645
2024-12-04 08:30:00,2085952,1375351,1755502,1026317,1019404,1371689,1721097,1329528,797922,1200179,1299059,854787,984333,774673,251592,504391,1790115,683725,450451,886010,815513,572053,1219236,1552980,898630,520686,593266,1339600,842657,371148
2024-12-04 08:35:00,2751700,1250034,1547173,727293,858573,1110030,1323881,1234194,1208191,1225982,725836,698049,1375173,676231,278409,627802,1236909,927939,436907,917742,474608,672485,1139334,2137102,1179023,679369,895571,776823,871436,307761
2024-12-04 08:40:00,2875784,1747907,1954115,911493,1160654,1376916,1398104,1532840,607578,1225953,689990,695077,891846,1056228,356510,763361,1220051,608929,1282515,728421,675734,793622,1179047,1598915,558001,792434,967156,687696,778926,246700
2024-12-04 08:45:00,3146428,3048621,2189715,574932,1649886,1721457,1352474,2190907,703835,1404176,862392,618266,1087158,550187,619529,643944,1255101,962648,576933,901151,698687,713841,1147346,813514,843707,857531,994089,930511,947780,571251
2024-12-04 08:50:00,5714215,3726986,1247543,858000,1586437,1068810,1617618,1047832,1622334,2223304,568539,912250,988622,944656,371856,588120,1126134,609620,589223,1008460,1000515,580654,1082511,680295,388322,436202,861772,906328,1489272,810722
2024-12-04 08:55:00,2771933,1433682,1058841,690755,1530234,832046,827795,1119142,650575,1505836,729119,814276,355865,1115080,402873,541546,1857501,579261,1322798,2586459,2019356,1123085,927092,1274709,718060,440664,778169,1042037,832899,716180
2024-12-04 09:00:00,2464324,1183510,983704,834618,1756733,875443,647480,923959,743704,1482089,614806,714362,407541,960860,243646,695234,2027175,719001,504018,788174,978505,1073336,859108,1370609,933194,549099,826832,960871,1195538,339717
2024-12-04 09:05:00,2592524,1529135,1235300,1094638,2091436,1003071,1180474,858024,870652,1653609,723302,762312,805554,633318,274898,520673,3268769,808503,364579,680807,1126775,507780,1553536,1141373,768369,540121,928453,880493,880941,459870
2024-12-04 09:10:00,2688524,1156478,1074965,807630,1508408,1103618,949461,860148,1866159,1422911,691192,809989,1152407,684395,328464,654045,1947542,833829,486126,652672,803286,592778,684004,1133820,1313629,676318,889138,1340032,1158106,540826
2024-12-04 09:15:00,2683252,1169207,1206748,624191,1633211,1741902,1011179,1556026,1472612,1270784,701671,934314,1031940,654884,1113871,488330,1887978,651876,364543,426213,768246,820478,668501,1317582,824438,412651,435936,1259450,1384623,693879
2024-12-04 09:20:00,2262788,1474482,1610970,1303377,1866545,1514822,1135603,1065714,1173419,1640718,679657,835625,779860,641875,711315,1361796,1398918,458746,482306,623519,1035942,740607,1154415,1066520,1331007,819140,385818,2441226,1177792,761273
2024-12-04 09:25:00,2014962,1396979,1178144,1898799,1559252,1320696,1117716,1156466,1259257,1968624,762040,918638,1108523,670659,330790,558860,1481232,933724,455148,1112062,685134,1044292,954108,591549,569468,1360939,420449,4096965,929221,3372510
2024-12-04 09:30:00,1997913,1861514,1009726,1478285,1620804,1443851,627976,1107186,1436361,1758018,820696,856773,1298769,659210,437012,912139,2004245,663730,503898,660645,888771,1232500,788607,634244,665667,578316,717429,3446430,620108,11678800
2024-12-04 09:35:00,1799513,1618031,1194693,1322715,1161065,1427995,603620,1160740,1188982,2177452,1093594,780980,1103721,641865,327593,540015,1174538,564724,455130,533594,1132715,1366120,829367,766575,952766,605947,870822,3720410,993144,3860255
2024-12-04 09:40:00,1815866,1523660,1184229,1090316,1757398,1515561,922401,1189412,1292526,1496559,808432,912324,1084213,876919,750661,1422803,1395995,608852,314751,529318,2999204,1338235,1305618,1060399,569551,641941,1038890,3586804,1522130,904873
2024-12-04 09:45:00,2285746,1776743,1149480,1358506,1621597,1074515,654966,995131,1262387,1435720,603624,761125,775915,779850,306216,796085,1795241,702045,342278,692328,2247546,1306902,1027886,998427,531187,378988,722099,3549084,818922,875376
2024-12-04 09:50:00,1468089,2051314,1225601,1104015,1267921,744126,1665168,1180465,781896,2058581,869885,1052090,524597,816219,704820,796462,1865840,586679,831995,514979,2295641,844418,950609,874926,627549,890584,817245,4255196,836001,539579
2024-12-04 09:55:00,1533337,2404578,1760097,855886,1161094,898149,1412686,1054401,984854,1618315,796598,834380,722768,3916209,574977,507528,1073146,587815,367233,595445,1288735,834782,1266247,762689,891546,424851,715158,3599861,776805,959793
2024-12-04 10:00:00,4391197,1746847,1346292,849895,990006,1194094,1521842,2265482,1797591,1305639,1036363,1385060,616724,1095797,791804,562650,972008,697591,424949,1315681,1707989,819756,1810487,782600,1463213,932296,375051,3841315,787609,614624
2024-12-04 10:05:00,2844662,1413713,1563377,929352,1249293,820120,1158814,663409,1615771,2611040,1399201,1159351,565323,1511859,550781,690978,1240274,819098,407593,1146138,1031429,859361,1096503,818244,920555,544293,696656,4127851,949811,449618
2024-12-04 10:10:00,1751649,1667265,1619484,1442143,1513627,1246471,755551,661921,1090890,1750253,1391173,1345153,570857,833915,471562,836772,1407370,555691,378383,1399487,1184282,872786,1010029,585519,1119933,488242,603168,3654332,742127,466259
2024-12-04 10:15:00,2294082,1796921,1633491,948229,2443860,1053211,708747,679179,778398,1897566,2051483,1003968,475161,1079453,924877,907394,2336754,874011,358736,1459015,1019992,977912,1292657,694570,2169413,409367,515946,3909566,989950,1050385
2024-12-04 10:20:00,2521932,1905053,1736990,859367,2591996,918499,898387,818758,1365567,2147662,2429748,1176521,517089,1339232,1265687,1339656,1069750,667711,2519355,993472,3059644,1767586,1069773,776964,813668,459922,703367,3699732,2027317,1002148
2024-12-04 10:25:00,3532076,2492514,1371558,1446393,2344866,997743,861490,759090,1071687,1483808,2583515,954050,499823,2600848,1457267,1891696,1220665,2357083,426212,675939,1758524,1315036,1839897,964426,736688,659425,466460,4492333,1029526,965681
2024-12-04 10:30:00,3328709,1549165,1378415,884489,3359164,1308962,876597,868190,1641217,1288431,1440378,1087809,782083,2729962,510320,558133,1194730,1104940,1749452,704696,1994477,661354,1127068,1066034,904555,405802,411276,4534058,792091,347667
2024-12-04 10:35:00,2981975,1707013,1621483,923236,3992436,1392568,930385,732844,1387191,1244534,1415294,1103861,1105893,1455183,516351,985860,1067766,979113,382342,965141,2787516,654849,1176328,1321000,737455,484743,499780,3783286,861101,763975
2024-12-04 10:40:00,2668474,1851730,1400613,1293447,4569527,972111,718580,1152253,659266,1646240,1363608,1120673,990258,1720370,601201,1188665,1148610,628650,440483,1783863,2014919,563304,1643253,1158152,1017284,691141,647028,3469044,1392857,777099
2024-12-04 10:45:00,2836456,2066037,1137885,779448,6435431,888589,592976,1552492,961107,1479343,2117200,1035888,1029745,1582731,558600,700627,1042744,991085,331336,737807,1065421,1116233,1237457,1073250,2316126,498509,423076,3468955,760022,977247
2024-12-04 10:50:00,2677134,1851577,988792,1542601,5021801,968244,994931,1272453,848556,1673267,1256075,698757,885749,2122281,477401,515178,1075437,951911,418617,944719,1034669,677024,1377056,864835,1352317,594010,413305,3835443,2961653,1188018
2024-12-04 10:55:00,2496986,2151185,1275138,915480,5187390,1086085,1221937,1291829,766954,1727661,1343832,939310,1005400,2191662,652057,957330,1157744,581370,689445,872337,1608535,690133,1553046,1004236,850685,454961,654516,3434498,2640531,768868
2024-12-04 11:00:00,2634448,2921325,1047538,947133,3649908,1602754,1197037,1645686,1172360,1469250,1191278,821210,1428255,1766780,425021,783028,1341340,792663,417675,866759,3449323,1326410,2149536,872004,889025,524419,768408,1294544,813357,615025
2024-12-04 11:05:00,2925839,3084060,1129342,1140433,4194592,971342,1538009,830627,1489017,1594187,1480673,1128760,842525,1228848,571739,997239,1753261,772759,460248,714521,3745037,758846,1588421,1097571,1429204,575692,446820,1143828,972933,889581
2024-12-04 11:10:00,2883255,3895171,1367055,1569645,5088647,1186850,1579270,1372475,1019054,1515214,1324090,845681,764799,1263211,526257,616177,1523786,1091088,604952,725627,5493494,1316373,1504196,813416,765792,649616,614288,1530643,2170183,779844
2024-12-04 11:15:00,2138147,8137959,1574068,1373785,2177733,1055356,1863302,1044171,934254,1284062,1927060,985031,643649,1342302,467144,1022010,1898026,408302,824267,927839,3220582,714493,1351973,739208,604520,725056,1051962,1486464,888116,788955
2024-12-04 11:20:00,2391786,2390238,1964061,814943,927975,1150683,1940539,876082,1317783,1472518,1867581,677860,814622,1799681,519939,587043,1818931,689153,779721,662520,3298979,571974,8014841,957519,578767,715739,676420,1267602,1244007,893900
2024-12-04 11:25:00,2072959,3910799,1792496,1472737,1273109,1480636,1946325,2011853,1450313,2169890,1234155,725678,1356831,1422589,607301,569663,1718753,1140891,664623,869035,4780833,667370,3786337,972137,515753,671954,876657,2587649,1051183,1071830
2024-12-04 11:30:00,2411293,3722951,1635334,2139119,1148700,1233352,2410892,1293082,1251266,2386700,1367858,821503,1123972,1972507,931970,551967,2138356,1064089,717034,870456,3366679,700307,11950407,1435679,5807829,1154343,771410,2812717,1176220,1455551
2024-12-04 11:35:00,2704114,2991667,2027668,1157845,948727,1369291,1433076,1461867,3097062,2346785,1624828,931147,696615,1176414,1001379,869421,1550815,1228689,704728,1508444,1929746,1127521,3498495,1336555,7223307,896688,825441,2722188,1023748,1308596
2024-12-04 11:40:00,3339778,1776751,2815706,956174,1598762,953612,1217027,1609220,2090186,2902771,1274946,1440855,1179499,1200495,609592,930083,1601765,702731,575641,1117733,2796816,1076823,6001401,970709,1498665,978001,614436,2781302,1165160,1374081
2024-12-04 11:45:00,3094932,2402152,2587096,1092991,1778902,1138981,1258797,1561813,1560997,2694080,1219587,904923,1225463,872955,680906,627807,1739638,1111959,619281,1134946,2453927,1074183,3655461,1140265,2141627,1359966,977531,2720446,974313,1269364
2024-12-04 11:50:00,3001516,2267682,3623245,874545,1578630,1031641,2097287,1784764,802243,3179288,1130643,846110,670373,936202,578791,612512,1740893,1343554,804640,2017241,1885748,808312,2078596,2123238,1125953,1174920,762780,3327874,892634,1205968
2024-12-04 11:55:00,2985404,2668321,7493501,993169,1130173,1080217,1202563,1309644,1255227,2274447,979412,826207,432689,1009671,440384,858643,1483600,867820,835937,1747468,2454296,641261,2368519,1955723,818622,872993,658782,2956694,917198,1296972
2024-12-04 12:00:00,2184633,2052517,3916633,957223,1743598,976229,961554,958766,1139199,1719029,1696639,747180,612438,1117545,564871,906644,1453288,774983,608090,959347,1203055,712363,3233878,2702990,1025418,779076,752411,2838506,931338,1389825
2024-12-04 12:05:00,2314992,1974595,3245838,1326169,1342227,1215351,1185065,1029092,1392911,1936701,1760491,798325,611033,1113960,687791,943381,1429364,714514,626696,1005341,1064374,626964,2334569,3000495,744089,784678,788068,2735033,1149183,1196963
2024-12-04 12:10:00,2482841,3093986,1839338,1764961,2094630,1072074,1236997,845275,1875290,1970326,2497082,1098424,456260,1229950,1132447,720704,1884567,600898,564198,1705069,1225083,636142,2811105,2571555,1205167,550734,694839,3247363,942090,1216667
2024-12-04 12:15:00,2922745,1691538,1190946,2077942,1687518,1076912,1384303,905588,1321929,1902034,2366591,1195410,568724,1497355,783484,945855,2093945,1040695,849458,1521565,1135683,760875,2331736,3343157,876811,916858,1198818,3341595,2577340,1228642
2024-12-04 12:20:00,2960205,1703778,1112881,1974506,1385964,1387243,2212841,1247724,1240544,1631171,2185724,1121626,683021,1359951,1659299,1474702,2932067,1255523,1098989,929198,1227975,865088,2472178,2697868,538236,1034301,1415249,2986873,1388769,935688
2024-12-04 12:25:00,2619559,1910383,1663908,2142083,1161611,1634610,2223221,2324917,1377468,1682421,2673536,846918,564125,1869688,687474,1516130,3374332,1053179,794452,1314807,1291771,946056,2977399,3055135,977091,976599,687237,3182316,1190948,544173
2024-12-04 12:30:00,2869111,2029131,1611431,1338362,1746756,1577618,1799210,5781626,1358696,1645164,1822933,984628,619683,2937727,1128121,815544,2258141,735978,997228,1697524,1372570,968610,2985667,3073071,930059,1066753,877860,3358331,1026227,560991
2024-12-04 12:35:00,2640816,1899842,1366147,1897675,1097109,2093593,1081016,1065738,1668722,1786278,1663058,734319,682116,2366235,1146765,773224,2438872,625835,1538389,2188859,1376117,684973,3507640,2649986,703842,1254884,700720,3663407,2586873,427092
2024-12-04 12:40:00,3880704,1715896,1229089,1901798,1281238,1414930,1329915,1170449,2455872,1399535,1966721,1474875,529968,1370868,1355267,1403489,2563729,686018,1494061,2088292,1163147,635107,5374332,2605933,654312,1359964,841607,3237172,1741090,699120
2024-12-04 12:45:00,3423438,2238996,1371439,2059314,1543406,1843334,1013741,1178222,3167386,2002465,1929982,1324218,707445,1853573,1648402,1297572,1717850,749325,1321214,1942923,1872352,788170,4196940,1549687,876740,1283263,887054,3145884,1531078,566698
2024-12-04 12:50:00,3016330,2254647,1485263,1888979,1439754,1319777,785989,861973,1335465,1682198,1949056,881993,515877,1498495,1273758,1267729,1438792,645065,1412313,2078313,1183093,857272,2952540,1258895,997099,1497208,662175,2766735,2145125,1100069
2024-12-04 12:55:00,2997568,1935595,910644,1337619,1264341,2302234,1252327,1232104,1912329,1566383,2011859,952128,725207,1607653,1348621,910905,1700549,697008,762618,2096402,1312925,1033544,2897827,1524102,1250600,1214328,774153,2852417,641285,605063
2024-12-04 13:00:00,2905887,1561183,923490,1290262,1718881,1883928,1370147,952444,1276006,2178840,1743573,932177,625933,1595382,1446248,1154663,1905252,788716,557090,2106090,2002047,1800627,2422584,997710,1450248,642445,1499480,3048551,1066813,732537
2024-12-04 13:05:00,3313873,1580446,877538,955083,1288870,1295415,1818490,1140553,1417681,2032186,2018063,1344369,706951,1812946,1179591,1131326,1762090,713587,647703,2322917,2188427,1816086,1674117,956087,1000198,789162,1115232,2270982,1358515,395522
2024-12-04 13:10:00,3174136,1872920,924028,892402,1120563,1357697,1873782,1093510,1302808,1687860,2966311,973221,699087,1866701,1606008,772838,1472844,954771,1079713,2177274,2238935,1189196,1324110,835956,688670,919737,1668622,889979,916674,844378
2024-12-04 13:15:00,3185379,2732048,759793,1017610,1151300,1844147,1669053,1237076,1162886,2433751,2026583,678380,794578,2443081,1865095,783155,1623782,628150,1142035,2208897,1813714,862960,1303383,960692,4275108,685285,736458,1000201,1266714,551289
2024-12-04 13:20:00,2972760,1669811,2428732,1106689,1509802,2212793,1952574,1812155,1333380,7130633,2545997,582880,484222,2092524,1632280,563594,1598827,791506,998703,1806922,1835535,662050,2516234,1042175,3808949,638685,1945458,985876,2014823,851397
2024-12-04 13:25:00,2969303,1984022,644143,1088945,961416,1279609,1305947,2135588,1200059,1620458,2790640,996652,517200,2330995,1764567,694494,1930211,651655,1975234,838474,2567627,891394,1557038,964440,796436,560810,852725,1051730,932562,1124738
2024-12-04 13:30:00,2640874,1469788,690665,973295,1321215,1606037,1163954,1828066,1256573,1937712,2511390,1208315,475434,2167816,2883965,892887,2162147,1098229,1498036,957941,3334805,653860,1547051,834999,837478,558659,1633477,994251,1470020,489838
2024-12-04 13:35:00,2392735,1623402,838882,1494498,1884118,1675062,1446986,1685926,1056094,1665684,3053587,1257856,463760,2215361,2765093,730329,1947597,1463434,1226357,833793,2510494,1062423,1682826,839097,681619,566076,662057,1235209,1061386,595340
2024-12-04 13:40:00,2463907,1842706,749840,1429308,1292647,1803236,2380696,2666111,1078646,1513019,1978803,953410,707252,2121033,2064171,508390,2098124,1718919,908236,642482,2700251,795573,2474626,737204,998289,511025,442746,1561425,2137087,822645
2024-12-04 13:45:00,2913074,2314645,748552,1392425,1094702,1212870,2424985,1899547,852387,1337602,1731404,838017,989797,1625287,1988200,577181,1748343,1790443,524699,677289,2146554,655566,1903050,678861,1103084,598057,402298,1193743,1210176,795893
2024-12-04 13:50:00,3057508,1774466,922743,1536650,1250757,1175185,1415786,2160461,1033385,1366481,1764073,586451,968976,1565397,1837430,654724,2356835,848061,844085,1393501,2299694,742383,1826049,721254,897108,473164,1419911,1131293,1227244,419556
2024-12-04 13:55:00,2797275,1778752,1082655,1429334,1348562,1295636,1157406,2012327,769886,1573962,1458532,453690,1168595,1581027,1186199,719047,1937827,728033,675561,2087671,2315571,596773,1715927,1019800,1077486,567688,484236,1091472,1091008,651476
2024-12-04 14:00:00,2581509,1785455,1502355,1733047,1336082,1398393,1100182,2285849,1236754,1661634,1174381,960693,1159997,1559240,1287333,607779,1875257,3025072,863967,2508263,1182005,587631,1786464,722611,770300,448208,678959,931460,1084180,542747
2024-12-04 14:05:00,2792989,1704639,1081268,1291724,1845831,1112218,1105507,1619711,2362153,1319832,1118109,744375,1106307,1422495,1189858,870246,1924159,1400611,709566,1970846,1422024,1452375,2220700,854426,1258098,1218514,623026,765851,1273601,523091
2024-12-04 14:10:00,2670387,2253118,777488,1138662,2238633,1079517,1381785,1165408,2186389,1892560,1263482,3130818,1172393,1440112,988943,700139,2008129,2036272,797623,2315023,1108731,1022716,1452968,599462,1177938,1285347,830778,924040,1225550,625747
2024-12-04 14:15:00,2559927,2068876,753912,783875,1091507,1359590,1103311,1471625,2462027,1357620,2585333,4154617,1223019,1242176,1211592,752842,2101878,1183354,811805,1802108,1559524,1010946,1258423,700524,1514308,534923,957009,1178287,1152883,669986
2024-12-04 14:20:00,2432687,2535040,814582,900548,1677106,1011136,983121,1370421,6709670,1523889,1348552,1257050,1141954,1042169,1121283,1225218,1242182,1127616,1544967,1660243,1255725,888618,1415282,889346,1334315,830796,831168,1259352,1598140,1074168
2024-12-04 14:25:00,3187293,2867057,785235,1008970,1855619,890324,1372612,1462522,2189188,1502468,1170499,802479,896993,1106947,767013,1393309,3402928,723179,1063103,1595492,1709562,1650848,2075916,846996,1418470,978051,638936,1260937,1357656,959963
2024-12-04 14:30:00,4048426,2033681,853754,853805,1131122,1041741,1603091,1722221,1292527,1485491,1358081,1498131,517455,1072268,747046,1046747,2907462,871830,908920,1761909,1633349,1029848,2545649,875487,1135555,1356488,1382602,1293751,1353466,2928595
2024-12-04 14:35:00,3112233,1715223,828117,738531,1150687,1018423,1313613,1752204,1355102,1876311,1674988,690180,514632,1196754,902287,1174827,1653878,707161,920799,1173438,1093587,1187716,8137582,1005665,1237478,1157640,543722,925174,1364742,896249
2024-12-04 14:40:00,3436901,2577718,770724,637687,1319090,857471,1258546,1924905,704827,1603941,1409246,882284,765001,1118713,523775,1151591,1187824,805172,2759963,925547,939143,1542115,5778304,1538873,1568670,1168155,519206,1044299,1419889,758185
2024-12-04 14:45:00,2871443,2430864,778600,637843,1945685,1072300,1040192,2019609,1692665,1299510,1649685,639653,714878,1292772,679209,1231220,1448827,779555,953087,1009248,2076657,1992314,6248827,1982192,1723929,1359890,719205,1758400,1823551,1075478
2024-12-04 14:50:00,2803432,1616051,1225661,891410,1447513,1301072,700981,1921338,1076606,1337105,1916966,951860,387242,770772,768766,1430553,1308752,747907,483448,865483,1749674,1103777,4293626,1083981,1251703,1697425,679208,2095323,1196777,899521
2024-12-04 14:55:00,2953416,1693956,877702,717086,1764938,930775,714579,1884385,1085843,1234499,1696223,877122,484739,1188175,1213820,902802,1605666,511818,654526,942338,1453122,840596,5748438,1041868,701270,5083255,708417,2021330,932699,674833
2024-12-04 15:00:00,2597580,2272582,804205,659751,2676786,1045870,869445,2468452,1086396,1351004,1687225,1033987,596796,1024315,1471258,883521,2426713,646850,1908980,1523991,1558711,1405658,5916434,1057305,2350489,1387637,909132,1159721,1241132,495293
2024-12-04 15:05:00,2931927,1652082,864593,768714,1602123,1738737,891091,1401156,1185437,1558048,1470961,653864,672654,1452367,1156299,770782,1724332,1076306,2418720,826457,1769087,1941649,5125897,870185,986675,750771,597963,1587769,2265033,507164
2024-12-04 15:10:00,3201165,1763581,1611885,925698,2344668,1201323,762678,3381043,1658618,1874910,1827687,1171521,625816,1782159,2029542,727131,1568664,888417,654020,925957,1471593,1011523,2144164,1617274,802294,664800,1137558,1065381,1310295,480664
2024-12-04 15:15:00,3723858,1702761,1433108,762286,1599868,1702803,1115121,1547513,1872343,2291350,1346282,1428342,1016529,2583752,2552206,564630,2113385,1450869,737220,591310,1047818,1286846,1856282,2090815,690884,1048118,801296,1012265,913260,746846
2024-12-04 15:20:00,3442409,2218232,1248163,799661,2067238,1080346,822918,1387274,1202950,1682612,2845831,1329928,639124,1690272,2862636,771022,1588220,1902060,1148983,710411,1388308,1137762,1370838,2449501,1007249,892533,365761,1505242,2661465,1353740
2024-12-04 15:25:00,3131953,1960758,1098981,653945,1608362,978897,991816,1208574,1216109,1781140,1663624,1082836,717975,1960575,3112252,733526,1541525,917222,629450,774767,1943976,1829754,1113115,1889803,1601829,758642,785874,1360135,1057717,1400818
2024-12-04 15:30:00,2426021,1636675,838845,1075461,1916224,1482594,962450,1543475,1485734,1533270,1033413,953077,706646,2393898,2893839,725328,1766053,1061569,2120897,884012,1082954,2174941,1929550,1559175,5469154,801341,456143,1859866,932247,1811647
2024-12-04 15:35:00,2281986,1759031,1006302,1118224,1345849,1621393,1189707,1471728,2304206,2028966,1332920,778608,889977,1912181,6483206,893623,1734881,1171705,1381619,843724,1468459,1437251,1919584,1989879,10692963,804039,519770,1754010,978548,1853681
2024-12-04 15:40:00,2603512,1756869,1292894,982861,2351866,1019382,985679,1333142,1297141,2218260,1195562,637963,643648,2257451,4658545,956201,1567715,991641,3867804,1205479,1843923,1567085,1722507,1089090,4704594,693706,668604,1672911,2356756,1476457
2024-12-04 15:45:00,2969120,1976194,1645569,814645,1801723,1556177,982688,1486071,1650435,1957691,1379247,1124316,430368,2253681,3064406,746645,1346849,1028265,652030,1098427,2451817,1039281,1816219,1091417,3214361,1407988,1521669,1336319,1045366,1370714
2024-12-04 15:50:00,2124873,1590918,1313831,767516,1056247,1735031,1483311,1022485,1256671,2155460,1465528,926954,491959,3423666,1187504,747511,1465910,1516371,643962,1181683,2469868,751230,1684684,915010,1506956,1422866,1035089,1442886,1029894,1396066
2024-12-04 15:55:00,2207470,1998867,1854923,1029682,1186448,2025483,2237026,1181239,1371411,2138326,1127000,882216,709723,2496142,1152381,1038590,1792191,1916599,623901,718098,1334853,1310810,1897295,726074,1042900,1608540,1329630,1157880,1187590,1420589
2024-12-04 16:00:00,2999377,2673944,1441736,995512,1357272,1713920,1551193,1056453,1194505,3086199,1449914,1809950,848820,1315915,1388893,1315257,1827558,1471377,839321,1039427,2596005,1362269,2437790,1136948,865666,1465555,1068904,1242310,1006707,1238737
2024-12-04 16:05:00,2530470,2411183,1114568,1025369,1452822,1194615,1337658,1092369,1392053,2739102,1432980,933981,591106,1224248,1683712,1119404,1629744,1569125,902584,3397419,2173571,1251269,1912071,1581285,1389229,1684768,1179340,1289987,1071552,1134958
2024-12-04 16:10:00,2423377,3229152,1319364,1064401,1114322,740845,1384434,1225442,1165378,3171217,1249623,1388987,694988,1100788,2340663,981883,1604713,853933,626991,3333303,2144029,1186699,1884913,966427,991473,1466633,1126762,1186717,1117500,1454814
2024-12-04 16:15:00,2161308,2032423,1371315,1037456,749506,1098157,1448407,1106587,1313640,1961582,1526132,1375574,725986,1165755,890107,719980,1618008,1017530,524466,2003822,3154673,1143875,3151793,1003612,1274604,2835719,1138136,1331098,1330430,1723872
2024-12-04 16:20:00,2201762,2394101,1695828,882251,1135414,1206243,1248537,1082293,668551,1853838,1237425,766420,693800,1117345,1040871,667366,2122941,1345457,731759,742164,2061891,1435009,2187546,1068298,1364086,2543525,939251,1319924,1195128,1645754
2024-12-04 16:25:00,2496388,2772323,1107461,836222,1637668,1283910,1137912,1191810,875682,1929920,1476850,1534303,781537,1354420,773144,709198,1899978,1175278,1056025,1571803,2497038,1052513,1815851,1275642,991584,2201071,673154,1160212,930722,641352
2024-12-04 16:30:00,2861030,3207901,970724,769430,1056704,1162168,1169561,1227815,1131546,1983120,1446321,1667754,761387,1116464,722375,1116550,2268900,1108482,1382484,1159277,1750784,1553836,2181635,1474593,724799,1805831,877161,1599261,1014557,853826
2024-12-04 16:35:00,2178342,2458685,1026286,817826,1101714,1223886,905919,1410833,1090808,2271594,1907907,946961,834056,1163865,1633067,1194711,2215450,768161,2025257,976422,1364750,1626946,1857388,1105347,1527996,2110895,1399307,1291858,1144323,923769
2024-12-04 16:40:00,2155289,3060269,951205,1158195,1794085,3051918,864152,766046,668653,2632641,1599011,1634779,759631,1614197,1714660,1627770,2812737,705094,836674,694581,1759772,2369535,1187523,1282141,1125485,1807983,1135733,974630,1027207,1265003
2024-12-04 16:45:00,2754665,3185687,1224263,908492,1291957,1308618,758540,836724,742753,2421535,1298202,686173,545754,1508281,1875859,1035410,2310487,676263,2759089,546316,3010686,1836463,976282,1255817,943244,1371560,1106883,1153611,1148404,1010168
2024-12-04 16:50:00,2859711,3198028,1460727,1149513,1282838,1547869,1368935,1326120,1103731,1844371,1704608,847820,833485,1595772,1024788,1364299,2281104,895791,789121,1548282,3561972,1282324,1235322,1108827,1077701,1385691,773048,1997436,1161535,1511295
2024-12-04 16:55:00,2513902,3610679,1476348,593843,1986544,1294381,1336555,1339692,808223,1779865,1714925,1304728,993018,4332358,1738575,820382,1914281,757698,1016325,988158,2222312,1109639,1573618,1229762,614350,1373606,851759,1307580,1184138,1708918
2024-12-04 17:00:00,2691221,3846058,1136137,1093406,2152256,1847328,1226746,1274865,1305557,2519260,1732256,867330,921202,3183108,1418305,1188579,1943469,947509,1379433,1178964,1630665,1373966,1591327,1195179,1202703,1219055,694764,1476488,1367757,925337
2024-12-04 17:05:00,3018939,3859746,1303904,1288043,1874727,2021187,1576833,1912396,1243175,1494894,1714193,966291,754506,1727076,896682,937521,2206675,832041,1016072,1635509,1143767,1963395,4132407,1801478,13858700,1164273,822038,1154221,1412042,1404218
2024-12-04 17:10:00,4902514,3675978,1342457,982132,1366899,1502442,3410704,1817302,1483660,1786263,2296480,1508076,887288,1523891,1380284,692547,1887592,720015,1100346,1128818,2432654,1224335,9058689,1219321,18862370,1180643,888936,1571799,963332,885689
2024-12-04 17:15:00,4581349,2657562,1538861,768425,1254637,1303268,2039928,1843000,1059339,1556636,1855625,1377274,719293,1268524,1507468,835501,2115667,1089717,1317156,1430226,1637876,949986,3610068,1065683,10125771,1363797,1123089,1751339,2727646,897204
2024-12-04 17:20:00,2457127,2234085,1062610,961294,1154969,931907,1362741,1917611,1288741,1367480,1653313,1249026,1091256,1147218,1428441,913618,2471673,1163084,3239627,1847680,1951486,1807921,9331917,1147407,2248546,1166058,1337725,1487658,1856602,1173309
2024-12-04 17:25:00,3048436,2720592,851614,1033805,1100845,1001570,5061527,1451944,1315564,1629144,1864414,967854,662377,1604971,1918627,1683988,2629125,1071766,4089146,1633399,2464742,1081438,4379257,2096056,3481691,1634598,941115,1947209,2156433,1501500
2024-12-04 17:30:00,3494760,3229524,971781,833513,1318001,1147966,4906677,1292691,1537255,1372377,1967336,2543866,694177,1629607,3227241,1683248,2280699,1060074,3230051,1122763,2159062,1343818,7618814,1449491,1025636,1614001,762422,1944552,1676250,988898
2024-12-04 17:35:00,4177264,2201235,1075919,1130833,1191675,981443,1672134,1144840,1225375,1596236,2167136,1389867,878976,1585292,1302572,1259483,1734072,1239914,709295,2162246,2278313,833835,2668200,1445793,1543818,1018543,704114,1578505,1255341,1027644
2024-12-04 17:40:00,3964638,2247212,1271685,1264524,1212022,1198833,1731735,1478474,1518635,1048023,1681532,1664773,559945,3079037,1527416,1229688,2302172,1132001,2192115,1602497,2539850,1116679,5239643,1624846,1644174,965127,1025154,1403912,1633531,1271786
2024-12-04 17:45:00,5084015,2960687,1096275,1271401,1555877,1308246,1887675,1151474,1495961,1138093,1551958,1856385,636605,2939935,1843057,1109693,2735539,1384501,1780797,1663707,2726877,1515309,6175051,1923902,1244307,1588217,999929,1249391,909889,1638847
2024-12-04 17:50:00,3499973,2887110,1727157,825703,1834119,934400,1822040,1171916,1532072,1356987,2477325,2233160,656562,3769244,1720670,1278806,2347507,1551765,903414,1478354,2077949,1097917,7153673,1802071,1248529,2618957,1047397,1163306,724493,1161802
2024-12-04 17:55:00,3513522,2679910,1479399,1071959,1532157,1051277,1335029,2244110,1525267,1847072,1890755,2480190,878472,3638435,1179283,1306279,2825048,1194601,4734033,905001,1959728,2289618,2750618,1523709,2087872,1657756,1133775,1395933,1156780,1033542
2024-12-04 18:00:00,4111522,2355817,1217062,1302269,2003040,1204293,1302881,2512242,1524765,2070776,2100280,1535290,755860,3803047,2921926,1368008,2557999,1042785,1667373,856637,2380793,1916881,2873252,1847254,1988479,2152977,962170,1309467,856369,1241137
2024-12-04 18:05:00,3861546,2712944,1146977,1122452,1491691,981982,1185006,2392112,976073,1210898,2148354,2385654,748759,4487257,1244355,1026983,2846181,1314604,2964940,1194716,2573161,1649710,2133325,1404616,2540994,1834550,952660,1382967,1109530,1066879
2024-12-04 18:10:00,3473119,3584761,1488667,1061381,1640056,1224795,1272248,3212603,1303336,1164082,2194960,1492115,752628,3421896,1094445,1440147,2899134,834268,4963188,1338602,1617558,1913545,2144987,1304007,1824235,2036010,1489134,1458695,832025,1453783
2024-12-04 18:15:00,3856824,3309905,1609619,1365696,1764726,2418160,1507368,3890829,1702659,1485187,2921097,2185200,660715,3396015,2724947,1156104,3203307,1308595,3526171,1339570,2219173,2265151,2658857,1810246,2868891,2532453,1335078,1126978,1725343,1326439
2024-12-04 18:20:00,3621666,2819909,1268005,721120,2125031,1982420,1724579,1998024,1696815,1677188,4118974,2381837,1088509,3164188,1129045,987464,3436734,1480105,1960915,1899286,2612130,2081865,2321212,1983484,1147105,1739940,1493215,1188997,1565724,1626792
2024-12-04 18:25:00,3542851,3347567,1524953,1306331,2499829,1148824,1675828,1969484,1790589,1418733,3623982,2836312,985076,2436344,1651103,825037,2738698,1489474,1060782,6143920,3255853,2524870,2890275,1636823,2182565,3067040,1278677,1342711,2607260,1647934
2024-12-04 18:30:00,3660991,2844751,2123141,1221128,1671340,2216312,2150357,1994257,1875576,1272651,3848417,3550219,1218960,2876342,1461219,1119311,2732361,1174839,600674,6172529,3160773,2093872,3238500,2397867,1572965,1975232,1092552,586440,1518141,1357886
2024-12-04 18:35:00,3123269,2508872,1529201,1068070,2148944,1899495,2199703,1469293,1371885,1030481,2897586,2350892,890050,2530808,1756650,1309561,1783049,944748,1277924,2051992,2873406,2165240,3799669,2991115,1545834,1492711,1155063,901412,1206795,1343825
2024-12-04 18:40:00,2973524,2101889,1734784,808394,2303796,1709576,2674901,2256228,2139972,1656255,3404789,2262632,521713,3792368,1618170,1267129,1751531,735502,706244,2696987,4098798,1581323,6907555,1720241,1410266,1308600,1542952,682985,1238340,1150015
2024-12-04 18:45:00,3703724,2572734,1589611,817545,2846948,2131124,2257718,2229529,1664675,1558871,3356327,1719879,456949,3336719,1263145,1436439,2038001,1324904,638650,3024583,2393338,1577880,2976677,1692415,1698670,1896483,1746894,926289,1436324,1621684
2024-12-04 18:50:00,3975179,3263978,1804697,1010931,1814487,1818722,2103969,2076498,1280974,1599883,2466277,1818034,839755,2604305,1214011,1977759,2308201,1373460,824291,1901946,2741696,1482418,4349634,1597763,1958343,2133483,1933190,1763704,1622325,1521884
2024-12-04 18:55:00,3280233,3585778,1536281,818052,1870027,1222201,1782500,2456293,1099958,1782795,2026900,1009967,1245508,3257854,1298632,1553726,2652722,1160787,1401598,1765615,1818579,1569648,3560085,2373056,1318578,2244239,1119530,692718,1470246,1467340
2024-12-04 19:00:00,3531354,3550357,1636679,1537254,1417560,2019469,1652031,1895490,2029952,1349803,1411768,1180809,1377353,3713570,1061163,1325222,3212373,1221802,970259,1424882,1279194,1527963,3389535,2930698,1920246,2152158,1281580,997213,1339713,1411277
2024-12-04 19:05:00,3388760,2899984,1940534,1456651,1699131,1598703,2353376,1895769,2017955,1299439,1624155,1679475,1523019,4090531,888560,1513397,3189184,904192,686829,1792715,864114,1587232,3520719,2674965,1477129,2204471,2138064,951392,1384175,1389833
2024-12-04 19:10:00,3709538,2588200,1715865,916736,3423968,1503687,2538124,3128541,2321828,1192569,1115941,1672475,1690932,4532408,645320,1716738,3135097,1675684,981714,2025370,1841385,1139989,4113338,2482613,2435822,1515451,2222690,1277038,1345259,911108
2024-12-04 19:15:00,4068143,2754491,1423610,1028878,2021782,1874274,2223844,2461389,1326302,1335625,1380147,1477189,1918731,5376406,1060320,1253441,3395461,829660,1192636,2065555,1509720,1165259,3456296,1916070,1598702,1661317,868168,2613793,1763795,650101
2024-12-04 19:20:00,3336979,3757911,1899351,1556031,1663447,2529432,2140887,3095123,1750463,1606807,1625378,1982439,1158871,5638380,1132771,1492016,3007095,986991,1522124,1857051,1915468,1669048,2486083,1988127,824125,1550570,1565720,2306566,1241035,629675
2024-12-04 19:25:00,4017039,3033538,1805025,1284567,1976052,2381870,2689413,2580580,1285714,1397624,3099264,1814511,1025720,5125457,1297383,1895617,2812970,1298306,1652814,1855754,1802347,1800113,2285768,2135388,1295075,1403143,1002488,2823527,1256599,1441865
2024-12-04 19:30:00,4587141,3499037,1999568,959265,2135999,2240947,2565419,2051936,1354374,1580126,2749999,1470156,1179619,4498598,1241577,1782547,2138228,1455305,4061478,1520799,2106405,1387244,3625596,2218674,1331971,1545617,936963,2987720,1359387,1132671
2024-12-04 19:35:00,4350245,3143650,2121314,1067290,2931726,1985892,3512948,1602575,1091055,1406580,2223911,2265147,1026842,4298139,1214777,1681168,2236021,1211161,3712495,1516310,1588162,2039486,3575876,2080522,1247309,1389208,1076241,3126566,1687008,1036347
2024-12-04 19:40:00,5132468,2595418,1904932,1608047,2346950,2314303,3562200,1245691,1810129,1597018,2317163,1528234,1019496,4467164,1336432,1111402,2502508,1130103,4046352,2120463,1285682,2078449,3907251,2611168,1321410,1148390,1197893,2735917,1726718,1672975
2024-12-04 19:45:00,6190041,1955405,2554435,1169856,2273701,1744370,3497431,1344126,779918,1495622,1904880,2535460,1222582,3941597,1256928,1191885,2063811,1140796,6629165,2115786,1445440,1768471,4117708,1156819,1952255,1453274,1139279,2415535,3285703,2146578
2024-12-04 19:50:00,5307637,1788812,1882467,986759,2368801,1858604,3250423,1842885,1059635,2086025,1920160,1852377,1178405,4264614,1613119,991011,2597806,937817,2122206,1432568,2591179,1672237,3629986,1268937,1550279,1083699,1405956,3714612,2527017,1739030
2024-12-04 19:55:00,4357985,2070165,1527642,3810937,1749845,1924499,3630730,2819496,827836,2040527,2434044,1616579,1171376,3944698,1130515,1815793,2225471,640166,1148473,1803532,1120821,1620473,4173460,1274186,746697,1362177,1817424,3807596,2631306,782413
2024-12-04 20:00:00,4136180,2763504,1883912,8381211,2249540,2069193,3404700,1963314,915980,1555172,1949637,1917677,1442814,3690749,1090332,1487460,2860952,1162084,1528294,2306998,1667146,1323807,4110658,1553753,1023172,1325305,931975,4360934,1609836,799104
2024-12-04 20:05:00,3735291,2140484,2039960,3622696,2259503,3281469,4035582,1460734,1536820,1422724,1806694,1615614,1592036,3503483,1271970,1584523,3526095,833819,4836491,2779659,2198214,2067498,5443185,1412331,1352018,2703027,1235131,4363653,1881036,757612
2024-12-04 20:10:00,4969217,2239750,2353805,1700644,2075660,1776880,3615218,2299102,816255,1788102,1619509,1712969,1296319,4548820,1581375,1609008,2783575,1452159,2581660,1481892,2278194,1539009,3529470,1589674,1428713,2130855,4836955,4568429,2062648,875951
2024-12-04 20:15:00,5726338,1537833,2286874,1267845,1556486,2307612,2947463,1145383,1062330,2332860,1421513,1233081,1838018,4265785,1674814,2317876,2946202,1127777,1213023,1360925,1641007,1835663,3703759,1692851,1918550,1435642,1501349,3759535,2092664,819912
2024-12-04 20:20:00,4655251,2371246,2191579,1162776,1636981,1522022,3275443,1326825,1264830,1692415,1625296,1242572,2292449,4396937,1628947,1565825,2020111,427126,1444574,1595773,1800820,1456689,4756256,1127337,1377896,1227500,1881829,3434257,2451016,682055
2024-12-04 20:25:00,5289278,2792662,1799052,2102024,1710345,1707728,3259379,2134229,1331350,1348345,1889185,1192760,1765877,3291644,1240215,1744294,2880691,647565,1240226,993975,1896520,1840108,4280714,1345709,852331,1652166,1815428,1995599,1719121,1062397
2024-12-04 20:30:00,4865201,2708748,2780370,1879656,1569200,1609334,4033292,3174653,1408586,1240009,1527920,1215102,1526292,3494417,1167421,1251419,2818548,2519075,994943,1130196,2673249,1707390,4250003,1709127,1912919,1654712,1226425,788304,2029955,1036992
2024-12-04 20:35:00,4323806,2749678,2620972,1862709,2377566,2025713,4300828,2465075,1006350,2046070,1694325,1116627,1893641,3943837,1274469,2443232,4774057,708290,679103,1299941,2468185,2270640,4506255,1551281,1237763,1936163,1526128,1629589,2216020,1684598
2024-12-04 20:40:00,4346132,3015627,2178640,1935080,2780681,2064769,2771828,2344190,1164384,3000002,1755451,1465822,1227238,3317624,1750199,1623653,4242013,1149316,1696662,1229418,2053385,2405063,4204678,1935808,1461819,1873954,1293437,1257617,3106424,952880
2024-12-04 20:45:00,4912271,2756019,2656564,1785994,2422034,2059229,3164681,2092714,1006144,2568102,1797449,1830686,901719,3382435,1510861,1519369,3724875,985050,882337,1609338,2995997,2118192,3991729,2054281,1282527,2301017,928600,956460,3656730,1211287
2024-12-04 20:50:00,4386515,3149519,3145309,2071154,2713361,1688901,3363857,1995726,556015,2190238,1579238,2292727,1083345,3804837,1275933,1019465,4171197,1183101,1147266,1812630,2974963,2183495,2889696,1973455,1219446,2528531,1063088,1482580,3674919,1123457
2024-12-04 20:55:00,3387767,3347184,2499518,2038779,1602864,1858035,4174399,1955380,790016,2234375,2485229,1532306,972691,4965028,1258469,981401,3668261,806917,1863587,3622228,3447664,1450142,2560180,1986702,1300814,3737206,554788,1225273,3652005,1049509
2024-12-04 21:00:00,3419633,3907023,2293369,2348767,1808586,3307669,3729809,1679673,945087,2023943,1844388,2192271,913450,5329167,1997717,1063599,3321267,917006,2042391,3813294,2687230,1920162,2733734,2005520,1654134,2864356,776285,820352,3366874,611091
2024-12-04 21:05:00,5681830,3784447,2585309,1579702,1833644,3922210,2391297,1184112,1074254,1667623,2227069,1547226,1608000,5475180,2450877,2620187,3691341,1075315,1955325,1985192,1507508,1796348,2073205,2554999,1715806,2499860,930222,1009972,3227473,2561278
2024-12-04 21:10:00,6675586,3425023,1378839,1447368,1878579,3780560,2403918,1592955,694979,2638583,2114462,1734241,1422201,6063507,1987093,1466607,4737023,431857,2334525,4161534,1989266,2416983,2756670,1372324,1581423,2793344,1074636,1560133,2670468,994682
2024-12-04 21:15:00,5244781,2533470,1407731,2061433,2548424,2759081,4185028,1901638,724010,1598033,1779547,1758512,1190806,5345289,2612220,1506373,5138173,461650,3108954,6592181,1440610,1979734,3150149,1333815,1340620,2075701,1280741,1326900,2924933,1028960
2024-12-04 21:20:00,5682207,2181340,1713086,1639454,2555708,3397873,5441103,1440522,1215320,2104866,3036709,1046363,1048793,5480069,2025066,1339907,3832677,507981,2786455,3061384,1818417,1677398,2801925,1621380,1431110,2615792,1509973,853464,3084553,1120307
2024-12-04 21:25:00,5882247,3146916,1867055,3202776,2869817,2642518,4410600,1324584,922682,2196941,3424706,1109397,1114239,3874807,2212563,1701727,3729022,639530,1577687,2270525,1068118,1553988,2829670,2379980,1101665,1648815,1212950,3515396,3106746,1446676
2024-12-04 21:30:00,4039381,3265192,2055161,2155812,2689905,2813611,2567755,1553979,1915332,1639768,4323852,1396332,1116832,3033761,2963444,2006049,4633705,735093,1740853,2401871,1467796,1005079,6819373,2627576,1721467,1792601,1456472,1459174,3410132,728108
2024-12-04 21:35:00,6309056,2169491,2470279,2162382,2921781,2381292,3572547,2382359,844496,1882006,3846395,1280485,1205696,2958498,2726493,1371899,5227298,595799,1559202,1979424,1161284,998528,3208143,2587159,1983225,1797854,1607696,483038,3452805,965761
2024-12-04 21:40:00,4659432,1725800,1805529,1606671,2629989,3229698,3551766,1518406,1156852,2002136,3313249,796628,1452746,3110532,2342547,1333553,5972445,476409,1425401,1946344,1261542,1268022,7789002,1628618,1738278,2069084,1574816,643531,3504056,969902
2024-12-04 21:45:00,3295049,1904646,1759566,1223748,2248258,3116007,3078485,1838025,880264,1511006,4363114,829292,2064210,3040962,4289776,1050706,5673314,563081,1487162,2252220,1483314,1517957,2811894,1580006,1701240,1821323,1361141,925163,2266557,583129
2024-12-04 21:50:00,2825442,2601931,2109752,1167757,2800008,2546635,2454767,1826113,821865,1595952,4390373,1306842,1723695,3425695,3311809,964175,5883318,833616,1307152,2114881,3114856,1471008,2498369,1479128,1323611,1905884,2726181,1238769,2043588,567410
2024-12-04 21:55:00,2994515,3151871,2440788,1043450,2986802,2768015,3057652,1671930,935273,2334508,3966145,1163753,1769982,3598818,2511280,805476,6755535,1188109,1539857,1655550,1235168,1932509,2609454,1408508,1708261,1464569,2166392,1023353,2053466,588523
2024-12-04 22:00:00,3751923,4439966,2052786,1119737,2685355,3780995,3837002,2052018,1005777,2895628,3785948,1535825,1179289,3941360,1974723,1440327,5302240,1824226,1161636,1651764,1411363,2271642,7304249,2393173,2759085,1928193,1619317,889630,1245239,712439
2024-12-04 22:05:00,3805435,3589238,2395491,1449971,3425518,3316532,3481264,2416632,1051991,2963389,3443483,1174639,1489625,5017227,1721315,1055128,7808120,1586047,917572,1586603,1806601,2521115,6416197,2390115,2430893,2148012,1607993,706341,2027651,854765
2024-12-04 22:10:00,3816522,3046532,1637944,998029,3556117,2609897,2880844,1364300,1257485,3072765,4069568,1178093,1780424,4442890,2177439,2052760,4067600,1342746,836936,1197638,1136244,2311960,7210005,1900774,3269964,1467591,1617588,697405,1147359,796893
2024-12-04 22:15:00,3944363,3494377,1713595,1412137,2779642,2724655,6129113,1612809,1173118,2977423,3237958,1400880,1581792,3755317,2498255,1951123,4144354,624870,974575,1452508,1317478,3020863,6111995,1406123,2429573,1147376,1545699,993938,1337271,690695
2024-12-04 22:20:00,3985776,3238773,2012466,1153031,2638459,3265874,2752899,1946139,1090662,2762697,4734081,850165,1559614,2718780,2635853,1781088,4458484,1032439,1433500,2087265,1157114,3084853,3411794,1532297,1706678,2153011,731079,1086555,1488600,1253921
2024-12-04 22:25:00,3509592,3421794,1417210,2192830,2211844,2995239,3652990,1651136,1201283,2619333,5232900,858838,1331846,2620909,3174209,1701812,5431951,1292234,1804932,2127080,1323520,2601121,2578004,1205693,1483666,1970666,971586,1303411,1720619,957468
2024-12-04 22:30:00,3967499,3404520,1590418,2819627,2631413,3237741,2689119,2484544,1351797,2548304,4674042,1239453,1669073,3031737,3778895,1371865,5760203,531828,1051429,1895819,1143643,2572504,2730425,990378,968767,1662174,1479921,1453507,1710263,824499
2024-12-04 22:35:00,3264691,3245638,1399093,3880063,3236445,3689825,2161861,2067098,1256338,2270823,5328628,639490,1609764,3103274,2725752,1147710,4652042,1350439,1565665,1621686,1418519,2715696,2937867,1444478,1361515,2018701,1386845,1348557,919580,904375
2024-12-04 22:40:00,3223779,2959718,1432178,2636382,3188675,3236049,3067041,2134874,1041872,2300507,3742705,899191,1064512,2121159,3612056,1484140,4719140,1062228,1623714,1789476,1733484,2620524,2907477,1558286,1730794,2018239,1854663,1708285,1059609,754665
2024-12-04 22:45:00,3792310,3131143,2050264,2800260,3003500,2052447,2426444,1732355,928737,2978163,3703893,980494,938305,1867153,4022903,2488075,4714590,938612,1604036,1329989,1669488,2505609,3140632,1434108,1183409,2750367,1698558,1571900,1953483,782593
2024-12-04 22:50:00,3837866,4337336,2073237,2011974,3560775,2209646,3040128,1966126,1480232,2630517,3754811,806868,832096,2915730,3167081,2410395,4937796,1019018,1159570,1526796,1298992,1842200,3155956,1251035,1123839,2261134,1153901,944321,2172721,927092
2024-12-04 22:55:00,3563635,3207838,1530442,1686186,3104801,2669748,3252280,2696244,1011922,2571458,3548318,975911,900693,2933388,2623886,1533000,4818262,633691,1118184,2210760,1113257,1307309,2862438,1519330,948879,1602587,1379640,811530,1233702,998246
2024-12-04 23:00:00,4594865,3097925,1445275,934677,3113584,3758885,4127622,1996136,1352078,2451744,3133798,1120780,831964,3024732,2946331,1125760,4800186,617489,1203975,1966034,1302907,1091208,2641820,1537843,1024753,1769943,1434553,897503,1020283,713303
2024-12-04 23:05:00,3198028,3445605,1388157,908776,3619919,2554056,3725178,1664597,1639531,2330464,3126148,2212234,841959,3504000,3431198,859018,4863111,1265926,1191939,3209247,889802,1182942,2119574,1109810,1104202,2438717,1359649,1095999,885943,801134
2024-12-04 23:10:00,3261528,3699697,2281838,1386916,3316219,2696244,2732774,1559909,1272444,2369769,2750818,2177192,1000698,3954254,2939653,1564220,4537875,334044,1518293,3387684,832280,1255563,3012212,1108932,946099,1649984,1266960,3114153,926500,656602
2024-12-04 23:15:00,3676250,3534032,1847874,837350,2396658,2741970,2536534,1390446,1263873,2324184,2825227,1935455,1130186,3091800,4761317,1477185,5599797,211314,1914069,3326074,942517,1365812,4025838,1320188,744793,1458120,1326648,3168213,1075297,921683
2024-12-04 23:20:00,3453825,4411677,1684424,835021,2550853,2097262,2994024,1415576,899656,2704111,2735229,1412962,1254769,3500673,4314098,1254710,5245135,363502,1727916,6469962,1226302,2828233,4103087,1176188,470236,1274641,1157587,2953062,1358732,616305
2024-12-04 23:25:00,3732511,3517225,1602143,906202,1963825,3066611,4244549,1009501,907677,2508498,3047949,2341731,1185083,3633491,4607379,1436079,4086093,383377,2361943,1767244,1203050,1694935,4170243,978790,762520,1382913,940948,3797058,1032111,620211
2024-12-04 23:30:00,3454020,4215874,1639412,876686,1783431,2788722,3921318,981578,867996,2794437,2742630,1242871,1170540,3586220,4383604,1288142,4268320,391280,1547996,1453038,694982,1536385,4911562,888026,638655,2015328,797057,3234035,919936,417439
2024-12-04 23:35:00,2830966,3797711,1679414,996589,1819383,2302848,3183208,947801,934858,3275860,2909208,1934175,1201668,3891428,4504389,1437977,2971535,455380,1498013,1407302,717837,2480111,3296211,880182,531959,2157175,1082948,3511760,1132368,719490
2024-12-04 23:40:00,3140754,3881928,1289554,510122,1879579,2040489,2977899,1044597,1014730,2886657,3506656,699516,1131063,4907602,5335698,1229723,3053460,494480,2191354,1980661,1174645,1724648,2721608,827700,637773,1913271,1933042,3422650,1042391,3519860
2024-12-04 23:45:00,3537071,3568764,1485006,792834,1773139,2064294,2110030,1072723,1054726,1828125,4506735,501983,801493,5311384,4891383,1063492,2722237,382652,2348134,2957189,1221514,2888253,2375569,1073421,444768,2164018,1683221,3306561,847351,574681
2024-12-04 23:50:00,3021132,3285715,1915436,953315,1383831,2808810,2324228,1233635,1240960,2058541,5975757,477856,881036,4813669,5838396,1059975,4073259,262642,2107973,3140356,849122,2848200,2341629,920590,560945,1562122,1256741,3093075,1598161,385472
2024-12-04 23:55:00,3841147,3577982,1464811,321701,1873366,2054283,2442641,1073097,1266750,3007266,5083987,741599,678248,3154055,5321192,1190374,2918994,1069876,2179934,3311738,1695249,1312081,1696048,598483,1096835,1525895,1134279,3316343,1380772,283604
2024-12-05 00:00:00,2740931,3189039,865071,562450,1601757,2290852,2320236,1213764,899610,2361562,3810838,610422,642296,2762758,5124689,1323981,2374813,634777,1669892,2847921,932157,1160013,2183131,857495,623460,1736164,1210762,3502348,924252,479353
2024-12-05 00:05:00,3769231,2867698,1118868,493966,1428887,2201584,2258364,1472507,1201214,2266232,2321808,743861,692870,2848148,4438029,1068499,2721387,306586,1461291,3104331,584815,999062,2369923,1208111,388829,1775626,950483,3503609,1116606,315554
2024-12-05 00:10:00,3487344,2952745,1190948,269959,1268584,1826435,2068668,1469592,850698,2837433,2268448,1080198,697478,3092241,3114672,2674218,2044439,893569,1817335,2956487,344317,991545,2320705,1159422,324478,1050888,1591568,3043639,1410188,254699
2024-12-05 00:15:00,3356591,2746635,958890,324606,883226,1368570,1651553,1437096,722519,2792808,2947958,1107786,677275,2810954,3544973,12670799,2273491,196737,2206745,2470979,613651,834227,2355053,1113493,567174,753903,806195,2865133,1554982,231416
2024-12-05 00:20:00,2726965,2375102,966404,256521,1067043,1181906,1630707,1046868,636725,1819965,3275311,1041292,639140,2956385,4110518,10050101,2017449,722521,1683446,1908025,463390,691069,2441610,1122672,1060049,1009913,718271,2910215,1931987,707979
2024-12-05 00:25:00,2240048,2411648,976061,273905,978661,985706,1656775,1221012,760587,2024544,3643442,755570,654120,2652378,5279422,1154970,2054455,350174,1996936,2398443,359893,621049,2287099,576838,891195,1407075,469039,3322849,615740,303289
2024-12-05 00:30:00,1481546,2173214,986891,195005,903577,1025320,1272064,1065069,756441,2095206,3053180,636275,833575,2926909,4187966,1172605,1781355,282573,1681220,2437237,358134,591483,1741921,691861,311904,1052910,497752,3512633,478173,384356
2024-12-05 00:35:00,2653545,2373198,1083560,316851,842950,1177500,1140534,1726622,690135,2872574,3623143,621344,956682,3586906,5055703,828201,1769897,225911,1485054,1730312,406524,641406,1517181,754928,673588,827358,588002,3166204,614548,208912
2024-12-05 00:40:00,1986085,2839557,1072296,154204,1028725,1430593,1336132,1077977,560096,2393053,3894665,1248479,1395587,3764031,4773883,618335,1207449,92571,856374,1756620,476228,1807273,1656513,710838,1009999,861185,516151,3055118,618695,228877
2024-12-05 00:45:00,1541019,2647775,1705847,222250,812619,1287762,900910,1184503,445794,2415798,3774509,1066082,753499,2897315,2830094,708069,1753458,1202600,721293,2076303,387838,610264,1721159,569855,602627,848724,470542,3041262,628041,274073
2024-12-05 00:50:00,874798,1956152,1655836,269868,1041289,1229901,1089311,1408312,347835,2164990,3027641,348544,972324,2116179,1806725,553861,1613629,2182717,817796,2193608,561473,519180,1537676,465500,802159,1267226,733701,3179939,455012,266014
2024-12-05 00:55:00,857305,1654221,1145733,114431,1150255,986344,900953,1433671,363897,2410607,2827828,362719,682441,2827859,2053628,472940,1584303,10215644,400101,2247849,446298,815938,1430636,437353,930317,1153424,361232,2824707,678288,172690
2024-12-05 01:00:00,1208926,1419398,1081352,205583,1517863,784263,732351,807845,372589,1900610,3154235,529389,1194303,2754128,1596951,594792,1194194,815518,440774,1791691,363029,1070716,1532178,501588,719623,946297,437418,537486,771398,117082
2024-12-05 01:05:00,1155958,1243340,1056624,388542,1212283,963876,615918,1271946,328076,1892641,2814147,785973,1245771,2852468,1948838,644658,1444967,171718,377320,1158394,347388,841037,1355260,562877,812899,1113621,455623,433421,539809,71899
2024-12-05 01:10:00,790372,2302912,652104,68992,1401646,552149,622488,1029938,387220,2208322,2476753,588201,979835,2781769,1608244,549982,1332837,142531,300761,889073,323085,1063520,1294381,2229597,507568,1444393,293596,526410,700965,143576
2024-12-05 01:15:00,557415,2667744,603678,320719,1401969,1029452,705003,1129513,358136,2134808,2164279,467036,644053,4051049,1539291,615602,1101262,133756,796592,617758,254400,756289,1479363,3205423,253035,846829,259479,566861,513981,150808
2024-12-05 01:20:00,386951,2486038,627138,166757,1043170,583065,1144242,948476,377261,1929094,2546991,608296,561665,2471809,1147809,415788,958690,197389,763130,529071,306095,874203,1090414,1306973,407569,1053079,294098,497929,358540,211862
2024-12-05 01:25:00,751608,2444362,815797,137869,849735,593851,737530,1089368,170911,1933604,2577856,636618,561328,2964759,1328928,491925,704166,123184,649920,901250,402040,949874,785182,721599,306828,1217120,324478,611177,407535,105284
2024-12-05 01:30:00,566909,2501724,875796,111578,669298,565694,1218917,982057,199400,1770562,2065248,558565,433183,2173356,1195956,449298,774111,166304,284440,501854,325196,949541,797220,1653912,343996,758897,233682,548060,482426,129642
2024-12-05 01:35:00,458824,1762333,1114246,91232,525587,585805,976778,814897,92365,2685734,2519207,682794,349451,2859656,1711611,332943,819759,93046,453260,300389,430754,847203,698288,2370527,629182,612792,427987,398086,355534,125098
2024-12-05 01:40:00,607920,1708606,785201,155285,700395,436589,1411763,651538,74130,2122200,1868735,526482,409147,2243495,2189694,355302,624635,132156,701378,358261,340022,799623,600074,626181,664668,741449,363129,193361,357272,115633
2024-12-05 01:45:00,502190,1597191,705416,589463,618970,414410,1070871,1215751,84249,1817326,1322893,511197,419231,1784498,2034592,389149,579494,406294,471235,356199,1047109,1081173,683153,545057,377071,775279,323131,196905,352694,56820
2024-12-05 01:50:00,385121,2220093,751267,346280,1067521,354725,1234468,549220,456430,1219773,1419497,1045635,529304,1385077,1955525,406946,587082,81540,189616,415372,362636,880046,608007,238869,262702,601992,304248,276584,372393,48259
2024-12-05 01:55:00,414371,2612777,816561,549443,549635,265390,609772,728917,178079,1221593,1797220,827921,498921,1187518,1850394,282766,617505,157788,310120,381189,1018531,675908,707446,284243,232715,706877,340572,329774,386882,116908
2024-12-05 02:00:00,452853,1862669,737597,727970,506673,268252,1222553,591980,156029,1098106,1860624,457209,425169,1599571,2099639,288974,527800,74723,322091,341847,247698,468688,603533,259364,199291,814978,342341,316752,661313,70075
2024-12-05 02:05:00,286271,1804613,1188331,613377,401974,204932,835894,779506,47504,808619,1552115,424098,486968,1812246,1968661,337071,395897,66647,539975,353182,192082,456442,747447,223456,223512,653262,254409,226455,471846,135136
2024-12-05 02:10:00,301164,1662026,1339779,78751,465203,167335,683593,856632,120015,673974,1966935,468684,408847,1725920,1419409,581455,448544,118031,382540,274418,261445,418886,881969,209460,152562,464820,286330,144407,781564,125527
2024-12-05 02:15:00,475007,1652301,1260322,104948,392035,141083,532164,826307,93500,837974,1035301,481997,374618,1717040,1376616,430850,392631,67702,526831,278827,216537,474077,546150,298763,205585,548612,279023,168662,423970,114810
2024-12-05 02:20:00,341118,1376611,1322688,136965,429027,184987,475053,766775,106717,769689,987844,392137,336607,1622129,1910705,400256,547746,123689,427826,397788,255419,345564,451905,979028,200688,290239,210401,161103,367716,60846
2024-12-05 02:25:00,391243,1290287,1094009,243628,744617,136757,1097194,558170,138778,1005299,849803,353840,338295,2331513,1631118,588616,851912,46500,540116,273570,263328,324252,542063,301156,299259,356397,158400,207423,351821,96246
2024-12-05 02:30:00,323108,1219448,1277649,201970,563774,51548,993179,883164,137890,703485,1067025,479758,318668,2058299,1370615,408789,468342,60858,253968,201096,234545,293364,1932126,579954,157427,273102,309319,259517,390480,116277
2024-12-05 02:35:00,355845,1432568,1306379,107241,357245,58948,701163,931043,180410,489329,760828,530496,262925,1765171,1319630,339267,349092,45301,237781,386655,241872,201577,1554856,465582,103310,268760,217246,177316,507606,36874
2024-12-05 02:40:00,325500,1638788,940478,65590,369105,90291,552066,820661,301112,635367,970078,472478,226502,2108921,1054727,304179,355156,75972,118404,222527,216637,362940,906476,164628,130376,213464,140461,110521,335936,58789
2024-12-05 02:45:00,306065,1286748,684319,32589,320527,159159,572720,445507,520991,706687,977342,355354,212734,2049980,1202905,228501,319162,46085,77262,528727,365136,235421,466549,143208,308510,194499,90248,141970,253930,32915
2024-12-05 02:50:00,287657,1493179,848331,55858,270914,177277,3004225,840786,219249,469181,1200497,391601,276084,1633328,1478579,282525,315603,71439,100510,756766,525908,260438,348542,144535,91634,260510,145819,110898,434676,24895
2024-12-05 02:55:00,331214,1458242,706704,39668,546773,190964,4137390,432118,152353,413391,969555,312537,386853,1255644,1792615,219021,286470,72289,123692,642894,385966,222956,377072,195649,101701,178910,177683,166550,284625,95293
2024-12-05 03:00:00,346107,1679186,676104,59834,803974,237043,453034,572164,202522,423554,696491,253137,332564,1312241,1723554,382501,257685,58584,115730,208678,735725,271955,370766,276386,66638,197208,177148,98255,363341,35245
2024-12-05 03:05:00,311493,1295758,921355,137798,863585,99542,2205023,742208,133722,891896,521391,260362,359205,1299661,1754322,423723,391305,67514,172618,196300,280661,255870,475398,162955,203534,237346,176065,118739,246231,97737
2024-12-05 03:10:00,309547,1890630,1207637,219004,937943,85307,1723963,1042565,143026,718142,696868,289551,293725,1314462,1713933,211050,121462,86872,125065,244916,215175,245936,392423,153228,77304,242834,127260,157165,238181,208731
2024-12-05 03:15:00,396565,1463026,735994,159704,723014,99212,247772,777510,124386,669318,461757,355649,310008,991172,1271797,157996,158711,84352,131379,217755,142233,390492,618361,250616,107947,335706,178069,98269,193879,148716
2024-12-05 03:20:00,316839,1633754,456591,42042,878951,133543,203728,646166,131612,723942,617712,282924,315159,694477,1241372,178003,120785,186761,103802,181077,329699,206301,850862,194643,86121,331956,243494,107860,286036,105158
2024-12-05 03:25:00,265871,1543123,432443,50198,744713,104974,374602,401282,106245,970085,598638,223632,334905,526925,1083689,142723,222005,58000,107360,223564,660168,195415,375550,209010,67990,263532,146644,87254,150408,216705
2024-12-05 03:30:00,218900,1214632,453450,27334,589053,79077,249675,313820,82241,617269,2333280,259198,310888,565896,1831026,139900,163695,59551,77149,247704,757118,2336907,404389,233790,117354,253769,114851,126324,192762,53773
2024-12-05 03:35:00,250089,1145786,477892,53107,479951,67381,331919,462145,82042,412241,1503128,228646,382943,575347,1935691,151463,173193,42430,110783,189224,589098,1418535,320101,230211,133768,264455,294177,114202,109288,109531
2024-12-05 03:40:00,216464,1079580,481534,119973,607317,56591,240563,402617,77350,318235,450497,357297,327077,668499,2059660,387326,166670,43139,99185,130136,275153,1364973,280404,127381,820709,309617,79421,193938,142217,38929
2024-12-05 03:45:00,273797,1216747,533839,51225,619242,102885,344637,230597,185712,378902,453212,514835,227097,656140,1701706,200691,114943,56709,146630,171856,120779,254031,309110,151536,140405,304582,101194,153539,184315,35690
2024-12-05 03:50:00,320566,1938985,487755,39169,564094,64335,251271,298996,153230,301236,575016,413536,261578,574120,1699898,167402,91903,132039,215167,290695,209885,220653,307629,134194,177273,233061,71689,199956,109331,44129
2024-12-05 03:55:00,338784,1412258,546659,335898,396106,72367,255223,210295,94845,298809,430034,592844,338361,463646,1756657,210820,99077,40200,231260,277449,240309,212529,276529,175386,202140,351981,114874,184054,188388,40462
2024-12-05 04:00:00,383972,1049732,410554,45769,444730,91850,347421,296562,112060,328235,316089,391974,687498,535239,1743798,296682,82126,28010,123943,259206,370902,244489,275262,130031,204726,596012,335864,122839,98502,61037
2024-12-05 04:05:00,382311,823315,486769,215302,506390,40108,3328107,227300,103161,240072,389886,311513,714431,969213,1551668,384178,89953,25732,103191,186464,529992,191717,246092,118632,87652,576073,219578,87186,107776,124556
2024-12-05 04:10:00,338648,946976,472671,1377057,406592,68905,1120580,243567,150067,270053,370481,354799,519782,692612,975203,172600,62433,43867,137877,194707,180535,223091,302715,260804,359902,959974,79948,98577,65436,32454
2024-12-05 04:15:00,291169,1098212,728939,31021,219180,131394,203928,187167,113703,190290,464239,327165,222340,515372,1080177,322136,81405,45895,180616,205999,208245,208223,233461,124803,116277,934493,102379,79167,123274,55970
2024-12-05 04:20:00,278360,829493,607631,41190,311834,82916,218192,258401,49140,209644,303769,346747,215195,508492,1340213,283274,50023,119912,108320,151381,262017,187490,412521,294150,226185,596792,146844,53073,154885,36077
2024-12-05 04:25:00,241727,879309,1011717,65202,202018,83471,209232,183256,121921,211715,262698,343883,197616,450645,1153561,251295,58574,28332,113883,159125,286609,357657,323787,114784,93206,518536,267602,30681,49332,86162
2024-12-05 04:30:00,237591,982141,727433,29915,498644,92056,176179,171102,29228,197302,334884,355073,249111,490926,1083946,292479,80080,75303,266894,155906,286498,273784,298091,104579,51705,714993,326783,80965,84560,91888
2024-12-05 04:35:00,303968,822704,179438,44191,208231,75633,160490,220525,40708,223849,1565973,315337,169464,793836,1117673,333996,76399,80944,161199,90182,281558,239031,432731,87019,54193,593674,227656,33961,125118,74725
2024-12-05 04:40:00,185955,802221,353692,53375,144261,64366,256105,225104,56603,221083,269210,363194,163935,1032328,1014959,255563,112145,62909,156402,148027,344411,189100,378813,109776,169348,506277,221142,58299,116013,43761
2024-12-05 04:45:00,200073,868040,129485,87739,181884,58210,325038,225724,104319,222198,179731,226519,219823,639913,1057661,281623,138474,14195,111291,80193,298292,217537,354945,58033,105477,454574,238918,63200,86226,74117
2024-12-05 04:50:00,591192,1633781,433451,72460,168601,62411,411760,378022,92828,176880,1058891,282102,212563,2660276,1028953,202068,143423,34882,95109,51028,174403,207304,232764,57839,79479,462929,285876,93288,83390,50199
2024-12-05 04:55:00,890797,1475392,840510,51256,174988,47953,267066,265925,85023,163983,694880,185354,292679,374827,1018215,298086,96073,11165,128815,82167,308930,276518,204777,49969,80317,476459,254848,122326,222145,92961
2024-12-05 05:00:00,323893,740965,968872,17844,198388,56435,295313,203612,62220,443210,177901,644649,356688,366226,873929,221632,73959,9346,198952,186974,199986,652322,219419,64014,50471,1130031,162870,152412,194092,56608
2024-12-05 05:05:00,281780,890691,1006223,18729,193938,74418,155533,217079,45344,389999,170899,93517,366361,291578,962624,279647,115816,20811,99078,69554,135620,6138677,272201,64099,59280,948503,130380,179569,56544,50301
2024-12-05 05:10:00,203955,935472,614720,42685,158755,79433,286844,319691,69247,208499,185063,108424,320793,311179,971986,333498,113965,61139,117693,51445,323425,8324048,224994,91466,132049,1003779,137017,159603,51568,66230
2024-12-05 05:15:00,853383,673029,643999,340763,170586,70842,356561,165154,127476,175340,222016,86373,289485,284373,1006792,160085,76691,37974,128375,115819,165295,7249019,217239,67976,319162,761865,132583,161062,88322,259019
2024-12-05 05:20:00,145227,836092,323503,38796,152015,132215,186322,214863,98019,135147,273285,94460,284300,2831625,1016536,135494,1981255,44321,104046,70287,177063,250974,193062,130886,49806,157556,87595,119820,111551,318692
2024-12-05 05:25:00,186520,1062093,240999,72312,261338,86507,255060,216956,186157,166193,238964,57688,273099,6158238,742607,139359,4575358,26190,115100,57799,144189,373881,234046,193875,66652,426242,121307,118817,108273,504668
2024-12-05 05:30:00,178534,1272207,227587,122065,207258,60120,165960,222181,118342,178386,266337,74102,257071,3258842,486908,180572,7428191,13702,131117,97939,205939,477464,217080,86255,38156,1037232,140578,103993,108369,356828
2024-12-05 05:35:00,185521,898001,437748,46541,214200,84786,219751,299582,146262,138355,293303,65119,252080,342890,135493,124871,6544463,24136,57395,102373,2093648,313615,251774,75179,70653,528303,111342,139502,154192,143453
2024-12-05 05:40:00,127816,755021,233412,68299,191414,59728,219706,286312,159077,152392,286462,54479,240230,621897,586805,156131,4333073,36374,59437,142350,280197,344295,316686,44270,71059,423768,103896,129285,75461,81322
2024-12-05 05:45:00,292661,636350,142714,97375,229406,64616,232636,554705,138875,162387,286590,111194,202139,405383,722367,176963,4882783,33329,66327,87139,436134,442759,278286,63843,64963,539679,130177,144313,105163,81556
2024-12-05 05:50:00,193489,520381,229255,290876,225997,31565,228466,294702,84504,144985,275691,87216,189678,397082,610434,215425,7365964,26639,146610,63251,1553403,147687,363332,69420,71070,210358,94695,96732,128863,75280
2024-12-05 05:55:00,199032,501680,245323,739344,191566,113833,240947,303846,76110,109379,242817,111160,198653,369764,567533,251235,2748044,31823,138798,76588,707639,229766,260183,132073,72922,140279,151383,125697,174635,56368
2024-12-05 06:00:00,201266,994961,394153,734262,191879,58394,270055,240797,128692,265531,332769,52620,174278,510978,201667,287397,73729,43122,126326,162052,2059858,174175,246541,122695,75411,282556,192462,137035,80737,62036
2024-12-05 06:05:00,222123,670784,248784,647217,198322,291196,231667,351182,122882,309935,337227,156880,233414,363134,166694,220557,80725,54549,236195,167242,2258121,135146,726705,100575,67073,427386,137788,91433,90980,99849
2024-12-05 06:10:00,317430,887106,263541,453270,253093,142145,222109,691588,113104,209096,348902,120462,236280,624253,147314,239849,109001,50554,229478,164475,2206444,160247,2938756,103814,40158,248511,108937,104567,147405,93021
2024-12-05 06:15:00,271509,793438,376801,119075,248922,118719,266071,277242,190795,158392,316681,53279,180817,312170,180409,201487,91437,44556,176453,103162,2345428,270304,3221313,168464,63351,401071,131845,118454,103380,86666
2024-12-05 06:20:00,370915,1051671,286407,159259,244361,59866,296059,357768,221030,482497,559178,72234,215843,432262,264599,314427,111384,51588,219841,112001,1539408,242898,2810581,133524,54215,130505,186845,109174,197682,257377
2024-12-05 06:25:00,338888,794980,372853,108690,217402,83209,248812,365825,256136,337725,668452,62993,183591,304735,243556,363512,81856,109571,283103,151357,1098382,323096,2899610,169060,66264,155422,102290,157845,201253,92175
2024-12-05 06:30:00,440121,739872,142306,65844,346040,213106,548664,489772,207063,541593,1393870,106146,279348,382375,350369,472731,162120,72539,242192,229112,1786947,271201,1236888,508910,84458,204158,79799,153300,213265,66598
2024-12-05 06:35:00,426879,970105,150941,82824,378159,208528,416683,428540,148434,323129,843425,119944,273648,357956,587812,410360,176845,70361,219522,370351,1786171,246887,390911,815469,147153,301742,304735,188953,291191,86625
2024-12-05 06:40:00,641243,817260,179703,135571,239498,294824,320511,461057,235746,211251,793998,290080,243011,451549,1299558,442223,269416,341664,200056,162483,1253081,205519,308242,487129,103437,365953,145589,177369,280653,216746
2024-12-05 06:45:00,530839,1158869,1648364,244358,257440,438576,316110,620025,194560,353498,838419,277029,238242,434616,1698264,391699,193612,228199,195435,305610,567657,322181,284232,196130,121459,282711,160652,122823,284453,158381
2024-12-05 06:50:00,622275,895712,1173835,473612,299632,174351,329924,396086,439763,336523,427455,163676,250914,477314,1671405,243776,181815,193668,183065,417442,364321,468119,315601,198512,259506,372426,122403,163507,281341,182951
2024-12-05 06:55:00,755771,1030966,146194,165191,289739,113215,685667,413528,204923,326171,461061,149410,238877,688618,1027435,375600,183998,282359,204386,234227,263362,473110,357289,186296,50100,360847,168188,195588,218383,90724
2024-12-05 07:00:00,942449,1058505,276284,328185,451724,215496,584413,620499,361890,436941,1124695,278820,231553,733648,459147,426081,386586,325242,256464,211440,418686,385515,525249,500941,164041,302256,547938,140576,213114,143169
2024-12-05 07:05:00,986188,808052,559293,240824,363396,179912,394586,580495,400636,1156598,1512409,214022,794821,668563,635907,426398,754315,248593,206331,210129,468595,691027,3611552,224987,134194,383783,314950,191219,342211,132697
2024-12-05 07:10:00,1053322,972787,475893,186027,321568,202265,335420,472950,309807,1068028,1420214,212231,303259,558120,306437,427932,326367,414673,233449,348313,551293,648946,2139799,235634,215132,409790,143472,200253,672944,120545
2024-12-05 07:15:00,837109,1337779,463096,491701,363381,231203,366703,553021,336775,783493,1192221,209437,337928,788689,247294,429765,318629,269695,193349,622699,382137,403032,1488926,230570,379026,378935,264694,288819,574247,133068
2024-12-05 07:20:00,840051,1112382,440109,704081,451069,354014,463235,712465,364401,706458,1489584,208400,385657,1406440,478453,648956,428546,606556,271409,315881,277456,489291,413799,217105,221287,736572,170982,533259,574314,117498
2024-12-05 07:25:00,1224560,1481525,500222,834161,531813,387365,529696,609228,287980,605514,1207281,318121,317259,723383,486303,499172,546773,825042,257261,317116,368344,463448,374861,202498,94372,907044,419417,650083,492862,169833
2024-12-05 07:30:00,2238067,2471833,435375,830739,518505,429351,499751,1260185,355382,1060646,1877166,300466,322832,851313,527124,611241,616436,593744,255494,412315,432398,412121,429012,216387,145983,474947,232442,581972,517902,99449
2024-12-05 07:35:00,2038783,2377178,472245,915947,3059610,529524,484672,1347758,343867,1108706,1350509,384103,268634,681777,565398,472182,988383,985332,308569,635040,1169552,517537,548551,265263,386744,553429,172929,552968,608390,243293
2024-12-05 07:40:00,1859082,2017258,606680,2026085,590529,722228,703409,1729275,678956,1398102,1720122,263850,449176,654265,492908,621123,1071555,680607,270083,551857,1371034,384828,730073,292687,439876,379001,270897,344201,1737988,748170
2024-12-05 07:45:00,2319973,1729001,724347,851898,499683,717400,685622,1612501,642628,1624171,798309,436687,1798900,485913,378906,587544,974843,431012,290209,520713,911465,421841,470627,314696,212265,507747,430732,478843,1319807,699656
2024-12-05 07:50:00,2231507,1473730,1329358,628047,539751,649173,570463,1429038,627893,1713645,720378,331800,430653,730708,276248,620886,693953,610201,377311,438362,532279,487830,428915,380261,683008,405759,187657,446222,1042962,594000
2024-12-05 07:55:00,2203670,1537738,1606015,853376,486687,706360,819773,1570860,950285,1817872,739455,545292,471963,658183,247421,590854,747287,716212,314943,578994,964645,645845,526700,484856,271086,481368,373916,337135,1326831,331707
2024-12-05 08:00:00,2807355,1773471,1549825,1025607,646220,969809,1485073,1581684,883041,1530752,583791,1023618,415673,906779,250335,545404,1249152,1013662,233432,770366,599005,1003366,727222,613071,504193,537402,357749,436921,1055108,409856
2024-12-05 08:05:00,2435142,1958021,1123112,1389183,910869,1281632,2060616,1546158,966033,1478237,643621,923097,349658,581791,281759,628307,1555255,1181824,225497,878815,737475,958430,812014,606118,405475,536011,304587,470457,1192098,618629
2024-12-05 08:10:00,3096153,1601328,1092181,964559,793897,1772158,1884612,1069625,1344585,1673928,722376,768267,432206,515691,302568,564685,1362157,765369,326754,839277,724896,858514,641215,1357962,641111,708065,364532,565806,1149269,308122
2024-12-05 08:15:00,2461133,1711919,913842,771889,725866,1137333,2243306,1090094,884916,1138066,811713,611679,854617,983768,174647,798907,1336953,954157,362065,674372,990539,736631,891761,1518519,390533,509898,399411,664402,1484238,528089
2024-12-05 08:20:00,2738283,1735516,751562,1134161,832446,943270,2617374,999648,1137984,1442461,1017455,3473334,722936,1432143,134953,657674,1230773,1047715,318699,696834,529410,637010,930053,600639,303161,394711,402116,824997,1106453,502068
2024-12-05 08:25:00,2275256,1824700,916424,1215876,768498,1078542,2844643,774160,1171541,1533541,510436,905020,528936,1826196,216232,781893,1602716,1346161,408030,684982,526466,537959,1224782,748026,425493,518018,362525,1105509,942554,485623
2024-12-05 08:30:00,2428694,1693985,929435,926870,591066,1099787,2736292,1023508,1212691,1186892,647996,7351606,317861,1333740,559121,888748,1254280,1286911,304250,678187,511146,592309,998692,994210,309838,723424,373301,1412802,801234,357152
2024-12-05 08:35:00,2209675,1789793,807102,817977,732055,830338,2341960,1108124,1083256,1491720,678779,1630128,394562,1396557,322666,873034,1026056,943363,297573,1071051,573582,961172,1336826,663868,366391,615237,386603,1964277,911826,208789
2024-12-05 08:40:00,2282669,984677,874428,700418,659204,923165,1918337,1003094,986803,2012361,632347,844835,402792,1154688,340588,829991,1208226,1078270,363742,779610,1256708,1530656,1316331,627378,1199678,640397,461965,2752232,1281659,318141
2024-12-05 08:45:00,2737321,1324863,919344,719899,590414,767048,1088656,705359,1156758,1824617,766955,769280,454101,1022649,571589,623462,1303492,1174833,358725,656972,758866,1080187,902110,579010,543857,496628,384973,2642672,1101910,736367
2024-12-05 08:50:00,2951676,1171813,817128,763708,886862,1054249,660936,1068326,1188556,1263947,749904,722002,376506,2655183,222302,533087,1239697,1211865,921027,886111,607570,1256155,920183,767302,665754,533771,522544,2601426,1033672,488599
2024-12-05 08:55:00,2803690,1947286,1136202,733711,703382,942610,2387497,1104265,1489254,1451421,845634,1530714,833736,1861207,136773,698576,1267171,726126,406300,719669,560915,335478,910342,680737,701379,496049,527371,2582530,1214698,457787
2024-12-05 09:00:00,3040557,1769587,767501,522265,1492193,970617,706482,1017708,2409267,1152285,971277,4963460,414201,1787229,210838,1354890,1109069,598971,340011,661158,1015081,641621,1213719,3260909,1883195,445589,997812,1769255,1265087,416593
2024-12-05 09:05:00,2187011,1453238,868621,588280,1338289,1158632,1242943,867329,2106661,1497757,1311612,1267875,321651,1984494,623181,1214291,1100861,665574,413946,595637,845749,692162,2673319,628958,626354,615324,815922,917724,918230,389991
2024-12-05 09:10:00,2186828,1496804,1169670,588381,1421148,909299,805956,1415341,1739773,1408436,1612827,1513555,306483,1487368,203300,574281,972996,583522,651989,491051,981009,696610,1973944,1272731,533643,2165056,1211960,989677,885517,435466
2024-12-05 09:15:00,2096579,1376984,1232462,700025,862978,1141651,1197442,1565680,1456327,2267074,1461368,767169,331865,1362133,221535,758629,1404201,514284,841346,518626,1130433,887480,1393803,1220460,750624,1279030,668011,917740,985040,499944
2024-12-05 09:20:00,2764904,2189788,969485,771979,1494237,1206031,1704465,2062800,784825,1196637,1272354,653586,679790,1091821,197716,596727,1215677,674997,687233,1036900,1180460,1290109,1358114,1075874,1074088,1247009,982295,1692000,684648,245585
2024-12-05 09:25:00,2203346,2058599,895577,659681,1580295,1270249,1600754,1806475,1030965,1151438,1000503,795083,499764,1071465,218950,790196,1123931,858536,404642,769605,958590,586336,830190,1476777,823506,1121960,1612010,2515529,929401,366056
2024-12-05 09:30:00,2484293,1714602,795750,491607,992217,988730,1600726,1151355,968534,1365371,1382908,1047550,401518,894151,309853,731794,1219615,1028172,328040,546267,953154,903275,863923,1624023,1372812,604664,868675,2807788,1668620,436980
2024-12-05 09:35:00,2188630,1593315,1087939,651697,992902,1511819,1073496,757372,715180,1252828,908819,1281921,458740,1207146,211746,714922,1709788,597325,443812,662122,913741,654164,1158290,1532714,806782,661160,831169,2724496,1246666,254766
2024-12-05 09:40:00,5663749,1690630,844918,662280,916931,924021,867821,1114493,794008,1374652,1058564,1100197,427735,822440,211246,722270,1775145,868418,340595,853945,2446837,849012,1273949,1346024,805242,608908,853991,2842935,1482413,218529
2024-12-05 09:45:00,4379470,1655723,973953,659490,809809,1164331,712165,816720,1025612,1290564,800518,767518,474761,846753,224306,1009927,1196902,560709,445729,635267,1332285,825298,1204935,1618819,749498,568829,840381,3266115,993598,634975
2024-12-05 09:50:00,6611219,1107639,1067845,659615,895281,1047734,712966,1060075,695376,1268184,826474,843471,450665,1158030,547640,868366,934030,589892,332897,501201,1885958,1081400,1923488,1722887,1005626,530612,847634,2841290,1050197,329467
2024-12-05 09:55:00,3164029,2060340,1196330,856142,1296544,1101857,1267982,1080188,1183115,1440815,692701,628228,763968,1321690,344861,766029,921536,788413,665050,526677,792860,992569,2031014,1935580,1821638,548290,1074926,2455745,929832,866293
2024-12-05 10:00:00,1926569,1565187,933767,845115,1230284,854068,1051177,1146138,971745,1336650,906368,657928,379711,1174009,598862,669754,890612,1347028,572017,589709,1407822,1273757,1462099,1169817,1631986,606883,954418,1545026,957783,388484
2024-12-05 10:05:00,2568070,3472866,1585830,738371,1314773,1740123,960164,1591264,1899756,1403639,947040,721739,358429,1129517,526285,782296,1079479,1474948,506107,1283851,2242325,1227839,1764131,933685,1236493,1572987,764626,1470661,893365,314170
2024-12-05 10:10:00,5727330,2661061,1430883,566542,1431768,1244782,820716,1483246,1664757,1544752,1854630,2272009,515553,1171027,539480,636135,1363017,667656,3063607,1536908,2301600,1061194,1104682,852273,1490056,1331405,560635,1293666,1004737,374188
2024-12-05 10:15:00,1921835,2006113,1775312,711879,1636213,1517808,873057,1346510,1688322,1549531,1013853,689104,500546,1140097,546204,666651,1112738,742691,1927170,2542287,2185368,1107522,1033932,1361468,954686,1953633,428221,1475552,949458,401572
2024-12-05 10:20:00,2241626,2724393,1291457,648667,2001172,1406807,985653,1986823,952677,1432092,935649,864778,462923,1220261,540294,747482,935501,654299,510684,1836593,1281959,872914,1228313,887756,1146198,1337991,811976,1459352,1500852,622734
2024-12-05 10:25:00,2429286,3661033,1150297,655587,1956635,1095791,1138761,2187659,888579,1477601,1555791,723536,598056,1168121,488027,558917,1004874,703065,389693,1578842,3560991,849352,1320604,1267525,806871,1542919,424681,1997228,1087694,550170
2024-12-05 10:30:00,2986164,2911143,1011917,625426,1527855,963298,936921,8357506,837385,1180551,1499079,978058,722122,1833110,621821,714221,1089206,686572,431094,1517660,1466124,559616,1550236,1005336,684158,1026373,413329,1644459,910843,387129
2024-12-05 10:35:00,2192668,2782474,1024353,1081990,1615742,972965,1504224,2715363,985031,1832124,1392778,1617990,433816,1115214,571781,947232,1182101,958943,572606,1248800,1201403,887848,1303050,1173065,914954,1076757,417759,1628522,954543,257903
2024-12-05 10:40:00,3414430,2547145,1133264,832771,1739185,948929,1229635,2269135,765555,1244807,1922982,1111262,420350,1689386,1622370,598997,1318543,775005,629000,1471471,901978,709143,2056305,1264430,633930,854388,446519,1995691,1322248,370836
2024-12-05 10:45:00,3022116,2655447,1121811,1075144,2063937,821161,1270706,1785310,789040,1355042,1865758,960549,532425,1324144,1076969,752141,1197085,547728,1250562,1265445,1295835,1128307,1683284,966891,802760,1445482,1811623,1791918,1179334,380210
2024-12-05 10:50:00,2983278,1638737,1360816,2000247,1707742,931290,870471,2061724,751249,1649367,1769187,1209608,449362,1209145,1031545,919876,821703,649439,825900,1942291,1837317,3135870,1523259,1352844,773774,1487367,513958,1678580,2037706,852347
2024-12-05 10:55:00,2875641,3818183,1219650,872656,1037796,1406350,1241406,1998000,779709,1515143,1904165,1132966,481983,1420056,987762,699914,879781,639328,552576,1487506,1882991,1679439,1626592,1706554,698423,1858564,613914,3179502,883418,869429
2024-12-05 11:00:00,2858945,2347669,1241390,945006,1014261,1131282,1708679,1921999,783738,1269367,1902470,1138943,450693,1358371,1570683,717183,1546970,614075,466470,2068471,2370800,2133513,1743830,1927047,715534,1395842,818586,1421220,1019663,369385
2024-12-05 11:05:00,2956492,1681767,1267221,1568251,852849,1465164,1669257,1169569,862909,2003770,1268512,970173,498852,2051655,1156003,677763,1430127,886167,417269,1124908,2580286,2008305,1674385,1852876,828889,841727,412096,1145223,1323745,589564
2024-12-05 11:10:00,2530368,1805948,1666747,1254888,1032837,1516681,1203579,1013886,1032499,1617620,1608017,970685,451423,1717479,1106141,618407,1184545,638137,474450,676469,2240059,1590866,1910698,1098266,1021446,1499393,484450,1205360,1721501,839103
2024-12-05 11:15:00,2724491,1536646,1682194,674614,1638570,1922490,1339133,1558567,933716,1805697,1772903,830669,557807,1593236,3360431,592660,1682128,732498,475716,1190903,3076680,574996,2344647,931078,1239907,2567400,690828,905284,1264324,732214
2024-12-05 11:20:00,1990931,1743414,1123272,1428587,1851498,1672027,1803984,941188,1384668,1868114,1062550,619489,842986,1930070,955155,715211,1827946,596524,634705,884239,2634993,1776605,1288513,1068894,5824850,2081344,652039,1119484,982954,604898
2024-12-05 11:25:00,2364645,2175543,1195698,1869658,1626536,2014491,1573188,1160291,978464,1859456,959374,945807,698081,1112999,637357,663185,1383635,650396,554068,916899,2553985,873371,1207226,1605901,636034,1807474,1095086,1778384,1066563,512277
2024-12-05 11:30:00,2736338,2479369,1163266,1867049,1218551,1715761,1611842,1199163,1174286,1595239,930508,1717131,513604,1782535,593272,910698,1522353,688272,533087,1457201,2349573,855388,1724301,1823228,538709,1668904,709146,1307718,1030625,487797
2024-12-05 11:35:00,3361848,2159788,1112150,1739173,1540828,1632991,1460845,992262,698867,1753655,934264,647050,658272,1437751,366308,713685,1577685,919812,647528,1747113,2608019,2226126,1388710,1151650,837299,1970037,1155114,1339320,1184642,432395
2024-12-05 11:40:00,2999972,2562232,1150994,1430898,1175649,1237084,1523639,951252,712109,2499569,1108149,1095766,629182,1219726,449994,785612,1261309,1098518,835083,988895,3014068,1677572,1502904,864578,688478,1834891,724523,1299285,1859951,873728
2024-12-05 11:45:00,2378616,2010098,1199946,815029,1413701,1472472,1242274,1440144,1134081,1839613,975426,635165,624921,1172902,492921,657621,1400144,851016,572243,1165747,2260417,1911854,2822572,2425505,897115,1681308,555092,1199836,2094423,890008
2024-12-05 11:50:00,2780266,3030328,1102642,1234217,1116553,1117113,1036371,967514,1094773,1866703,1202875,562911,458007,2545410,557702,1162991,2129074,990916,551678,1491759,2121096,1259930,3068929,1159221,793057,1872864,915419,1382138,2110943,617364
2024-12-05 11:55:00,3244726,2695201,1471960,1631126,895772,1049191,703009,1701416,1536661,1867335,1034497,644533,657539,1504042,747187,992318,1553171,668278,589092,959526,2415723,1030792,2494128,1177651,856307,1889787,960027,1453000,1851795,997277
2024-12-05 12:00:00,2975084,2902107,1717131,1185756,1866513,1087546,1158537,2313651,1209781,2180693,1357765,714736,851962,1610022,953371,1141741,1971958,874461,665546,799998,2289005,758994,2260748,1185316,1141703,2149793,910920,1181437,1108640,1030065
2024-12-05 12:05:00,3231896,3081279,1987901,1810332,4611515,944731,1031326,1602117,1375886,2039537,1362583,960248,1036924,1411347,790296,704919,2090827,941556,689146,1167812,1236420,670644,3627651,1339278,1048595,1940728,1185052,1160183,1477868,1408873
2024-12-05 12:10:00,3573499,3324447,3359685,1179268,1359408,1154918,1430318,937415,1909547,2571759,2059743,818838,984062,1745199,4357965,799428,2191321,646842,703915,1505520,1685282,689735,3060438,1368390,1555937,2015593,1290555,1113145,2118477,1989334
2024-12-05 12:15:00,3048478,2559698,1617790,1295175,1577293,1417791,1813588,2517739,1806688,1530592,1945124,842065,1197077,1170976,1263689,881459,2816409,503754,738723,2054223,1508477,978008,3907416,1517631,1353973,2075287,1453336,1649549,1293891,626235
2024-12-05 12:20:00,3153445,2410167,1542427,992590,1301633,1281634,1403848,1093542,1370909,3107633,2046011,960061,1144615,1081136,1000934,799458,3042999,1244106,947827,1350823,1413345,746195,5007252,1602439,1525116,2650186,1177537,1851074,1109862,710614
2024-12-05 12:25:00,3203968,2718333,1289981,1574604,1403387,1799511,1071788,830097,1489084,2369206,2687828,1475185,574011,1704683,1072467,578351,2824519,1138371,857564,1180996,1557174,615188,3897778,2647154,1372088,2557944,1268356,2715608,1375250,1086845
2024-12-05 12:30:00,2796625,2964480,1453036,712201,1788115,1820623,985474,1156305,1349036,1643540,3196660,1390098,724664,1863733,1180382,597310,3054361,652869,1126353,1235249,1745023,581673,3507354,2269228,1639152,2867981,1433689,2474971,2351741,480200
2024-12-05 12:35:00,3138507,2211209,1432163,1191603,1360090,2425204,869993,1211738,1437328,1884015,2797159,909312,592534,2128275,1391638,862415,3215290,651298,955414,1274892,1828686,607679,2846498,2033607,908779,2758380,1177508,2158389,1971061,649406
2024-12-05 12:40:00,3267784,3060821,1042734,1187998,1709286,1946858,1357299,1252892,1799865,2295350,3048150,1135958,1132909,1418838,1304479,881860,2880753,790109,1087942,1217438,1385798,594149,2643104,1656628,757782,3147500,869655,2930981,1510317,958354
2024-12-05 12:45:00,3011470,2568424,1315022,1017275,1099760,1786521,2562610,923984,1736137,2372166,3214244,1096731,676940,2172364,1726907,792306,3212903,887543,1057396,897964,3488012,641276,4869349,2852493,1050089,2486436,706084,3170481,1086047,974191
2024-12-05 12:50:00,3600103,2688429,1097233,1469624,1351637,1411696,2343115,1268058,1004696,2413550,2199791,887463,525197,2332283,1450962,659759,2990763,775735,1602600,2261414,3983634,611314,3612349,2292300,1032972,2674225,578283,3415263,1461502,1122680
2024-12-05 12:55:00,2770128,1937401,1229395,1644920,1397252,1695047,1899623,1812498,1040015,2380824,2429442,722511,549212,2413393,1437929,719592,3316682,606027,1221916,1245134,4677925,1132475,4534443,2226035,1159345,2253270,595705,3158828,1284337,1553785
2024-12-05 13:00:00,3045226,1514014,1585801,1637765,1681512,1789797,1789523,2597482,1149824,2709418,2374518,853518,533849,4731303,2328751,628630,2183143,434359,1672425,831726,3142734,987792,4285699,2165536,1560635,2989998,601227,1851916,1633954,839932
2024-12-05 13:05:00,3541176,2330604,914351,1265602,1645376,1906529,1586090,1673332,1004236,3824106,1769144,623410,574752,1657125,1777532,511671,2269850,597464,890030,1856852,2287078,904486,2236615,1293863,1163288,2554391,733654,818398,2585159,900093
2024-12-05 13:10:00,3780939,2963505,1195405,1521648,2237913,1217689,2020378,1488774,894650,2195587,1707023,601733,513329,1462711,1974950,884442,1995612,867252,950228,775023,2116007,1513533,3437786,1306930,1159447,2641624,778404,952426,2300137,554373
2024-12-05 13:15:00,3947239,2537690,989978,821274,1715901,1208576,2975327,1606529,688794,2051615,2146832,635168,397670,798743,1692487,1278351,1607781,569369,727650,1191009,2328694,805201,3710384,1955989,808056,2770500,761049,938414,2163381,538816
2024-12-05 13:20:00,3005547,2592451,1130047,723884,1626090,1059580,1848514,1966201,824469,1853851,2098717,935390,367947,1113960,1896872,801227,1705011,804677,677156,1225033,2422407,1032281,3513572,2064941,1055848,2922541,838639,1833855,1673365,933829
2024-12-05 13:25:00,2253948,2414008,1221291,2391777,1959414,1630366,1436179,1280688,1099718,2364700,1835850,890344,417927,1653266,1596124,664147,1855780,876731,697211,881576,2655044,1153763,3174699,1609551,1223496,3078221,362596,1608541,970649,1139762
2024-12-05 13:30:00,3407572,2090098,1185780,813555,1175515,1392320,1511341,2009706,1804180,1824665,2273518,1039435,542183,1820254,1554685,692037,1808732,2053917,787281,754469,3392450,1278991,4600392,1936017,1319749,2445285,409126,949691,1248263,844666
2024-12-05 13:35:00,2999203,2071715,1235108,795892,1397114,998403,1168981,2135970,1396833,2763303,1967493,1197355,400551,1299407,1950963,698096,1622054,630833,931424,960103,4033225,1479940,3664636,2107168,1336170,2222268,683208,1744399,1387929,808812
2024-12-05 13:40:00,3022744,2230216,1304044,1110543,1825096,1225363,1258925,1175541,1139537,2327897,1630618,1659050,527890,929133,2605258,1868105,2030415,1022548,728888,890094,3120697,1677720,2648354,2006439,1242468,1906222,634215,847554,1858166,1299159
2024-12-05 13:45:00,2826689,2599463,2130334,2054079,2116707,1680536,1525953,1492415,997582,1723128,1321740,1062271,501613,1368306,2470074,2476314,2366249,1054381,744369,1024147,3447193,1323312,2553662,3251945,1252853,1760490,507908,874489,1378356,662170
2024-12-05 13:50:00,2485820,2199704,1877365,1518008,1646951,1564048,2149112,1952705,889833,1711220,1291580,1050287,401338,1140240,2254213,590743,2694868,569553,838661,1194326,2569587,977449,3817908,1438909,1309950,1988011,651763,880560,1911102,559637
2024-12-05 13:55:00,2504772,1730146,1383293,1353810,2349228,1487844,1150302,2274446,1152851,1494723,810170,879151,361663,1471763,1883181,668167,2556928,581090,807342,1066791,2552437,806618,4033208,1302481,4370354,2101425,874064,889377,1883247,964429
2024-12-05 14:00:00,2317352,1808939,1309026,1315022,1188377,1494177,1021360,1660297,1469198,1245889,1187679,1447641,484600,1453977,691874,708878,1992810,548237,626823,1431353,2541018,1148236,2863842,1190870,2826713,2165466,449141,777955,1686856,996374
2024-12-05 14:05:00,2444044,2554511,1384012,1142286,1456228,1364510,781941,2232560,1081632,4201630,1091050,1467251,683328,2447371,854728,846182,1104400,1013969,570078,1312988,1909782,574252,2995573,1404995,7058425,2256944,530230,709070,2619625,579440
2024-12-05 14:10:00,2252879,2494361,1407131,1295548,2019229,1782616,1097835,1740294,922841,1824363,1216316,1326222,708874,1869414,1000287,759826,1136745,1277043,718805,1723612,2171366,1083192,3711028,1347945,1866430,2565692,477475,728924,2219747,1534076
2024-12-05 14:15:00,2517046,2752642,1666254,1336191,1538173,1801523,844968,2317062,1290807,1301292,958452,1334881,989941,2888412,1058381,677003,1388273,787773,1158698,1485357,3201173,734528,2748443,3992681,2322389,2076651,655541,787664,1691504,2104900
2024-12-05 14:20:00,2296209,2644994,1207692,1323119,1372669,1466065,999518,2060210,1620474,1271672,1056776,2112175,797324,3000136,1100209,623938,1159523,693366,2166730,972334,3083760,902907,4983778,2228790,3752217,2232643,528232,886144,1520549,1575999
2024-12-05 14:25:00,2403007,2635432,1270334,1287514,2055327,2064847,842821,2435241,1952684,972080,964404,3131105,932939,2457288,950781,563845,1461086,562734,1444168,1284148,3087092,880819,2956543,1308053,1559565,2069839,363808,1107333,1608786,664976
2024-12-05 14:30:00,2393401,2627339,1780686,1110730,3919856,1858511,839795,2658427,821917,1065021,902276,932421,737721,4664104,597152,657123,1288155,799748,2798908,1244757,2456512,1409670,2490580,1494504,1396594,1830437,791498,884690,1615540,966013
2024-12-05 14:35:00,3088471,2436793,1948480,1198183,3823178,1858796,996256,2567822,1158515,1346501,1740304,1152807,752372,2258510,756490,879923,1520270,580019,1781039,797878,1741035,3344039,4031604,1433985,2111740,2506764,697695,1047234,1530676,1168136
2024-12-05 14:40:00,2930587,2092802,1310593,755139,1753130,1826946,805959,1907468,1395519,1379014,1374226,855357,669237,1781338,541827,843923,1191050,500688,1888546,695479,1699505,838335,3225457,1494279,3532764,2334990,737539,761879,1607279,1123984
2024-12-05 14:45:00,3784402,2164970,1392575,839622,2256372,1170993,1189186,1539350,1408496,1286793,1112380,749888,402831,1756715,449576,706046,1929215,666788,596297,628620,1971288,2445441,2610111,1199241,8197570,2408366,332635,1996908,2014437,1144260
2024-12-05 14:50:00,2514256,1777661,1640638,849913,3177591,1312585,917526,2065190,1241641,1548747,721316,1042345,703758,1533425,477285,1063603,1786995,739185,840956,736975,1540984,3821601,2600884,994502,9446021,2260662,431596,1030521,2070840,1076167
2024-12-05 14:55:00,2206851,1984779,1372260,1191296,3560556,1028923,829027,1874610,1273186,1264583,927293,882258,1331635,2070007,697847,1024872,1439032,1096673,1000519,1333719,1725606,2163048,2621179,1191421,2199442,2413500,866266,1023732,2282849,1260512
2024-12-05 15:00:00,1481546,2412838,1317170,1226944,2115670,1190619,870120,1573634,1059465,1167343,767695,827786,2784718,3207493,1156626,716657,1629729,739900,1112756,887844,1842110,1080078,2193456,1548537,4002220,2234110,760060,1539325,2947300,1416475
2024-12-05 15:05:00,1626461,2368696,1315256,680576,1733855,2096798,1221379,1461799,1173546,1182779,854803,980779,1619244,1340009,946053,1367655,1693621,471085,899088,957904,1750867,3783087,1858617,1441784,3007187,2259370,630791,1080228,2504419,1270876
2024-12-05 15:10:00,1650428,2607654,2576990,608426,1627274,1826493,1120315,1350997,1257372,1176202,645625,698154,1641773,1628313,1380320,4803728,1944459,605312,2147755,921313,1987612,1135199,1762308,2274976,4811670,2288182,529369,1206554,3250617,622234
2024-12-05 15:15:00,1485718,2776093,1361092,547030,1324381,1776762,1226164,2208704,1531903,1097805,768656,1007589,1037913,2108839,1886258,5343469,1589083,841928,1011049,960737,1213821,1096068,2012177,1748572,7885072,2004944,890950,826720,4432226,456150
2024-12-05 15:20:00,1668327,3069793,1597079,1132434,1607444,1882981,1195577,1928672,1436632,1004829,1033921,1283848,1226077,1478875,2046877,3450397,1768295,908516,691097,1182751,1936104,1439384,2765169,1956049,10498295,3109500,692114,997065,4403041,377435
2024-12-05 15:25:00,1934988,3015831,2360682,915936,1319022,2133523,1418352,1180126,1679156,1556972,1138796,906436,1088514,1856180,1267363,1737780,1752011,1401834,905676,1287232,1492689,1082678,2510147,1699379,9138155,2729584,2210181,1119944,3366796,439831
2024-12-05 15:30:00,3408708,2657597,1490668,549055,1006351,1523199,1348938,1150819,1661610,1602496,1116084,873363,910664,1603504,640995,1841526,1538889,1476114,666730,914320,1411374,788061,2745003,2068718,7540321,2985010,1390745,836991,2330666,777101
2024-12-05 15:35:00,1770745,2864893,1677200,652702,812452,970268,1052633,850326,1719790,1766239,963281,853533,689742,1550658,772909,3906914,1536837,782480,588466,1651959,1470858,630354,6935119,2300638,9314195,3483595,1371508,902125,3200247,1202981
2024-12-05 15:40:00,2218885,2755466,1680348,617548,751709,1135137,1083259,709217,1671805,1285795,1141326,700117,737346,1123619,883664,2724165,1585610,490922,1615997,1004105,1723009,584123,5377832,2015156,15054004,3283876,1775421,1193988,3229289,814176
2024-12-05 15:45:00,1797694,2498633,1751777,787503,1769161,1119140,1914521,1355859,1616085,1554366,1299124,916910,580531,1100029,1224505,2222157,1497886,760277,1218725,1415924,1610654,561802,2494646,1869100,20297936,2337973,1770956,1088211,2383513,766748
2024-12-05 15:50:00,1811894,2486925,1827526,811019,2106379,1249921,1293589,1081069,1719199,1645188,1082006,1054038,1181355,1781437,631325,2041690,1631729,863249,1617754,1723255,1886406,504292,2378951,2035895,15905241,2408580,1700772,975965,1344535,775976
2024-12-05 15:55:00,1601939,3396294,1774710,692665,2492045,1461869,753213,1344753,1426115,1605840,1279218,1015243,732430,1021656,1347906,1063720,1967322,800526,825292,1446544,1678707,843406,2292939,1841722,3515874,2350587,1289535,1444794,1392408,620859
2024-12-05 16:00:00,1927159,2559271,1774238,1510023,1181053,1270158,854075,1532279,1553897,1578170,2655971,1109038,960232,769165,914917,1045735,1605157,738359,788031,2120445,2423266,771366,2930480,2245392,3525677,2723567,1921659,1300924,1172510,405803
2024-12-05 16:05:00,2115104,2154556,1523233,920072,1001454,1692343,898239,1715675,1769811,1880444,1396870,2080790,1005853,849821,1327634,1083931,1621633,554049,751199,2363780,1763985,770435,3271550,2205295,2089217,2801961,764944,1051479,1303135,428563
2024-12-05 16:10:00,2335783,2422845,1522227,831282,1268795,1565230,1395396,1845355,2089793,1592705,1627489,1012086,1012911,1113177,969479,1336420,2338342,877673,461563,1991252,1808920,654602,3458904,3647329,2702224,3071226,720045,1073182,1221177,2895430
2024-12-05 16:15:00,2747034,2669593,2164275,858291,1693570,1404178,1387010,2814239,1767237,1438291,1250395,1337974,852970,1417611,996330,1050400,2372348,1547440,611351,2111287,2226979,625254,3391175,2235719,3414438,2917721,799743,1046569,1405191,1032753
2024-12-05 16:20:00,2990872,3184503,1971852,965942,1848846,1332542,1122511,3250466,1892369,1796631,1997326,2960375,824567,1072684,1772840,1252510,2480237,772180,488722,2117014,1819080,1004529,1706488,1629267,1172998,2939968,1406402,1221449,1182304,916519
2024-12-05 16:25:00,2728018,2707626,1695396,782275,1789501,1690456,1155619,4497081,1044511,1967756,1945339,925538,956824,1305737,979885,1040140,1642928,876535,389509,1990480,1944834,1226549,2320128,1724316,1522002,3098827,4865969,950145,899105,924789
2024-12-05 16:30:00,3462922,2090063,1914479,1149714,1177929,1436774,1269916,4798196,826401,1886084,1800957,844337,1220343,843022,3838325,1029818,1753122,516114,743092,2025560,2840115,747290,1936250,1926266,2281609,2464662,2253405,921648,1264996,573099
2024-12-05 16:35:00,3210403,2018377,2543861,1576267,945720,1274341,1187405,2559293,829117,1770133,1862014,861943,936155,963572,1245964,827981,1583291,1173668,958259,2308321,2336763,803159,4250253,1511353,2549895,2696807,925843,929446,1538041,525076
2024-12-05 16:40:00,2825768,2673944,2292668,1512360,1059687,1487295,1148928,2718367,667573,1327613,1631284,1346668,620942,1158674,901711,1003680,1450358,631354,889802,1886048,2560198,853193,3414378,1317251,1358956,2381657,616650,1009208,1477016,579770
2024-12-05 16:45:00,2818731,4285931,1829271,867790,1879024,1301711,1743982,3182347,1707791,1437371,1748489,922073,437823,1530082,1044180,1215416,1325639,780184,903584,1474627,2776130,857642,1715631,1855344,2803192,2755656,583395,1093985,2004575,600332
2024-12-05 16:50:00,3007727,3546355,1541395,1592703,1143030,1353444,1177216,4643703,1495055,1797200,1686185,924815,668045,2104178,1069739,1096442,1479887,412305,805497,2188475,2228107,1806941,3076274,1711721,5419407,2480865,518840,1070369,1933535,891733
2024-12-05 16:55:00,2924461,3481846,1432170,2006028,1128303,1416309,1476927,4420115,1384076,1669188,1665865,1429748,802913,1120325,1261321,1114149,1816949,447592,955268,1585401,1613179,1919817,4457518,1528571,4314063,3436916,556524,1179234,2212702,895765
2024-12-05 17:00:00,3606317,2228310,1250590,928914,1323954,1414128,2126410,4098536,2070244,1628236,1509555,1467288,896588,1606287,1460237,1167046,1935069,1134231,773249,1303793,1621380,1193524,2879440,1377096,2536020,3573917,677155,1654898,1066295,831584
2024-12-05 17:05:00,4213501,2549671,1280084,1116527,1454383,1357257,1728456,3907868,2870121,1372097,1728395,1026360,582132,2313806,1045217,1450667,2455977,1166391,821477,1481248,1738576,1679263,3184687,1615133,2697550,4827645,1261307,1501777,1193877,945083
2024-12-05 17:10:00,3996252,2155555,1427564,1335945,1067007,1347035,1701883,4210712,2428935,1235559,1762195,1134474,632645,1677876,914899,1183402,2450539,644029,602114,1419723,3125959,1332565,2640627,1136342,3040707,3314432,703352,1546157,3123416,1031001
2024-12-05 17:15:00,4401273,2605283,1499655,1184144,1408438,1518389,3117915,3346473,2853199,1402663,1501467,1712440,740187,1250694,1173438,1094401,3686296,897694,836482,2174464,2623684,1703489,2958178,1060706,1908208,2556856,502386,1376146,1355260,1434937
2024-12-05 17:20:00,3215847,2748769,1495812,642956,1977294,1352276,2090287,3046813,1743051,1491141,1952398,1857159,797095,1106028,782828,4165827,3608202,1271654,1227981,2141206,2120228,1559091,3135265,1533945,1619973,3545281,374350,1209552,3128059,994291
2024-12-05 17:25:00,3140807,2581250,1468777,1211353,2476622,1749545,1491590,1582158,1348326,1263484,1795150,1881413,777525,1378049,853617,1320929,3781677,1254598,1280297,2239884,1943356,1080231,2326585,2304605,1949321,3225076,691017,1824507,2247900,2203751
2024-12-05 17:30:00,4208673,2470531,1376046,1479583,1790378,1745970,1108832,1951389,1585085,1244847,1957603,1689605,698078,1414471,1491720,1187420,2774148,1698278,830922,1925684,3120616,824909,2907805,963774,1791379,2752746,2374657,1785972,1446293,2137115
2024-12-05 17:35:00,3944950,3060661,1389402,1588643,1858684,1665485,2087492,1351595,1476517,1344104,1582394,2039567,906607,1284394,1390308,1150771,2167497,1426501,481838,1457014,2413679,1364079,4273986,1294121,1607439,2274189,1046207,1029924,870300,1504954
2024-12-05 17:40:00,2996137,2896311,1198966,1192635,1812359,2620746,1350057,1662828,1358003,1525434,2189520,1584947,954151,2088986,3139269,1382182,3031304,813138,575948,1616662,3674268,838248,2913042,1707930,2939299,2413485,837803,1547706,1358794,1588970
2024-12-05 17:45:00,3324665,2831713,1302594,960568,1361769,2645724,1637233,1696526,1395339,1866478,2341679,1818773,1106267,1549639,1541390,1154025,3020256,1121606,774895,2393416,3376568,844556,3021033,1309049,1249813,2567131,1487084,937498,2644627,1762985
2024-12-05 17:50:00,3502214,2611198,2469289,1347682,1347799,2617409,1801721,1477264,1474151,1578386,3036263,1591510,1095624,1295617,1708241,1009681,3051889,1424098,1104262,2141649,3351351,1014031,2767670,1706418,1178386,3037399,960330,817883,807467,1070646
2024-12-05 17:55:00,3150510,3629143,2041659,976186,1204936,2277456,2123457,1419813,1415698,1525318,3329771,1091439,1223948,1579315,4160547,1058497,2059611,1048708,818174,3079210,1883173,659919,2815417,1140072,1443911,2750170,774091,723895,845832,1510796
2024-12-05 18:00:00,3400335,2232926,2314600,809410,860822,1740547,1823827,1646849,10516770,1461418,3424556,930026,982198,1607064,3103221,1230032,2031716,1331106,729284,3038773,1814210,575325,3024794,1414889,892217,3174023,1623128,1593996,989928,1753956
2024-12-05 18:05:00,3290597,4235182,2871988,1257324,761095,2104425,1615368,3187783,2487195,1490963,2179864,1051670,816709,1645053,1443526,1312140,2359395,916762,556213,2215742,2248216,1068616,3793688,2338985,1037458,3094411,780092,717545,741864,1528898
2024-12-05 18:10:00,3796029,3159264,1808721,1093746,1086191,2231488,1926591,4185131,2567572,1885065,2859096,1230597,692896,3243167,3999300,1152288,3993687,1554482,720090,1662923,3502093,1533847,2627884,2088241,1445473,2593424,627164,1005924,1269840,1064700
2024-12-05 18:15:00,3674350,2158024,1718168,1125893,1020216,1192175,1610836,2866126,2045534,1576048,2484014,1524742,974630,3304174,1557617,1503068,2827845,1028235,943063,1501937,1832606,1173513,2131360,2018247,1092888,2503907,808137,746980,1465691,890142
2024-12-05 18:20:00,4104968,2018379,2247169,1134962,1328386,1064890,2071735,3645708,1891073,1289072,2646636,1846547,1019148,3326323,1993248,962781,2450272,804335,316852,1588348,2417679,1804568,2482695,2329682,2013724,2625129,1077951,579103,1360301,606561
2024-12-05 18:25:00,4969145,1645168,2074313,1104816,1572314,1422321,2174756,2682877,4356620,1666442,2466399,3481808,966634,2994784,2870810,938334,2674666,920766,508087,2142929,2232436,1257472,3247733,2659469,1318500,2612385,1034470,879033,1278788,799454
2024-12-05 18:30:00,3379319,2776750,2624939,1004829,1275947,1634290,2406266,1814300,3743560,1477730,2777367,2209125,914941,3263681,2514260,958494,1675829,1255153,835924,1919124,918312,1582575,2571160,2184119,1976461,2354036,1715167,834362,1538525,621649
2024-12-05 18:35:00,2616931,2502021,2693515,715241,3594007,1685414,2017909,1777838,1884379,1901524,2596622,2743092,936571,3162693,2467949,1447361,2230755,1097342,1321085,2118840,1237941,1395300,2718746,2682338,1755314,2454223,1692289,669077,1341797,990563
2024-12-05 18:40:00,2794650,4622747,1389293,1024265,2298779,2042763,2348387,2065320,1392669,1604104,2243863,1895916,812051,3698671,2152078,2843345,2259244,1233785,1052853,2612343,1980325,1633401,4904238,1507937,1213386,2869547,1671061,1204724,1552529,947554
2024-12-05 18:45:00,2664054,1747686,1555616,924266,3405002,2170327,2465436,1853569,1599041,2700513,2412876,3357136,844553,4361150,1487511,1467214,1880799,1031868,728984,3220264,2214441,1204456,5311179,1533996,1473175,2198370,1554370,1387464,1196934,773703
2024-12-05 18:50:00,2993411,2238798,2286790,869612,2970993,1834406,2002852,1616211,1433841,1576449,2562524,3243951,847847,4318095,1028267,1123575,1601610,1442330,1112059,1991816,1688189,1243839,3126284,1466245,2774959,2310557,1267469,1568718,1393154,1211369
2024-12-05 18:55:00,2482001,2143297,2822213,1116339,1951637,2035839,2099298,3160545,1617821,1357711,3194991,1935609,1078580,3654801,1140239,1403666,2208626,1526527,878214,1676020,4200304,1298091,2724408,1155518,3004903,2580414,906530,1371700,1496968,1541222
2024-12-05 19:00:00,2512696,1894398,2518599,1846103,1747918,2071759,2600926,2657390,1280546,1474664,1913912,2022869,1158355,4392859,907960,1575716,2571211,1518658,931928,1169543,2594758,1710242,2844261,1223405,1656909,2284098,2112556,891683,1391182,1164106
2024-12-05 19:05:00,3163870,2529597,1985562,1912200,2622431,1891940,2265301,3039516,2042606,1098604,1758706,965203,1298981,3676973,1147959,1703417,2267604,721069,481293,1731977,2255874,1446856,3408196,1351829,1226873,2310734,2546604,1135634,1289375,1540099
2024-12-05 19:10:00,3041057,2609774,1667097,1151484,2405584,2004576,2840106,2439306,1437759,1285528,2028619,914438,1229552,2817797,777832,1453463,2023630,630067,2048491,1904049,2687018,1486871,4251977,1268063,1532886,2390737,976719,1015856,1417416,1175660
2024-12-05 19:15:00,3357450,2700179,1828390,1026682,1883642,1763610,3204521,2095689,1728789,1188044,3630729,864536,877098,3293847,981154,1831850,2216599,1075089,2147467,1563530,3077984,2638081,4642171,736403,1859032,2952835,1522792,927264,1372325,945637
2024-12-05 19:20:00,3340129,2877581,1819702,1011389,2044420,2256631,2496027,1993911,1801273,1441268,3295840,830596,1015633,2140236,1077080,1350386,1924114,1049223,416424,1052272,1904875,2703750,3404316,654946,2955424,2449459,2304706,843654,2032111,645270
2024-12-05 19:25:00,3273671,2796930,2736701,1381880,2038908,1970050,3035946,2657683,1336140,1581329,2060733,1558738,1088396,1948778,955103,1521601,2131181,858297,789103,1930094,1819192,1885278,3945981,1012749,1700190,2705686,2343098,909013,2104723,838257
2024-12-05 19:30:00,4057017,3221696,2339644,1229293,2650321,2359415,2509033,1885013,1856790,1651290,1879034,1327482,979445,3340413,1346425,1109506,2111980,1196628,1102998,2051786,2799261,1662670,3707139,933410,2180919,2726669,1982581,1042291,1884455,970080
2024-12-05 19:35:00,3038584,2584448,2604637,1534209,2863898,1799840,2921971,2173975,1558679,1684910,1567699,1210781,1305162,3709436,1845715,1303552,2348219,1473082,682132,2024227,2578858,1854632,3768595,1196347,1639738,3087760,2487620,635357,1525360,1105580
2024-12-05 19:40:00,3114923,2291198,2681659,1187237,2572070,2363731,2531392,1170314,910565,2547297,1947612,1806059,1254517,4081463,1811738,1113758,1988131,1497960,972424,2700286,2279613,1644484,4442101,819680,1879225,3227785,2313170,826855,2350394,819542
2024-12-05 19:45:00,5090355,2129167,1855462,1081993,2116865,2301145,2858321,1086533,1149161,1783147,2587077,2601923,1150704,4078042,1376102,719957,3094455,732864,1036833,2214766,2735506,1446734,3780490,838219,2474118,2766827,1946405,815248,1870990,1423981
2024-12-05 19:50:00,3369878,2676337,1780699,2215779,1771942,2019909,3214740,1721397,953248,1393208,2097310,1246662,1149732,5124987,1064355,874081,3006811,1107400,1103302,2631111,2514996,1579016,2721229,993639,2737815,2835352,1217949,996355,1597858,1002770
2024-12-05 19:55:00,3236971,2921202,1803411,1042546,1761671,1927791,4251140,1825579,1170611,1287388,1655046,1348865,1215886,3481138,1830199,1443282,2969391,784691,714180,1831163,2194793,2393115,2704025,1339235,910978,2518181,1779587,1929444,2140921,1424770
2024-12-05 20:00:00,3230776,2544231,2369227,1027326,2565610,1317796,4077124,1764600,1042344,1263115,1190735,1326277,1354086,4385576,1806377,1029068,2620788,731201,2476738,1713575,2169482,1561476,2771811,788933,1116038,2646903,1609369,1314136,2124488,1148434
2024-12-05 20:05:00,3117451,2133949,2229013,1166090,4142455,1916711,3761219,1792079,1082187,1491645,1502004,1153545,1716541,4934949,1627533,1279867,1685143,1291555,1789222,1905650,1625341,1788651,3760206,861996,1057765,1381321,1296896,1205454,2441105,918823
2024-12-05 20:10:00,2485913,2856214,2050236,1227532,4152322,2192275,3390474,1547584,985223,1114464,1770033,1053493,2100499,4252735,1719081,1433848,2029862,630967,1433339,1509230,1896146,1902604,3470629,978372,1115759,1106841,1828263,1552579,2642356,633072
2024-12-05 20:15:00,2977148,2257740,1971036,1254383,3847348,2008427,3668542,2372737,1182850,1441807,1571223,1499403,1766856,5460783,2090708,1584545,2477620,1609363,555743,1660877,1845380,2350327,3325383,1078824,839520,1064276,1196427,2140580,2178168,825325
2024-12-05 20:20:00,3592129,2091083,2531296,1327933,2106841,1579615,4514367,2187207,1211309,1798477,1751674,725527,1681006,4946195,1550253,863963,2616437,946813,871101,1037379,1677600,2196391,4042338,1260263,1545630,1295855,1131775,1731584,2013646,1044585
2024-12-05 20:25:00,3532987,1942013,1901482,786794,4298359,2064280,2833415,2521200,1316584,1386035,1669401,1152201,1260802,3799831,1824348,804718,2590731,1760037,1056099,1440222,3596954,1774136,2555501,1957103,1741738,1384696,1253312,1645926,1886462,910676
2024-12-05 20:30:00,3730559,3470014,1799495,1209925,2834022,1465609,3354832,2175801,1145469,1550346,1825178,1479037,793048,4398037,1454738,991517,2466405,1123857,999374,1096369,4854806,1682382,2291810,2334101,1591334,1692018,1707144,1759400,1773157,1040555
2024-12-05 20:35:00,4220290,3116886,2035013,968017,3176354,1758355,2879404,2463685,799609,1674232,2525376,1027742,1219502,5385005,3254118,1274679,3438911,1097039,1554618,1072106,3068376,1650995,1661352,2822593,1309758,1948887,1651515,2393596,1592271,1293119
2024-12-05 20:40:00,4008799,2522642,2538071,1078311,3041367,1512812,4163418,2521044,851202,2095323,1955905,1214328,1426578,6861026,2162421,1219370,2977727,551435,1318378,1362579,3119558,1583296,2262309,2278664,1180706,1690309,1246013,1792358,1604245,756994
2024-12-05 20:45:00,3590188,1564868,1984912,972343,2863763,1789766,3185606,2573601,815354,1206908,1768930,774572,1232897,6816282,2179566,1008075,2453553,1079401,1328013,2205347,2395833,1713774,2191928,1577023,1984686,1553103,866181,1483212,1484698,953067
2024-12-05 20:50:00,3479932,1867931,2371580,1776931,3213446,2029707,4402936,3178048,736825,1176982,2109385,959051,1697551,4715159,1844616,1293917,3342145,592251,661165,1529670,3071287,1464137,2404018,2143877,1917555,1580240,1135713,1115103,1973306,711374
2024-12-05 20:55:00,3376585,1419716,2677928,1684960,3318855,1633323,3627576,2373233,606982,1435466,2768298,1384964,1600157,3868088,2068303,1630157,3142469,1350911,772862,1792610,3013174,1610944,4714373,2395212,1237061,1538205,1821669,1503645,2366208,857592
2024-12-05 21:00:00,2859137,1687370,2547758,1753990,3616265,1622684,3601536,1578254,570627,1561971,1951415,1946792,1658531,4079252,1975655,1454775,2891265,2724979,1042026,2036373,2308713,1910407,2502299,2312018,1188596,1486277,1009296,1743500,1963556,745398
2024-12-05 21:05:00,3136857,3182543,2784739,1543654,2841917,2502610,3807594,2053509,1297602,1848946,1911045,1692660,2225843,4568497,2921917,1114248,3730751,657727,1079022,1665557,2552533,1982432,1872785,2245257,1918414,2154749,871474,1446021,4267434,642096
2024-12-05 21:10:00,2731832,3243229,2116753,1701610,2946285,2249076,3631589,2097139,1520674,1936089,2072911,1379118,2125592,4217618,2209920,1297583,3164482,665079,1167176,1139910,1457562,3147589,2556392,1715839,1123661,1342799,1062823,1634126,1918740,1095395
2024-12-05 21:15:00,2826114,3486325,2476808,1248974,2507393,2090540,2966985,2452705,1513780,1910258,2732508,1219246,2152915,4023559,3326494,1247021,3290276,387403,2033350,900757,1771947,1277695,3584668,1344426,3230759,1803159,987960,3226087,2123075,985893
2024-12-05 21:20:00,2637793,3786722,2060326,1522080,3072314,2233833,3266671,3192166,2222459,2306435,2088309,1410165,1804492,2979546,2809523,1359170,2770683,552081,1473314,1601690,1935523,1291532,3001305,1550443,2790783,1586012,1190935,1458111,1793209,619833
2024-12-05 21:25:00,2952118,3352148,2353772,1987307,2822534,2357617,3301266,3431996,905895,2667778,3736547,1526341,1757375,2939325,3938470,2162185,3580513,414084,1448413,2479704,2527799,1611503,3478322,1626342,2164323,1633447,1434143,1407115,2168293,4521967
2024-12-05 21:30:00,3339400,2873308,2286625,1542199,2976193,2497120,2603727,3583058,757004,2067843,4448630,1020806,1587501,2790962,5147360,4085609,4073044,834146,1289947,3052561,2664604,1750715,3918546,2304907,1609149,1503048,1140732,1299066,1391104,695813
2024-12-05 21:35:00,3397457,4973742,2234375,1496001,2248177,2078200,2826073,3190671,545955,1852082,4139649,1446626,1509706,2382026,2365213,2180294,3072107,931144,818674,2221341,2057385,1813797,3992296,2591685,1333052,2293871,1520608,1597892,1900545,434323
2024-12-05 21:40:00,3715345,4433298,2424978,1883961,1812971,2567454,3084779,2892118,956750,1969233,3448607,1014328,1950489,2514154,2585825,1765843,2749902,1414531,1200102,2108532,3235891,2257266,3605959,3008443,1387113,2113851,909659,1577220,3723836,961087
2024-12-05 21:45:00,3345467,3373720,1940961,1400675,2165815,3921834,3942088,3373826,871133,1887145,2873897,1177557,1876682,2653728,2741823,1306087,2958135,1372283,1463886,2746381,3011249,2669082,3599388,2951132,1571385,2057308,1884496,1599081,3039782,542108
2024-12-05 21:50:00,3319976,2959785,1740989,1414670,3430226,2377012,2882308,3615440,1077806,1760871,2468149,2532280,1453497,5161651,2550473,1150446,2490107,1191689,1860752,2336754,1010885,2054642,4747675,3672383,1547888,2636509,2076546,1889680,2203064,1012747
2024-12-05 21:55:00,3608448,2845567,1776092,1892346,2747927,2754285,3150312,3572132,1052204,2159287,2892213,1439964,993550,4201636,3519729,1908093,3019452,1783783,1208151,2733728,1528158,1989206,4032954,3277315,1453907,2219362,1654196,1718804,2081243,778057
2024-12-05 22:00:00,3785892,2234543,2243733,1293245,1986431,3477747,3456573,2138295,1220394,2203328,3211765,729623,1276428,3258929,3750457,1336390,3850209,1407447,4514996,1336772,982006,1106777,3063566,3428522,2192794,1735187,1172365,1535683,1740236,637898
2024-12-05 22:05:00,3171406,2364784,4669030,930800,2301103,3314150,4584244,5881421,1043760,2443281,3833649,942020,1357156,3388459,3570901,1935669,4314483,1275759,4402324,1674735,1293888,1602067,2491446,1812793,1234068,1638280,2334879,1716601,1599730,847812
2024-12-05 22:10:00,3370189,2381549,4344024,903277,2319663,3530805,3207939,2939711,967748,2154651,3543319,873581,1402109,3449834,4279572,1420213,5805731,2604107,4191434,1765723,1900635,1718509,3109346,1804788,903951,1867879,2119765,2234953,1364931,1118224
2024-12-05 22:15:00,2926929,2310677,2840486,1480929,3171926,3296598,3454918,2941608,1781221,2214344,3677111,1291937,1288975,3946067,3564444,1560144,5776909,2119010,1933754,1628237,2751637,1718186,2960924,5221544,1011917,1785115,2025696,1732866,1524006,1085988
2024-12-05 22:20:00,3177616,2985892,3083123,2256259,2219008,3023777,2798818,2834684,1400202,2299867,3795052,1806909,1788398,3992206,3932436,1731728,4251892,3136266,3188099,2161248,3265522,1809917,3118066,2800729,1989231,2143810,2671851,922766,2528004,960695
2024-12-05 22:25:00,2833727,3161957,2098997,2312925,3203556,4520755,2437338,2785952,1317612,2098791,3964400,1041832,2333107,4040952,5248809,2119765,4669836,1179352,2627374,1873204,3497076,2114414,3402539,1481502,1641800,1965701,3037018,843499,3045706,979406
2024-12-05 22:30:00,2580295,2831479,2257056,1294398,2059684,3172984,2953487,1878651,1228461,2604530,3371381,785913,2119995,4144003,4395254,1745912,4685555,1172960,5611034,2663944,3421418,1941856,3887585,1090158,1708732,2687217,2075231,1194240,3048941,1338803
2024-12-05 22:35:00,2516978,2623974,2412401,993227,1675523,2925263,2869070,1810587,1210497,2973285,3757209,1130004,1610885,5191938,4787829,1268459,4928160,2393697,1391915,2156831,2866215,1456509,3275997,871954,1979602,2459180,2153028,1415388,2779066,1162082
2024-12-05 22:40:00,2840412,2985676,2197467,1420731,1879100,2631501,3099782,1430584,1260981,2644385,3697559,2506253,2024853,4389425,4524952,1907956,5547413,898799,1611887,1745492,3814762,1072186,3614714,1080432,2026080,2727200,1812709,2090995,3499655,1659353
2024-12-05 22:45:00,3228999,2669227,2273601,1223626,1529675,3269302,3300447,1215064,1198264,2523165,3176429,2492185,2196086,4131583,4668730,1905015,6509414,742210,2091590,1229098,4167914,1357741,3303613,1015512,2340070,2529416,1885172,3657855,2227496,864428
2024-12-05 22:50:00,3114417,2166075,1448127,671096,2048798,4004291,2505478,1492285,630577,2553162,3624815,1247619,1611968,4352657,4883120,1305506,6932022,683273,3700511,1267466,2338972,1805433,3729613,977190,1744511,2359912,1436716,3430641,2714616,685625
2024-12-05 22:55:00,3071011,2037111,1530509,1279442,1761412,2681474,2505897,1726941,640877,2588409,3829803,982500,1992309,4353771,4714983,1228927,5924236,1235732,1490749,1238394,2554212,1778531,4425130,860989,1457813,2033325,1713923,3475045,4262165,540617
2024-12-05 23:00:00,2839853,1534012,2162771,2389957,4064937,2463856,1969374,1213212,550522,2986453,3926622,1487665,2344566,4308790,4670460,1594726,5116174,499410,1293101,2198950,2017558,1588925,4241512,761783,1933363,2267940,1681370,3097954,4107940,549656
2024-12-05 23:05:00,3092299,1999763,2129107,1194637,2470666,2432661,2202860,873592,672235,3128263,3875226,2085976,3074034,4583145,4056552,1741692,3999992,514192,1624680,1359795,2035584,1730729,5677057,985154,2283407,1897310,1795009,2785948,3400242,541027
2024-12-05 23:10:00,3269102,2496007,1929575,1087331,2964722,2295699,2370619,804158,866510,2865134,3390289,2096660,2603140,4445430,4813414,1332240,4632827,388403,2077897,1194052,2235913,2103032,5139078,940957,2005373,2027496,2279317,1222271,2943028,591390
2024-12-05 23:15:00,2934802,2304059,2006099,979943,3774389,2420621,1912037,829134,1111955,2599978,3359218,2260053,1659946,3702861,5219183,1137483,4786475,350684,1806444,722942,1823600,1706639,4359963,1467097,1801901,1564254,1338766,1119935,3100066,533326
2024-12-05 23:20:00,3355679,2138922,2138433,768148,3015956,1565215,3723180,1336105,1251005,3393823,2633240,1869954,1918548,4458540,5339711,1348187,5983495,450707,1804748,1186746,1525809,2945910,3968190,1302152,1789851,2003978,1175974,1178305,3655055,491924
2024-12-05 23:25:00,3078612,2130661,1769718,1000099,2098524,1803928,1975749,1638265,1679987,3177048,2626341,2104942,1693915,4991458,4183248,1859862,5181533,264767,1154771,1121820,1366705,4380049,4007294,1448641,1413247,1842514,1230754,798950,3045661,506767
2024-12-05 23:30:00,2755983,5772119,2527139,389731,1895621,1703404,2119557,1557008,1592418,2494451,3971696,1575682,1432052,4809418,5030462,2751017,4741356,399360,1075002,1508550,834782,1407813,3522699,1051595,1178477,1802343,1134458,1115009,2033965,322865
2024-12-05 23:35:00,3142236,9053269,2595227,688650,2187134,1619595,1462976,1318008,1308692,2040334,3127350,1264873,1439169,4144170,4244062,2097265,3709832,177139,1309622,1591892,1341662,2749382,3021528,1145449,932177,1482485,1790595,1177407,2678382,281803
2024-12-05 23:40:00,2374656,1817553,2389878,1012919,2006175,1484447,1738906,1038395,1465432,2228019,3069041,873141,1330764,3943720,4953936,1984511,3052281,201090,813364,1637412,1858944,5444021,3852830,1710477,783673,1639971,1233150,2859940,1441106,204403
2024-12-05 23:45:00,3451247,1675588,2953469,523273,1705489,1147853,1950797,1100503,1292413,3312997,2693566,1389905,1196719,4139076,4032502,1409694,2378844,513786,703262,1461348,2030792,3972803,3335662,2235759,901412,1345278,1389285,3558862,1641569,258491
2024-12-05 23:50:00,1549407,1660035,2618068,437681,4238958,1396972,1922368,1139354,973369,3725149,2620433,1681491,1607434,5095087,3768945,1599580,2040323,834386,984934,1049528,1648585,1223945,3144023,1099791,1381749,859746,1094778,3357281,1746145,431920
2024-12-05 23:55:00,2549199,1940016,2445356,473405,2085917,1840084,1675855,1041209,473194,2755289,2840662,1167230,1038257,4336553,4007622,1249857,2178772,851675,868093,1041711,1665807,1899229,2551505,1253595,760971,1153630,1048245,2947177,1308085,147607
2024-12-06 00:00:00,2101998,1367054,2550156,463707,2620128,1709811,2353993,1330386,440477,2439565,2879210,1103202,1239262,4749757,2998623,1355495,2232021,630403,2491882,1661233,2110507,1160037,2881373,1231518,764314,1372480,889943,2973766,1026447,401699
2024-12-06 00:05:00,4269553,1735093,2464987,488403,2165979,1370350,1428380,1173460,428980,2029069,3817157,1081522,1369113,4091947,3419145,1278245,2119980,429613,2450038,748511,1016205,895003,2749014,781443,1021203,1290945,1000353,2914566,1152182,296487
2024-12-06 00:10:00,4481089,1854176,2260226,223289,1959021,1089750,1439760,1247419,374504,2924530,3703899,1417151,1469321,3329595,3042083,942858,2294485,568859,666912,635755,852961,764461,2726434,896786,469553,1489369,601165,2790284,959667,194190
2024-12-06 00:15:00,2982607,1749532,2470538,170710,2385863,1259239,1450786,1031970,380913,2458533,3662666,1467767,1281945,3044686,2645619,1041143,2360549,676828,3921972,697483,746089,511495,3102374,910458,649896,1043546,909754,2753285,1285542,158288
2024-12-06 00:20:00,1394172,2011383,2301984,184219,2192228,1163191,1998312,705752,494071,3032359,3345701,665907,1048119,2707174,2811051,716325,2225326,727782,1729631,1065941,772359,567476,2031169,885527,846089,1081394,1921543,2826739,837181,126936
2024-12-06 00:25:00,1501788,1719634,2018819,218621,1484551,869411,1535656,636515,274039,2114728,3692755,3820342,1454125,2742930,2747030,704288,2111047,490077,553252,618459,590053,587166,2424027,265312,683679,1134113,2467274,2643123,809102,125410
2024-12-06 00:30:00,1549456,2133000,1851631,174626,1729610,1207774,2061219,788488,258385,2172640,3388626,4901795,1111069,2857321,3180525,978678,1962971,444407,859211,511910,526973,613196,2413949,336845,580673,1140756,2311534,2752218,848669,197598
2024-12-06 00:35:00,1399526,1706401,1687232,159337,1704437,1395929,1548833,1095286,230426,1857699,3222777,5126495,822575,2419598,2216266,1421712,1624057,97049,971720,530526,392814,3454533,1886268,388397,548459,1089521,2321084,2723375,908125,365915
2024-12-06 00:40:00,1192805,1728214,1516779,225286,975556,1261884,856551,991235,1088442,2514333,2597376,5359593,737273,2170560,2110918,1002002,1348592,449422,1086644,621378,575509,1630458,2031956,550822,1343024,1012216,1926576,2614495,900105,242251
2024-12-06 00:45:00,1279762,2158106,1670431,335368,970919,1463127,1170112,766215,359800,2953890,2899232,3298406,697670,2087907,1969208,1006014,10276365,113182,649424,982101,591346,496792,2293766,534579,450623,783168,1780598,3012935,603223,337390
2024-12-06 00:50:00,1964031,1828267,1184511,430011,858951,1378895,1146018,907719,393028,2066914,2984922,1156463,740894,1545173,2080520,800000,1016251,95453,521373,4022528,395107,734626,2446179,805865,355178,1074552,1260309,3092860,625547,246569
2024-12-06 00:55:00,1940277,2062089,1063447,314876,920169,757964,1200212,818533,193037,2055802,2402391,455682,788621,1722553,1466019,745722,1468493,60568,516589,704015,379704,1101415,2372573,708202,631260,884633,1318097,3378258,829918,278005
2024-12-06 01:00:00,2410605,1790300,1109376,343932,835878,1020595,1009743,608662,261297,1326913,2373123,438599,626701,1554595,1656089,587816,1745870,124041,636093,990283,292358,1356553,2934183,757121,343512,2415714,738995,2865834,671353,292790
2024-12-06 01:05:00,1718967,1991724,1109395,289628,1005309,1017727,787897,595279,210082,1254280,2434139,332358,510979,1548947,1730235,692218,952865,38730,802825,748236,328280,1147514,1978404,1041918,262938,2234389,874580,2918763,589691,276663
2024-12-06 01:10:00,1690982,1827243,1036312,204843,1403451,653245,1007669,770688,299836,2161439,1996793,302593,476582,1629534,1353032,1011110,660521,192542,549878,710469,422672,2299947,2705945,864403,296075,1720939,444833,3119077,477640,388000
2024-12-06 01:15:00,1039089,1931386,1142727,249134,1512883,532551,4736099,943849,309422,2438627,2302308,394024,585406,1831936,1451902,540577,749898,130360,866487,887619,855752,1217293,1675904,1099286,317470,1666733,397396,3277928,451819,472648
2024-12-06 01:20:00,1312443,2489518,821705,138323,904935,489621,4488589,702761,128771,2553359,1854101,458509,776337,2032227,1713451,591315,674011,115421,1221581,1014489,618233,1492432,1187842,698024,280014,1164585,591499,3085103,3645164,308290
2024-12-06 01:25:00,831918,2504661,700976,278704,883240,511594,592307,830875,142512,2655683,2425149,469513,667502,1812594,1433449,502342,885896,147705,443762,1354707,530976,2081657,1816215,513980,358745,1411693,432960,3057683,1058869,292237
2024-12-06 01:30:00,769222,2657391,956964,121631,1033065,485267,4843086,532708,131838,2684126,2134341,466434,881570,1542878,1693603,489521,628469,91374,395786,1368675,469725,1485358,1403983,695576,243264,991919,416515,3059584,1669279,206948
2024-12-06 01:35:00,679892,2832223,918414,540758,1399806,385800,3268700,452099,104699,2950077,2378200,438489,593244,1390941,1759136,695959,556416,77596,311316,1291498,310570,1093586,1219100,1493271,271301,999709,431122,2918454,280392,186374
2024-12-06 01:40:00,663192,2467471,948254,130408,1183372,301355,5095107,448669,160465,2866435,2044504,376167,826693,1765101,1821691,506894,545978,58061,249010,1398163,374281,863720,1047968,728572,159707,766910,346609,2736774,377066,186728
2024-12-06 01:45:00,584270,2610434,615510,453848,864542,400337,4959215,531113,64407,2690679,1735941,497361,1168817,1889535,2461319,417194,434042,144450,361574,1487958,204912,1051476,1352931,603948,226334,774064,462570,2631805,348354,396532
2024-12-06 01:50:00,618680,2428462,587700,743511,833618,253112,2297511,504537,132769,4250943,1376396,347797,736555,1852373,1509056,306469,409141,758968,390175,1295108,316143,1640172,1575868,680080,301231,656975,378835,2647113,267839,338912
2024-12-06 01:55:00,906773,2285640,13201160,133600,970582,291622,685370,818281,158790,4274498,1792562,273831,517530,1613665,1905232,336228,475282,394540,347100,1190752,317583,1310985,1415708,649464,385513,701367,340556,2750776,267383,129675
2024-12-06 02:00:00,390331,2704468,898673,210165,898438,236228,1862159,720704,368150,1882422,1867689,309060,804294,2303668,1764858,483238,403599,90466,246493,667935,293819,1539306,1479417,625361,689781,790134,384560,3088824,272803,161780
2024-12-06 02:05:00,397728,2181238,1363292,221362,677630,236649,2888393,487124,349413,2762629,1774546,279155,596291,1480331,1839580,631377,375859,82234,307363,623077,240020,1687721,1244398,619170,693312,934136,1297149,3033789,265607,83005
2024-12-06 02:10:00,427723,2289800,1573188,293898,634781,243184,4763603,478773,139175,3079630,1700230,223289,602210,1301656,1658622,428813,586411,57574,260963,526371,216807,1274347,1431647,673782,288734,766058,1546957,2786157,260361,113267
2024-12-06 02:15:00,341325,2156249,1490937,480699,466585,153108,483482,422087,98494,3231433,1876181,234848,536045,1504893,1732343,331368,1267260,93284,316051,654222,249654,995676,1559588,670764,188099,1292036,1088403,2317583,164337,78669
2024-12-06 02:20:00,505714,2486620,830097,224020,561891,85635,665078,382564,107694,3369360,1350605,256779,551667,1262649,1648476,369676,1103209,64835,385210,707836,396776,839502,1578914,511517,122043,854500,862372,236249,275274,137405
2024-12-06 02:25:00,504862,1287066,692837,127230,641291,97372,589067,370425,152251,2945752,1688276,163019,473049,1835903,1594639,396114,511589,68870,362172,692607,203385,857759,1512084,604390,165127,803340,581403,187252,231397,118034
2024-12-06 02:30:00,343786,1164903,942887,90263,2167723,73657,505174,330808,151323,1227738,1420258,317531,388104,1589320,1625424,340116,638509,52583,345255,1156615,144811,2394426,1545109,593462,148548,1110522,363601,209605,205132,113297
2024-12-06 02:35:00,374175,1335091,815684,99236,4827286,163637,356192,362639,296741,1201970,1341153,358847,409876,1306216,1236522,698927,1021539,54398,637876,653636,180504,683645,1347644,524395,185652,1343700,268971,312120,180321,87240
2024-12-06 02:40:00,219750,1425186,823591,179005,4716286,118006,573516,346470,191341,949498,1479512,302421,384896,1223333,758587,412463,948361,64444,609435,994355,167896,1304731,1343698,537925,186490,1210366,292704,266736,250131,54107
2024-12-06 02:45:00,242282,1586357,1078355,182083,4671279,116683,511247,342938,125281,834073,1516973,2804667,268443,1434327,1053136,269518,960524,83599,273907,1382558,183096,992686,1318578,538491,173999,1145913,256727,162503,192250,90041
2024-12-06 02:50:00,224459,1539310,780666,76523,3953117,88081,699638,841847,198457,817764,1585024,3252239,412532,1229849,1072807,310056,1036038,135207,186748,1132674,311618,1040557,1421436,286204,135929,596276,642482,146444,414753,115437
2024-12-06 02:55:00,218262,1745223,690092,130582,342740,85930,676100,519973,267089,1130248,1414839,2876460,205236,1355806,687901,511293,1265605,190663,185534,879935,233453,1162562,1447537,205566,173582,505742,227921,142218,201041,460788
2024-12-06 03:00:00,221355,1660946,523152,105922,1663168,58610,580256,448154,147455,1002084,1089373,714732,342900,2000254,648742,519654,1271659,52921,208285,950055,182273,1421362,1308622,108160,132448,575995,217733,93737,158729,120197
2024-12-06 03:05:00,251110,1485844,600461,168165,2730210,84915,342731,379501,89634,1086229,1045037,355230,755615,1722387,643378,306900,1050615,38031,222889,672252,145106,533209,1249614,197494,235037,969652,173468,110699,185033,78240
2024-12-06 03:10:00,264448,1428757,413743,105682,347306,258349,286821,403732,104947,1078149,848957,226408,733502,1780390,593132,247115,910535,59868,146746,520363,138158,429009,821076,106948,457634,927252,310121,119198,227904,470277
2024-12-06 03:15:00,290510,969687,460327,116662,405655,158149,220739,439918,93883,1076680,752871,207074,487877,1490624,872983,228051,1200217,53104,147330,637475,186411,2581153,1698211,157516,190262,705645,547047,135162,168170,981040
2024-12-06 03:20:00,649956,1334933,307490,71886,339428,63875,267198,354683,97546,966410,583036,78270,381979,1078973,632052,190761,1182358,31348,163703,550727,106290,410382,1003551,480581,925908,569434,170179,190219,168776,1036699
2024-12-06 03:25:00,437776,1145110,209525,172915,256005,228087,269182,422104,91832,1158569,500463,110808,363898,993039,496700,119566,1383724,19485,116458,533264,144676,313055,876776,140661,140170,225883,205743,164798,147388,491904
2024-12-06 03:30:00,265515,871420,346974,61482,300985,96766,197650,287207,76615,1059672,509668,123295,275940,997149,488092,134888,1215235,67696,119351,595512,168712,752487,1025289,128523,383098,228344,159982,219317,123535,771905
2024-12-06 03:35:00,302875,1068163,334545,77924,368210,54842,206858,432842,243283,1143638,618552,66022,323613,1017041,479749,163836,1277299,25734,150360,543434,206440,400058,850966,134408,233951,347817,216218,167688,75995,418613
2024-12-06 03:40:00,264089,839149,398921,42522,264692,41392,330158,990779,176680,846246,478674,97631,275163,1029973,387225,175099,1222409,25436,110453,632998,173457,842780,753118,259001,77795,676112,198611,123934,298244,79774
2024-12-06 03:45:00,242990,833722,594588,111281,273586,65275,308916,909277,77803,766761,427847,81990,389314,1021032,370308,206302,1173495,16430,116030,553788,133268,990679,675817,179421,73107,460318,236932,158278,209840,38652
2024-12-06 03:50:00,214003,848685,536194,17767,352990,26519,210423,395204,112094,750707,515181,160223,278908,1021340,399643,242485,1318616,47728,107931,725088,124637,501245,752867,184351,100746,155639,208571,159602,162184,42721
2024-12-06 03:55:00,253005,818618,568420,42935,288523,14741,213934,250897,77549,645338,507948,86891,234540,975114,367213,88537,1307312,11613,81243,547016,174889,331400,1146913,105051,105449,149903,125637,152727,79651,25028
2024-12-06 04:00:00,184597,807720,488736,76661,328281,17221,173117,239215,70194,531821,523176,150529,177115,945888,415973,127231,1121194,14427,55883,551862,165484,356753,1230654,136818,54339,156469,291299,171707,83104,105709
2024-12-06 04:05:00,231758,865568,473212,38726,327616,25377,281484,221680,42142,717434,492670,92460,165468,999192,754815,227418,1092311,37944,137203,535805,205420,331489,1209121,116250,212006,293318,207910,137124,62490,134195
2024-12-06 04:10:00,190556,753399,238928,25490,336746,43485,201888,230017,30073,1016786,563101,83836,190933,1040484,548093,231977,1141742,47906,144153,469545,174838,377517,1276471,100187,62443,161467,180931,164556,51692,26498
2024-12-06 04:15:00,170428,969516,171573,63930,300113,90676,196371,273278,39069,2637899,430730,119069,179752,1113950,280712,183907,1172419,167225,129182,198945,150784,317419,1308912,75118,108509,167556,199406,188044,62952,30773
2024-12-06 04:20:00,179335,1385630,408315,54231,312538,48524,170335,304554,28811,915771,340920,88525,200680,904769,169438,146263,474332,35777,235460,101168,248171,278986,1253556,85138,86137,166927,209653,135448,181545,33242
2024-12-06 04:25:00,165816,1293046,165499,7477,471649,52393,187058,232095,56793,952619,495079,79636,224954,419977,173016,156757,102877,21970,201742,96516,135334,255022,1259303,38031,85095,111581,594468,92168,43805,42886
2024-12-06 04:30:00,95384,837085,127124,21036,425508,31195,707208,195191,38934,695104,546811,85743,306156,511271,465575,234560,119360,33960,226094,237835,109344,756764,1554606,106699,49068,103657,455048,102956,54938,103811
2024-12-06 04:35:00,210444,772306,129466,44285,316890,44540,311872,223678,20078,658557,429567,145353,251931,687049,526396,135785,137764,33713,762590,216725,137614,851266,1699950,64275,71502,145779,228643,64982,40897,48545
2024-12-06 04:40:00,111338,1108089,187687,72200,304489,22340,205292,195874,57324,635064,421616,138773,397708,370971,494898,152545,105284,19543,147256,425997,139791,342741,1023323,53814,245032,125866,164441,75983,148830,101174
2024-12-06 04:45:00,132793,1320087,127812,26388,275331,37071,194897,228536,65810,582481,403716,189021,317265,482785,545674,200140,75058,16789,214281,181876,121008,94709,1221070,53401,31973,164448,209057,86723,73276,173202
2024-12-06 04:50:00,95098,1162967,165114,84527,189285,47209,213702,153976,87095,641169,448305,155071,231855,437213,473541,123449,127738,37348,214927,360856,84890,108167,1185666,40239,53690,161674,176833,70532,57733,99090
2024-12-06 04:55:00,149509,1001130,143175,50022,176691,66183,244396,183547,59715,605360,233549,124028,278866,337244,528787,133614,76225,25657,248659,554413,122061,155918,649282,43623,47676,146630,182158,62713,97979,52664
2024-12-06 05:00:00,130451,680158,131172,62306,187565,81786,141876,193860,26182,622510,317962,96852,237753,319132,475723,137334,84718,17404,255018,528915,91983,158203,604178,49505,43843,136047,160759,66755,79896,33409
2024-12-06 05:05:00,184104,627357,204564,80991,268892,114922,172044,225013,40707,533258,303436,73794,188345,370604,467222,118759,116698,10492,306560,519640,73709,140523,1080528,44131,73701,170105,141016,41372,96850,60657
2024-12-06 05:10:00,177273,517083,152105,65255,230937,94327,183420,188793,45584,606826,297591,52238,245582,493595,905549,110765,106301,22577,289025,526787,62416,181511,1063455,128636,48495,216486,157748,48817,142308,59415
2024-12-06 05:15:00,174329,584963,110331,140333,207250,145363,166764,162760,82191,611498,251414,96514,212393,337998,951367,148237,180539,46802,354808,572168,109359,293081,584887,100473,152129,192330,101419,44529,62170,69324
2024-12-06 05:20:00,155759,487306,178747,88775,247131,109607,264703,105540,24175,656517,250861,88674,182171,827822,925947,193653,137292,82859,213603,511329,80789,191546,1065582,37479,131851,190779,153636,33831,271179,24914
2024-12-06 05:25:00,163738,485233,113954,49185,183229,96253,178645,183853,77625,589698,216028,82493,227568,335442,836335,127346,106348,22425,145767,500045,179809,153459,1025221,117447,64571,146680,130918,92474,80548,36027
2024-12-06 05:30:00,97311,522104,135826,177453,312768,806787,165354,185280,63365,584594,226050,111263,201026,580266,991288,118337,82949,46721,138933,533014,89957,128111,508007,95202,70808,196151,127221,117206,59274,74194
2024-12-06 05:35:00,195680,699840,416524,21818,205833,947586,138831,194617,71527,231694,421605,98165,203148,524749,868770,100310,106104,30649,114288,626789,111319,116702,1002248,39421,72670,223309,143281,84848,67745,46659
2024-12-06 05:40:00,288338,1368047,178711,65922,255289,195076,261729,211838,82886,471177,200666,83013,197791,919332,767443,119362,117740,430594,128194,591274,191207,162455,851133,36574,215389,161554,108248,86682,170159,74125
2024-12-06 05:45:00,670760,1343083,105913,44409,229807,161090,198008,148948,81407,567179,224474,156980,209439,1288104,949142,203080,82932,108035,229291,560620,234366,178858,568457,41295,65557,147013,90447,71927,61788,154299
2024-12-06 05:50:00,176641,1491887,77558,45885,319615,93205,251297,218731,118202,557526,405996,132446,243297,1426744,1026643,131449,104522,94873,339547,564310,188427,247659,557307,38524,65410,191738,117694,67253,166497,98263
2024-12-06 05:55:00,191700,1315159,73370,69132,207784,123125,373381,160816,117617,590703,372518,127635,208543,1641983,1116712,189768,124854,64437,231234,550346,157429,218835,501993,41090,56600,179284,139060,96213,85258,60195
2024-12-06 06:00:00,217324,1265950,92222,81825,248731,127751,325096,232985,121225,656231,364144,108038,290124,473243,1137039,238860,113761,35388,254503,506253,186347,248915,457294,78685,29170,172712,91362,90066,97434,76331
2024-12-06 06:05:00,606041,810185,113746,99388,1083102,155060,270925,417958,119772,663081,252878,97590,237803,325263,839259,162697,74199,50589,654480,513236,165562,252413,486866,88455,63786,206900,107950,92325,114820,63746
2024-12-06 06:10:00,488423,869179,126276,119519,209594,140095,284278,350354,86101,753313,337280,77855,225526,403663,547979,197777,123623,37768,292113,579871,374138,245646,471377,132999,106229,182856,69056,116399,1344254,121769
2024-12-06 06:15:00,1043627,867628,79959,106455,213323,120139,330514,343138,112515,780806,278603,172787,246943,381850,664616,407077,130371,154621,247992,575732,410495,289153,460129,60048,106302,168057,98094,161891,105257,94171
2024-12-06 06:20:00,534307,1085990,155007,70399,241331,210152,280188,393945,110338,833163,290307,99103,205627,388672,643905,161540,136674,85724,256656,594816,137148,263084,677174,93557,65764,115086,114271,126752,159539,108134
2024-12-06 06:25:00,637636,958912,410868,61570,191222,193332,307838,351732,188910,940374,356125,111339,282829,282898,528906,146935,164566,243540,318995,570884,96053,251323,553822,53683,41152,130672,137908,129836,148307,89424
2024-12-06 06:30:00,593205,843851,770243,98105,208546,268395,280703,253334,274220,345189,557354,184124,149914,368853,492288,193069,198355,51726,332197,503551,161939,378955,616240,136678,102924,182197,146413,111864,201881,62439
2024-12-06 06:35:00,548547,763073,537334,94531,223578,251444,352360,299951,112791,316969,560008,152303,192138,299114,721200,270253,186595,89637,362499,613463,722051,415597,761545,66566,74377,164367,134729,93281,176475,101057
2024-12-06 06:40:00,588699,920892,336370,141618,324167,122093,235723,394557,154854,378366,541835,168541,139132,2267345,1635656,305725,220685,302457,353586,657171,208741,661892,4297387,94930,112032,332621,158588,118837,254179,112846
2024-12-06 06:45:00,636051,766731,191643,332830,289227,187008,417484,308961,285340,525533,672459,383318,245985,1550695,2020646,398640,217166,103659,357425,318885,168707,1318506,531857,102465,115107,338712,160029,301551,174058,90575
2024-12-06 06:50:00,1929558,849078,320005,142420,346389,239878,323770,472694,311222,455808,499252,397907,210391,390629,1563836,468442,227747,540469,434550,314043,177103,851510,614135,130618,70311,382433,219620,196086,215777,128803
2024-12-06 06:55:00,1523010,831197,664816,243018,340784,259030,336896,523161,331475,494217,630049,294053,253379,545254,943982,299917,448895,254043,417419,131072,189045,602951,690603,160662,125165,704420,119260,267230,277893,123952
2024-12-06 07:00:00,1029143,978128,808483,280988,431966,238190,352564,665862,393354,435477,1201622,206794,347675,457825,683652,225456,1490140,193838,271437,895161,272418,479931,643626,223466,159029,380772,99827,200099,353762,203378
2024-12-06 07:05:00,890843,2264231,463317,249835,432166,316345,763631,563577,324561,492316,1194756,248857,301438,637720,519567,220704,663518,267373,244903,197848,198649,478378,727812,176188,172977,442436,75618,156298,399926,152222
2024-12-06 07:10:00,971718,1184433,637684,1004706,588791,390662,358220,594363,306563,505700,1535475,239240,377415,1033702,532235,314965,451477,329690,184449,324489,337924,571504,645522,142573,95977,393640,125505,324398,601104,179096
2024-12-06 07:15:00,1212819,967419,563188,638384,559831,406290,392666,634161,369246,653910,1210349,265325,273994,787284,498327,410542,367632,400887,236229,336173,433509,900284,635271,150810,81158,378476,143723,348854,407658,145625
2024-12-06 07:20:00,1049196,1300108,490553,413080,692381,346765,500316,643167,351290,669832,1139338,385286,304724,1044389,308781,350839,529498,432178,248945,412005,495080,503586,671302,218219,105178,389762,170514,401790,477835,131645
2024-12-06 07:25:00,1415706,814051,508864,1136629,843022,478860,505354,777679,296185,630083,1714368,227337,701276,1175981,531733,545439,537357,358038,227883,343085,421715,495508,431805,293500,220042,447540,186553,345258,338456,216705
2024-12-06 07:30:00,1762843,2092006,504622,549104,661263,506198,541587,822970,486839,650509,1167959,284732,555594,1268484,783053,653834,626051,960836,349177,232859,265299,724089,502014,178910,152691,527870,216663,617277,525693,205106
2024-12-06 07:35:00,2379811,915968,656187,647806,777756,919349,563915,737420,529229,857928,1297594,351822,518439,1448686,629973,535287,605306,541871,237449,326731,597732,660394,362644,359073,309669,796867,198001,342304,631276,230931
2024-12-06 07:40:00,2167885,1312277,817523,595450,703510,613163,468786,702845,581358,939353,1251159,405739,553079,1206415,736620,774121,800040,819976,252000,338292,1015424,568287,767267,212787,361091,1023202,195384,477760,2544117,203466
2024-12-06 07:45:00,1279720,962026,975872,572982,729696,823324,501764,945304,442634,895569,1180138,433542,523313,1296888,570135,390835,1056754,552037,408740,427884,1398031,722002,460286,205113,454437,823812,238930,301584,815597,244091
2024-12-06 07:50:00,1608942,1078755,1273913,852946,732994,1072215,648393,907705,446552,1252548,836573,390678,538093,1341452,228347,754680,723284,671663,680483,591784,674063,585136,394364,217511,354082,989142,685974,550709,816037,221186
2024-12-06 07:55:00,2960481,1972090,1572186,633763,627792,1673474,708610,995556,668493,1346275,445785,335003,488769,1673238,164544,971049,932267,607548,575498,725164,873114,629566,713532,259755,401308,895397,681531,478254,674132,229996
2024-12-06 08:00:00,3447374,2009672,1590122,765194,732319,1011859,783110,1684075,634296,1169772,552318,441296,570727,1346799,152052,778081,1201875,961599,384368,1205277,568609,563684,666286,331611,389556,1037485,337688,583992,1103972,304479
2024-12-06 08:05:00,4399970,1897914,1384003,764018,686299,1415526,940572,1274252,642348,1242087,582821,587246,437059,861244,148371,906252,1273077,724915,337106,783324,567386,595918,1047635,337533,504775,838355,422211,675763,845181,379690
2024-12-06 08:10:00,4361122,2252013,1268296,2339131,937964,1153128,933218,1012106,758361,1176788,550493,789271,795857,839692,170586,1006226,1399061,808895,267586,696230,653476,540448,1012079,903325,440793,735403,333964,585993,1135575,289078
2024-12-06 08:15:00,3944694,1784347,1165902,1089226,1342803,1139030,926210,1280586,762258,984872,434390,1384203,516800,703798,196612,1031370,1553860,1040168,337467,881812,1106508,548069,734909,577797,492373,413819,448344,823193,923425,392040
2024-12-06 08:20:00,3139794,1945200,1185200,817459,1220813,995137,762861,1278969,971026,1145800,568607,711343,858899,693166,251129,689580,1382273,659472,361021,882648,1080192,464408,1293464,601921,734097,459914,353437,751807,1156930,410264
2024-12-06 08:25:00,3054952,1903387,1222413,1047378,981655,1438246,978797,3477676,885347,922579,716628,956059,856083,1506812,141300,540630,1359861,556442,425048,508605,1220733,479754,1167063,780897,528430,399744,379677,1183600,1004272,463674
2024-12-06 08:30:00,3536397,1846338,1306302,1018114,808486,1260967,789848,1369569,910799,1002681,466113,815642,644395,1362765,159276,576921,1570531,659287,355512,660179,955967,438677,1225734,670246,659454,429748,282871,973075,1023419,440598
2024-12-06 08:35:00,2921581,1369375,1099233,620964,686523,1340310,734862,1317135,1191487,1037002,437787,1406778,653838,1565563,208413,663978,1228046,859266,439174,1411774,657511,882895,1511062,545225,347358,581008,340778,797771,1385183,424944
2024-12-06 08:40:00,3837118,1242684,1364654,754313,983162,1329567,903778,833779,1043153,1164720,852735,1280894,371509,1177282,296293,407011,1416092,660772,412176,1063011,622601,650380,1469366,858752,393396,389393,325485,756359,1195653,537740
2024-12-06 08:45:00,3131030,1354896,1287656,780652,978045,1317792,829437,1308672,1041201,1191426,952361,933410,430435,884902,251432,635887,1175735,557632,2582506,612172,700188,537721,1189283,763807,434393,903187,311729,1007113,1246370,442149
2024-12-06 08:50:00,2697272,1394864,1569126,727872,1222612,1475665,1002716,1439189,673176,1045087,825112,591768,387321,812403,189700,763271,1083759,1022459,519069,553832,528414,617738,883105,753763,454498,770845,480875,946330,932771,334083
2024-12-06 08:55:00,2033856,1287480,1226836,644197,761102,1255569,779900,1779708,599704,1285453,896342,918337,357101,1334869,340748,778949,957373,737168,390853,472033,543568,707631,1213448,643432,545927,486227,560855,1428284,914856,583670
2024-12-06 09:00:00,2353230,1507410,1329269,1015876,858823,1370578,754582,1981640,644000,1281373,1477817,676923,328252,922340,373075,1000623,1224597,465724,488933,734560,932739,965683,923122,911352,829744,555397,359111,3088586,748219,562941
2024-12-06 09:05:00,1857983,1326385,2173681,779166,1149764,1495498,1027120,1720676,638491,1211249,1874807,910613,417978,1300549,435879,943997,1371854,821747,475633,551461,816526,622077,773420,724197,1848618,738369,443859,1488282,784447,320817
2024-12-06 09:10:00,2114571,1390944,1089334,1311781,1363535,1593406,912475,1735859,1043457,1640590,729341,10848601,403206,1491756,326667,815466,1176360,712166,445864,916905,1124970,592282,1052734,1180377,1297183,447816,405755,707852,924289,423573
2024-12-06 09:15:00,3084154,2001803,1423326,937982,1621554,1556115,843643,1634138,1151695,1092241,835629,1285347,481576,1458158,329987,822063,1282289,500186,324239,529267,1067374,677791,899210,858581,1476487,696881,478932,727997,965443,393916
2024-12-06 09:20:00,1744834,1318349,1321210,754985,1283594,1831620,931047,1317691,792838,1862884,891794,786024,333246,1001009,3676087,695269,1455859,713828,415330,556207,1043579,707146,811539,709448,1057464,784798,445031,1118982,1268337,399364
2024-12-06 09:25:00,1977911,1145816,1162419,903065,1248830,1759733,1426182,1480236,761127,1373443,587508,1137925,408835,838877,463069,748306,1171690,1798610,430941,1499657,957163,943031,983043,667815,1444611,773383,382940,926974,2485707,339037
2024-12-06 09:30:00,1822089,1396853,1234115,768271,1234206,1078494,812336,1181835,603813,1242653,593853,1011886,434655,755002,296445,821026,1060802,807053,524862,1320148,1063986,816860,729228,862519,577838,580478,273716,935222,1190215,637730
2024-12-06 09:35:00,1432015,1324062,1216328,743382,963531,1254595,1133696,1110524,654559,1867396,619696,794269,680512,1354208,352970,784507,1097937,580653,426493,678989,2763679,844989,656318,916723,438567,527556,413296,1521323,1231390,976347
2024-12-06 09:40:00,1460531,1507840,1251792,1092075,895697,1191277,1015111,1087816,811569,1779606,1201755,881254,509444,1098520,558691,789633,1072600,1011777,497618,1072029,921755,773599,966341,1023444,477386,934771,490256,1090468,921836,831530
2024-12-06 09:45:00,2220453,1704804,1220017,1004616,1103180,1238448,1236212,1087466,588567,1453539,1455329,867388,531485,1323308,398463,595776,1199758,653887,396828,554406,1074124,1125932,2014386,1951897,540949,686676,619381,1065201,1267010,431021
2024-12-06 09:50:00,2203355,3210057,1419262,1912389,1255338,1293362,1085971,1085712,777082,1876151,895316,945141,462979,1616086,483586,612314,1401715,617203,375855,757504,1194327,669830,1174802,1878571,688962,919508,444498,887013,1488968,673151
2024-12-06 09:55:00,2273907,1897069,1806808,832282,1184182,1052919,1741447,1096235,696372,1860186,868931,1191637,461743,1887032,443122,628255,1080914,1013059,371855,787191,1144439,667688,1939878,2219114,806865,562682,559971,1000702,857417,807965
2024-12-06 10:00:00,2484865,2107977,1365687,631567,1133854,1339512,1481945,1722731,777317,1268382,784669,795650,574930,1948363,480879,733190,3349573,525836,377964,1221916,1421815,1041865,1540712,1476415,687160,550282,594019,944388,1575216,571859
2024-12-06 10:05:00,2533585,2535643,1608428,1000480,1767449,1411483,1258605,1333811,770578,1587517,837853,2065007,609023,1675672,405523,959221,1127180,787901,468866,564317,1101775,1031426,1927379,1785879,1344477,537233,791025,1013557,1837829,649198
2024-12-06 10:10:00,2329640,2862772,1804047,3965758,1908850,1149432,1252123,831263,896738,1780185,756457,1741111,569428,1717023,554023,739509,1142025,516927,407868,1745920,928943,1267564,965228,950126,1207537,887697,728629,810685,1196217,804662
2024-12-06 10:15:00,2593953,3711618,1939078,1172833,1834016,3405224,1348141,1514552,1764888,2257693,909557,1297870,462409,1972953,639692,805961,1632308,866918,448862,702828,1326691,1459863,1165884,1187613,1780026,637480,410382,799002,2123402,3481261
2024-12-06 10:20:00,1684919,2717563,1431221,1413021,2062899,1106485,1277628,1083520,1045403,1506528,1227440,979965,604514,1689306,585653,733000,1589486,857716,2327031,601215,1273001,1291848,1371868,803822,612968,783155,482218,1037325,1135181,520225
2024-12-06 10:25:00,1740446,2468011,1308648,2351049,1614302,770681,1463084,1146949,1110328,1574059,1121705,1286751,463555,1726944,309481,609881,1233459,706656,3663367,688599,1553975,977186,1471692,752537,1032774,647711,562346,1058720,1144935,2227188
2024-12-06 10:30:00,1468038,3165512,1345225,2336061,1356811,879245,1523982,1054087,1105140,1700058,983900,1102925,542262,1402762,443349,911574,1189848,873914,511259,805280,1414703,756597,2502833,750721,496550,1323850,414177,887292,797046,666893
2024-12-06 10:35:00,5150782,2831108,1622663,1461407,1438876,933908,1069062,1392124,733005,1290279,1089260,2141772,551200,1892295,768346,537024,1253208,728837,2011425,763558,1274485,570345,1705846,1124833,3614673,1155020,344860,1244322,1256043,447222
2024-12-06 10:40:00,2038255,2700230,2379066,1125812,1882832,1008278,1730852,1424639,1266792,1462174,1072492,2015394,444613,2689715,980234,749385,1880353,892313,1913051,692823,1835343,786945,2128257,846421,3392871,666965,738999,3033509,1423552,541139
2024-12-06 10:45:00,2707215,3022829,3057048,741028,1894531,1275864,767916,1676519,897427,1365973,1287423,2003475,599994,943060,331858,683470,1437515,2269286,1529335,801827,1102616,724798,2625638,790149,708186,705540,500953,1141240,855189,884094
2024-12-06 10:50:00,1853632,2698532,2659349,804814,1519066,4236365,880573,1069468,1704514,1247675,1146411,1378210,482326,2184531,1032902,670630,1697988,696018,1742042,947470,1181538,569602,2915675,753481,728342,519314,541997,915097,822147,808756
2024-12-06 10:55:00,1827788,2707877,2355646,1043730,1665526,1644885,2067482,994753,837484,2139815,1331341,1470933,513678,6966810,500433,771898,1599639,1446580,759112,1360975,1084007,594348,2229513,5236018,1402825,466226,706403,1652096,2648240,472326
2024-12-06 11:00:00,1245205,2495615,2169527,678361,1653089,847281,2053525,1132916,1354090,2378023,857904,1772807,560517,1766099,332170,786312,1575788,957624,786921,2951874,1549426,629888,2261984,965243,1889192,611972,479843,1390330,944985,398230
2024-12-06 11:05:00,1833072,2966552,1899521,1046360,2478550,1184607,2383091,1819833,1542658,2395625,1038911,1874361,511626,1970919,450184,764777,2136565,1235012,1162063,1621415,2203237,604433,2523811,783292,1559794,686440,486990,1099310,1427757,562024
2024-12-06 11:10:00,1451685,2995294,2211202,1325742,2642670,1054168,2285499,1113450,891728,1444617,1110898,1486631,494575,1366708,526201,802609,1520951,733060,1007976,720938,2136614,659366,1705916,951791,645318,789355,861594,1313213,1167689,466932
2024-12-06 11:15:00,1719846,2328096,1884264,2242970,2347556,1435522,1663920,1068129,824357,2412449,1296709,846580,413064,1189909,439844,610114,1365962,1318559,1014380,677203,2200047,693533,1037822,1039709,831092,746702,790075,1494146,1015035,754165
2024-12-06 11:20:00,1737287,3101066,2342050,1210682,2341315,1730102,1877651,934296,1006221,2070193,1272086,1357488,632671,1193633,485814,653035,1616576,502237,683649,527186,2151732,956160,944659,979790,660845,1229433,358037,1245741,3209903,621147
2024-12-06 11:25:00,2181576,2004600,2117893,1004631,2768690,1996904,985285,1345493,1236472,2602219,1505325,799875,478335,1318622,623903,1628226,1642689,935845,866700,1051537,2646190,459507,1288008,821672,1041471,1018214,648823,1218286,6298991,599151
2024-12-06 11:30:00,2289447,2491009,1844386,1700552,1132497,1256640,1744154,1474599,1493340,2372271,1419209,1130827,773800,1325738,817360,785442,1515194,487434,1355947,721260,3096784,2141031,1383342,3272276,990500,519321,601704,951488,1101558,833157
2024-12-06 11:35:00,2197966,2929586,2268920,712990,996815,1387581,1265109,877036,1542176,1971677,1364869,919776,580803,1159285,355596,853089,1389176,773671,1776990,782512,2917010,1635776,1477546,2227909,1062512,1018068,841585,1160032,1270697,672999
2024-12-06 11:40:00,2952770,2401280,1956508,735677,2967236,1776910,984966,1166614,1753446,1772005,1220414,919096,522579,1564158,538298,1186547,1420018,565265,1619567,645832,2326961,921272,1254810,795207,868753,1123807,824693,1097785,1275232,1309700
2024-12-06 11:45:00,1924017,2295941,1805367,1069915,1379069,2968450,863316,1628421,1110754,2287285,1214668,717318,500640,1900727,631789,3311618,3196961,597904,1260435,1092567,2595452,798876,1611803,1043181,1322594,1576841,828827,1227012,1730337,532495
2024-12-06 11:50:00,1711997,2188950,1454770,1032698,1629963,2148995,1092097,1361681,1146071,2474856,1587774,972378,483825,1491075,927437,1914043,2137022,597542,916168,822900,2660180,3008444,1859389,1188258,810967,1258398,915963,1492459,1307125,750487
2024-12-06 11:55:00,2105689,1714132,1728417,1364721,2008757,2721767,1352839,2425575,1023422,2200764,1360896,1127314,1772852,1384698,1171858,787771,2162106,1235998,780087,2421808,2762687,1689608,2262974,2145195,661709,1205554,485271,1156913,1217748,489448
2024-12-06 12:00:00,1901286,1875192,2258360,1685640,1869654,3170751,2162544,2028450,1046391,1800616,1489771,1143113,2030312,1558563,1136904,721857,1635302,902085,773252,1770178,1853715,1819520,1779393,6660058,802098,1106307,503587,880043,1107310,935211
2024-12-06 12:05:00,2973489,2215287,2365302,1511166,1950349,3851703,1102025,1208490,1816287,1380678,2088798,1142187,1434345,2122307,690450,1257351,1489572,567105,715454,2117546,1449361,1055407,2142219,2488028,887004,1380344,967034,1038552,994855,779670
2024-12-06 12:10:00,2634427,2752296,1635771,1066928,1174825,3390436,2367426,1515816,2115659,2162553,1898089,1214539,573056,1688329,998939,1329088,1133253,668330,869528,1160359,1224932,783646,2791605,2670937,1337734,774815,871047,1621242,1078461,472382
2024-12-06 12:15:00,2887467,3107177,1500964,1382356,1109141,3682149,1441835,1666056,3507941,2132630,2066401,1071089,474418,1613049,1169019,1194856,1403620,1428594,1147925,999138,1245542,880459,3003444,3897945,1456170,1383883,942114,2464825,1052127,942603
2024-12-06 12:20:00,1954153,3325976,1382292,1798133,3383326,3487904,2828829,1795502,3170413,2037476,1951115,937194,675021,1175215,1501209,1285822,2075325,1061794,971993,688899,1380487,1070436,2081408,1421308,1515616,1241652,1160232,1574802,1423822,1391930
2024-12-06 12:25:00,2096110,2679535,1473720,1143870,2389763,2176266,1162455,1159155,1954801,1777927,1743074,1066164,407227,1494795,1887018,992498,2590602,822699,2198227,1515997,1305060,1012600,2811638,2882450,1197275,1310687,758026,2519620,1105329,1356169
2024-12-06 12:30:00,2548187,2911355,1408741,931989,2338746,1713751,1691970,1194960,2281791,1296977,2682566,1238653,452352,1756350,2047851,673414,2685885,1386953,1213713,2057152,1096700,1005238,2767313,4158396,742789,757124,747410,2219826,808119,1608804
2024-12-06 12:35:00,2494071,2444514,1065832,984684,2008201,1201717,2025419,993616,2037362,1875571,2347642,1326083,466036,1739314,2318756,780151,2119391,622557,1589422,1747806,1494643,1361784,3215915,4978489,851831,1089546,591366,2226623,1619894,1548294
2024-12-06 12:40:00,2076195,2120368,1210032,927194,1999993,1617421,1823003,2076414,2875367,2212582,1981165,1591971,378017,1883405,2080626,990253,2502306,1164581,831573,1868422,1367895,628548,2603247,3359109,959265,1470979,895097,1595928,1940643,1009253
2024-12-06 12:45:00,2080865,2761524,1163715,1326347,2559498,1122635,1339271,1061096,1568804,1394885,2216399,1403823,416472,2217114,2122560,1207394,2520670,871217,1168594,2204595,1267976,465000,2461351,1048745,770021,1317941,655058,1283278,1878353,817717
2024-12-06 12:50:00,2606121,2627098,1112513,2481817,2043821,1459429,1738081,833513,1540483,1721551,1761257,1417538,433512,1865238,2304883,932708,2243413,700179,733420,1985705,1472828,795899,2593288,1549537,1272978,1350344,669116,1113640,2853196,987970
2024-12-06 12:55:00,1953687,2003992,671662,1886328,2397908,2318790,1333979,979218,1372373,2927009,1817239,1344491,396240,1624864,2406885,892255,2226041,1512877,760669,1574104,2155651,2917177,3787554,1356114,938596,1447030,489774,1131532,972741,1056128
2024-12-06 13:00:00,2020826,2975861,1138353,1721424,1847846,1739300,1551254,1027968,1510040,2287455,2192665,830689,661826,1451110,2857340,928460,1839184,1918929,707789,946105,1664245,837712,3007799,1038118,820334,1309815,482996,975619,1355013,722878
2024-12-06 13:05:00,1823259,1500644,1272712,1601551,1329154,2185470,1274338,1265361,1532525,4298410,2358740,1182324,754651,1650573,2334058,959842,1966608,555038,900057,1008189,1804274,303670,2797832,840762,777109,1229031,987746,2559090,2658842,1355112
2024-12-06 13:10:00,2650707,2456633,1368778,1012025,1004279,1773662,1090023,989726,1461915,1760165,2744652,1189115,657955,2729199,2157087,802714,1716608,719279,750399,809710,2167644,1351412,2250976,2060480,621663,3747015,675566,2695747,1086263,996198
2024-12-06 13:15:00,2881923,2029647,895187,968897,1273298,1275775,928298,1556916,1409685,1766167,2111129,1096368,566769,2255960,1772318,910314,1292618,927912,972914,676808,2337269,1924429,4393950,1391439,1118430,1650201,996749,3044011,1230156,1247052
2024-12-06 13:20:00,2967451,3409993,892815,680933,1022313,1329153,1469956,994077,1541443,1991687,1804787,659772,576629,2260120,2135692,1361790,1278716,980567,818252,1219725,2328720,523510,3043228,939835,1521603,1887870,451742,2938142,940272,1129974
2024-12-06 13:25:00,2726740,2232849,875044,593561,1271954,1064199,2287022,963127,2328927,2214199,2100598,693030,466806,1848195,2147867,1595180,1330771,1392452,708068,1030964,2593047,659118,2512027,953494,1131100,930324,550856,2001885,1387957,1367526
2024-12-06 13:30:00,2616105,2673660,585154,784034,1633243,989461,3257471,1696380,1249267,1846188,1567294,550871,552806,1907242,1894732,764130,1302026,577694,821627,1350853,2374960,552854,2065972,889361,839220,1378423,757596,1565783,2273897,1301172
2024-12-06 13:35:00,2482562,3098303,837601,886815,927612,822264,1116180,1179976,1900190,1677030,1885988,428436,451955,1916655,1934364,613451,1112362,580682,961803,2198240,1976743,461219,1684221,955151,803914,1907436,808067,1513498,1867808,1231589
2024-12-06 13:40:00,2636656,2971028,718705,874998,1424039,1215351,1365262,834122,2569072,2053251,1719971,665879,749927,1992032,2087558,1321126,1206498,690454,776817,1769343,2068990,551675,1342750,2947311,979389,1552365,520534,1234232,2464730,1116239
2024-12-06 13:45:00,5916276,3080492,1252301,943635,1791090,1507248,953066,935566,1664009,1796754,1169358,1543063,592006,1521009,1831172,908549,1265565,896747,827521,847612,1949398,593576,1196997,4425795,1846150,1293745,885200,838932,1140156,1519743
2024-12-06 13:50:00,2989970,3005592,1299298,969938,1758893,1405804,1005370,1305639,1880244,2086659,1394117,1541948,518173,1900080,1077483,600791,1313639,778363,948261,1021490,2118523,677686,1701526,1712115,2019486,2375670,955501,1034308,1620221,1467918
2024-12-06 13:55:00,2620447,2158744,2086192,1349152,2091742,1326797,1120717,918328,1860888,3952794,1198868,1098348,1035369,1700034,1469498,1009626,1159530,1039864,1471257,879095,3478879,1207426,1788070,2457087,2150207,1190406,738503,1095363,1041903,811552
2024-12-06 14:00:00,2609355,2930521,1689463,1006681,3726903,1707184,935586,1710836,1424530,1916505,947271,786687,1225294,1971706,969671,715867,1733203,772326,1303953,985006,2981127,553820,1536203,2932641,2314837,1209278,801043,941205,1488853,864872
2024-12-06 14:05:00,3839222,3015993,1314077,756649,1210063,2415383,1165221,788775,1911193,2710295,1021450,673258,727563,1823614,1136817,866784,1069351,961894,865508,1072555,2983719,1553684,1900523,1671564,2019698,1026846,663586,680899,1229560,1065073
2024-12-06 14:10:00,3373620,2435792,1164529,1111863,1037476,3218210,1111666,3986147,1693607,2485294,1085656,697992,442654,1600668,1545770,959219,1541752,806738,794277,1052040,6831618,1277485,1513727,1642220,2609595,1309272,392013,812809,990299,1370427
2024-12-06 14:15:00,3865668,2634050,1396951,1146849,978684,1547843,1757994,1316503,1334581,2543419,1271306,962301,361689,1309920,1448433,1105987,1799945,686969,1065271,890928,1916452,1216033,2443494,1556667,959321,1507061,532057,690377,1251162,1118117
2024-12-06 14:20:00,3842476,6658938,1131755,864063,1375890,1390701,2219715,781427,1223525,2340071,1408871,1405309,413711,1314335,1687213,1001378,1055921,561111,1144158,861089,2373874,1030557,2285778,1765287,928839,1717687,788900,1281365,1086044,1014889
2024-12-06 14:25:00,4532233,4558593,1332380,663140,1606338,2378308,2335545,1345248,1329956,1860378,1330456,863096,428658,1335247,1633957,941198,1197834,750551,1344814,937369,2457561,1039252,1602255,1691108,1348474,1197325,637868,995499,1622387,365917
2024-12-06 14:30:00,3226284,4824615,945506,967335,1163415,1446783,1285327,1300269,1249706,1614879,886852,1725273,498982,1236854,1146115,1787482,1770016,952626,837468,1046520,1874782,1074861,1700638,2734654,1181550,1202333,633542,1149238,2230532,231355
2024-12-06 14:35:00,3205025,5468739,1120124,920187,959558,1230654,1143433,883086,2230067,1891250,1329239,971280,977600,2532788,901716,739966,1583598,922131,1891200,2567546,2027366,2075188,1898453,2254183,2664921,706756,730873,945644,1524120,637939
2024-12-06 14:40:00,3418537,4345021,1122452,1652610,1210039,995333,1022336,944479,1713184,1980095,1517445,816358,1905550,2715440,1115494,1012010,974239,2856431,2607668,935967,4071769,1909239,2400128,1547870,2963429,1388295,504267,1748964,1449602,454941
2024-12-06 14:45:00,3862868,3248508,1236413,704880,1114575,1269784,1380529,1032894,1022222,1860786,1177732,702086,868865,1179503,1690913,630469,1338007,937710,982941,993135,3652593,1738683,3898303,2636841,3952773,1341340,1216619,3338218,1664061,430252
2024-12-06 14:50:00,3659279,2702966,1178141,1176415,1226435,1560408,2638367,1817657,1203337,1385700,1103300,711460,614018,1089809,1364038,802341,1746571,975561,1529184,1228361,3169480,1129466,2550915,2077154,2256479,1315478,982494,2430923,2367852,414274
2024-12-06 14:55:00,2878732,2503575,1541857,956979,1252792,1241907,2690476,1571815,1035122,1367996,950571,579281,533215,1107946,1649698,2139335,1664872,866202,2483172,1203500,3416867,1573688,2796850,1705321,6615558,1537111,1580819,1038340,1949437,423476
2024-12-06 15:00:00,3223821,1931568,2103222,1027830,1607952,1356237,1032919,1652078,651414,1603319,902023,821760,614068,1760196,1468914,1203005,1352578,778680,1717592,1433494,2107080,1602075,1708948,1884970,5914984,1602578,1458778,2874716,2187626,452910
2024-12-06 15:05:00,3433382,1657510,1805105,1958094,1258071,1394023,1995646,1655867,898145,1369994,637004,1012657,622657,1567181,1629004,913671,1518584,540462,1029089,1157066,1553868,1147390,1998594,1415176,5880759,2108355,735010,2936303,5262503,578284
2024-12-06 15:10:00,3271251,1677640,2348592,3056063,2191690,1253676,2558243,1698294,937837,1274360,1035506,1311517,583423,1547662,1786832,777469,1231315,1176481,1072369,1576742,1647513,720732,1183785,1921682,6483513,2428710,936430,2933677,3360615,885263
2024-12-06 15:15:00,2819266,2035413,2486616,1201034,1964620,1205192,2122923,1835315,1041176,3733639,1203405,1635573,509334,1822232,1812229,669676,2134736,1865151,978642,1204208,1656123,685248,1384552,2113320,11587654,1160505,2143112,3305949,3739645,835092
2024-12-06 15:20:00,3024796,1717016,1863521,876331,2215644,717305,1547480,1508414,790124,1649568,1074908,1030381,741302,2071769,1582091,723501,1015654,1664167,1785925,743531,1179973,1080092,1640202,1296164,7777226,1313463,821905,2356982,3389527,479301
2024-12-06 15:25:00,3870565,2501216,2344221,1679001,1725266,1173856,1856081,1999262,999899,1811069,1189653,823520,415441,1417556,1665370,754124,1323694,1680777,1551532,975225,1469786,960742,2682058,1831525,16418195,1442157,541244,1495326,2928019,933799
2024-12-06 15:30:00,3596419,2909367,1318349,1193244,738790,1567979,1003191,2449443,1001672,1566807,1185841,984598,421829,1260236,1673843,824625,1257529,1235973,1146671,956469,2093570,1338084,3129462,1950742,13469116,2051917,465790,1640980,5014980,887727
2024-12-06 15:35:00,4171573,2703185,1566269,1052097,927087,947947,1982970,2032495,963267,2286504,1365888,1052602,531723,1279074,2156712,2014418,1081519,858969,1148498,761618,4273606,1435134,2567457,1175855,10460837,1484701,550403,1825814,1598801,822267
2024-12-06 15:40:00,3612463,5172017,1751387,913255,904676,1218671,4691248,1641976,1320289,2363968,1893178,879613,967467,1218591,1445081,2129630,959046,1083063,1184848,999234,11598239,1174033,2555389,1805209,10174907,1021431,713864,1493617,1412493,826966
2024-12-06 15:45:00,3204852,2641661,1534917,947111,1286389,1047285,4421377,1321421,1618891,2160366,1461507,778328,820576,1470563,777589,716107,1412318,732130,983426,941082,13435569,1175323,2572628,1544210,11763942,551655,628132,1331248,1699145,1141461
2024-12-06 15:50:00,3088935,2950188,2779277,1366353,3208525,873356,1156696,1511261,1024809,2595526,1234580,966059,972650,1227248,976879,691215,1418183,921514,1105142,1503392,3172806,1895059,2592287,1745852,16319104,641909,511492,1340294,1248835,1886372
2024-12-06 15:55:00,3200841,2447745,2125216,1332676,1245110,1761621,1198253,2188899,1141523,1802202,1461695,1467072,511850,1135056,1616815,1025104,1508678,739235,762687,822676,1377281,912891,1605883,1867298,9273800,945285,938077,1984113,2148811,1960464
2024-12-06 16:00:00,3016433,2913892,1510377,1582147,1170910,1810491,1064672,3000516,1437476,2146786,1940155,1138859,456967,1333480,2680202,973266,1943078,1075927,1278230,1056235,2502066,491156,1573930,2833368,4134527,1221788,729629,947724,2155201,1769236
2024-12-06 16:05:00,2737447,2932161,1488861,744525,953581,2665777,1706192,1486016,1523956,1889272,1911282,1396010,1017305,1801687,3073693,868837,2075944,1171709,2006830,1110265,2751748,504146,1742606,2182420,1763297,1457454,1044962,915298,2788788,1103123
2024-12-06 16:10:00,2695961,3712990,1215899,643801,965285,2711568,1465301,2264118,1569317,1830981,1885070,1714045,955365,1532004,4643577,1036692,1801414,890434,950050,875200,2420625,532942,2328826,1936467,2329515,1425883,1000743,1087840,1689730,1016463
2024-12-06 16:15:00,2735644,3268729,1069030,567429,1459343,2532078,1162990,1784368,1642865,2795737,1793985,1737025,465045,1390654,1746813,4895022,1766694,603756,1257801,1168221,1674715,818162,2271638,1758665,1506257,1291502,1294682,961198,2301159,1323403
2024-12-06 16:20:00,2977567,3721920,972719,862801,1734134,1938220,1160584,2306858,1536104,2531472,1764843,1650937,539145,1511422,1690687,1799250,1956359,974719,1181647,928472,3334290,791048,1378316,2288485,1595568,1569008,1154733,1259251,1338723,861961
2024-12-06 16:25:00,2966732,3870172,1175535,1056701,1269551,1884361,1035597,3031934,1349172,2168918,2536184,1573646,643976,1606860,1852014,1812888,1494242,698178,1746911,607162,10330111,1027332,1420324,2130518,1983555,1200316,1109090,1116798,855703,914885
2024-12-06 16:30:00,3522735,3619537,918869,971025,1897660,2817363,1786191,1846893,1596298,2564738,1459764,1406318,377790,1860332,1583291,877476,1553400,709005,4398981,738696,1749636,1037086,2784156,1616396,2139415,1292411,706568,1354226,796811,532367
2024-12-06 16:35:00,3209806,3067380,1892102,1272794,1574384,2196275,1642899,1927309,1660135,2996055,1391437,1391160,513250,1918956,1137310,708109,2598720,553994,1332572,655105,1565607,1122402,1665544,1481862,2144093,1200640,607546,1113664,881160,560245
2024-12-06 16:40:00,2830364,2387780,1872058,1544853,1272831,1482535,988621,2298749,1541159,2582032,2025807,2144213,615119,1691858,2435314,874330,2578676,982016,1148417,924142,1342157,1801045,1852699,1401091,2301933,1345665,484163,1332645,1592780,978101
2024-12-06 16:45:00,4138953,2040049,1773950,1212464,756603,5359460,1451587,1387576,1666217,2090705,1624179,1870348,503865,1975853,3202736,1031966,1875989,740827,1242699,838416,1568906,908738,1786629,1372395,1175259,1366008,522250,1060924,2713437,918849
2024-12-06 16:50:00,3744671,1983814,1326264,1007367,1680351,1258435,1717859,1800099,1533592,1729653,4993104,1579171,529792,1876894,1759275,944696,1911120,582509,946014,1642192,2297159,1272407,1653626,1811155,1568145,1361580,680712,1656849,3249357,825368
2024-12-06 16:55:00,4324126,2079870,1305179,1252933,904554,1480047,5185720,1233530,1279096,2186237,2993112,1671740,655619,2471875,1558237,950306,1399884,1018460,650313,2016377,2108171,1037924,1794570,1659982,1807919,1168568,825484,1970536,2257678,833809
2024-12-06 17:00:00,3851482,1672293,1571623,1367955,800625,1343866,1960574,1237730,1804940,1976785,2776696,1417725,590439,2140132,2241919,1298409,1125354,866280,1014908,1360126,2263216,895186,1919195,2027129,2504473,1270739,632675,1637832,2427011,607540
2024-12-06 17:05:00,3813108,2174117,1649316,990805,1025766,1714406,1368073,2078405,1241752,1752155,1671132,1496048,665860,1637637,2118785,1121531,1003576,569212,1113734,1168222,2368528,1200135,2007058,2372182,2714678,740220,594083,1460481,2430219,647418
2024-12-06 17:10:00,3927886,1833699,1343194,1265467,1073241,1028960,3150447,989533,1296826,1518370,1729199,938193,895928,1492634,1754300,864739,1208235,802252,968812,1158018,2255404,1095565,1894322,2141556,3327446,1791928,1004153,1668061,2561450,1375174
2024-12-06 17:15:00,3843895,2503693,1486014,966126,1250079,2024277,2600525,1555708,1344419,1573473,1202068,930743,938931,1458728,1872768,916944,976803,1693389,1438571,1030102,1968858,1601649,1856701,1855593,1600948,677757,613252,1902678,2391154,519634
2024-12-06 17:20:00,3887421,2110738,1187249,795143,1302018,1294163,2867421,1074578,1674409,1956825,1292117,1032251,759034,1829898,2248946,1028120,1220536,1603737,1344547,1371443,1745901,1880411,2249245,1326242,1793533,1131908,617883,1216232,2669006,485245
2024-12-06 17:25:00,3714836,2652254,978555,871349,1044954,1221350,2730122,1808168,3658424,1995325,1503378,1239971,814706,2125835,1642652,880350,1304835,1295089,1578702,1118867,3258088,1628657,2352974,1952685,1996573,1572599,1324073,1557889,2046065,559822
2024-12-06 17:30:00,4062359,2287114,1629913,1512628,884250,1443172,2590127,1528585,2194535,1838993,1281522,995348,1153960,1388341,1291206,1320932,973895,850380,995350,1579885,2462418,1913743,3011569,1710198,2282313,1375553,1594063,1376200,1957609,1231001
2024-12-06 17:35:00,3613976,3365539,1539888,2831655,997797,1552693,2445585,1666072,2023966,1268245,1384331,1274322,942917,1330551,1065754,1094504,1249810,1394244,629016,1549390,2199683,1693179,4321846,1083488,1341400,1411471,1210211,1190716,1421869,1936799
2024-12-06 17:40:00,4187281,2416621,1772328,1272808,893038,1818518,2169613,1534628,2046769,1702869,1030012,923330,821154,2239935,1283043,1236288,836743,1216416,579992,2266173,1279922,1523718,1737223,1289800,1411200,1559032,1350369,1512255,984862,1285104
2024-12-06 17:45:00,3359486,2517104,1217822,887509,945345,1062342,1289020,1460289,2160191,1346079,1535129,1611739,707712,1908825,1556799,1158124,801267,843390,956059,2774299,1570232,1769751,2609775,1090379,1370942,1531589,1168180,767850,882949,1249051
2024-12-06 17:50:00,3679189,2162408,1746545,1106012,1190799,746729,2237879,1653093,2635132,1051879,2143355,1225792,1082691,2227913,1251906,1483971,1071598,913152,1181870,1949560,1450092,1438088,8352906,1362984,2031382,1558147,710402,729555,940539,1166275
2024-12-06 17:55:00,4015985,2353668,1738568,1040984,1273595,875157,1730905,1376456,2187354,2010658,1851722,1063587,1161386,2569614,1229243,1003969,1330306,909467,1055737,1172971,1330421,1276251,4599247,1216035,797246,1502115,608990,707908,1149242,1478586
2024-12-06 18:00:00,3844673,2429175,1864456,1447649,938295,1040441,1117849,1360252,1555466,2325004,1937979,1386347,1071809,2278950,1136869,1366509,1998426,1128220,1235318,1142979,2118895,1385252,3368038,3072159,1259311,1553226,671756,625122,951180,1241144
2024-12-06 18:05:00,3283270,3387592,1559031,895025,1389230,1875411,1642970,1252989,1392920,1914022,2212417,1690094,722113,1968765,1398577,871849,2297325,1687923,1389290,1182824,1788340,780259,4122087,1265568,1190295,1639332,1038873,750133,1493618,467697
2024-12-06 18:10:00,4066965,2358757,1435034,1391616,942033,2239272,1463851,1193233,2043001,1539191,2528871,1960335,765141,1936782,1250300,962943,2029607,1355080,1113547,1845588,1538315,796711,2773800,1890776,1918029,1395312,880084,668946,1968712,1003768
2024-12-06 18:15:00,3291366,3204868,1975712,809001,2566432,1575041,1977914,1532968,1772630,1481817,2585414,1704614,710919,2573225,1621924,1278220,2367623,1265072,1145124,1645645,1570252,910799,2605187,1567309,2109320,2093872,1119777,1310585,2006489,899886
2024-12-06 18:20:00,2654151,2602537,2585831,1332738,1151885,1167253,1228125,1954349,1528251,1731462,2911875,1210423,743069,1667359,2739891,1175810,1692642,1233491,1295774,2383628,1762532,1066106,3168697,2067284,2333625,1416598,1185594,1997366,2185972,1142098
2024-12-06 18:25:00,2681042,2423716,2587121,1584274,995105,897514,1424828,1676514,2524564,1459968,3043815,1859868,1032305,2627661,2513759,1269350,1484999,1150062,913231,2607771,1494216,997365,4152613,2137816,1498759,1243886,887880,1045945,1966324,756240
2024-12-06 18:30:00,3310506,3033433,3116129,1477571,977652,1316391,2157696,1891090,2280277,1399482,2936428,1747977,828797,2158511,2049239,1327538,1413801,1013548,2242276,1949014,2018951,863484,2800322,1795792,1620157,1069699,910890,901593,1885650,991991
2024-12-06 18:35:00,2795963,2875792,2343832,1403001,1604933,2714244,2424740,1349239,1550045,1103195,4417514,1699519,1101687,3563353,1730634,1511900,2255676,1621693,2345667,1432938,1837040,905205,2437716,1726823,1725885,1221772,984941,1918917,1715874,1797458
2024-12-06 18:40:00,2856046,3398334,1851943,1231325,1310504,1286138,1732300,1345749,2204608,1344255,4921516,1422998,955465,2592415,1720883,1201794,1505617,1191891,1796595,1620894,1982886,1028294,3460172,5568293,1261599,1738720,1579325,1410144,1658567,1535274
2024-12-06 18:45:00,2707045,3168808,1484186,1487079,1258610,1535752,2325511,1347010,1312711,1018436,5862938,1528991,1078924,3515263,2114888,1240944,1945765,1343440,1573048,5054163,1924762,1887268,3369947,28952521,1482434,1509106,1616407,1411255,2067089,1442097
2024-12-06 18:50:00,3192410,3812006,1356724,1305422,1151892,1423115,2922631,1343393,5955574,1275213,5517893,1237341,2311226,2312779,2067297,992276,1877997,1355052,1625207,2655015,2911973,2639332,3413357,23682203,1773632,1393683,2028254,1654946,1562001,1350972
2024-12-06 18:55:00,2635129,2742280,1451150,1148143,982409,1103700,2049629,920967,6065080,1320812,5437098,1029858,2061477,2213364,1828975,1192425,1904676,1233062,1932068,3355568,2207664,1621988,4015279,23557685,1836079,1698009,1085106,1110284,1504563,1312370
2024-12-06 19:00:00,4080313,2752608,1484727,1352374,1681070,880015,2019282,1218662,5783309,1235513,4724931,1424632,1479237,3057468,2565588,974464,2245952,1352411,1960250,2722251,2645503,1626527,3164752,17107115,1849736,1565515,932201,965575,1125559,868414
2024-12-06 19:05:00,4489811,2535579,1723580,1200588,1825763,1184082,2506750,1608022,1681975,1183352,4149254,920251,922056,2150924,2828025,1566814,2379063,1090761,1605854,2698406,3122281,1765609,3369332,1584350,2035121,1580493,985152,596177,1046576,1136930
2024-12-06 19:10:00,3110467,2637201,1110390,1573628,1835240,1074932,2855778,1591420,1574532,1236427,4439193,833090,1371106,3073680,2103018,1931390,2399002,1572607,2337617,3435808,2818092,1448840,3795054,2297946,2380502,1388455,1267501,967722,1063871,760565
2024-12-06 19:15:00,2768562,3058127,1330568,1926227,1761469,1191631,2945143,1860147,1366018,2082497,5752917,963749,1323368,2267661,3050715,1425723,2290840,976195,1221582,2946958,3323964,1608062,3941914,2347683,2277896,1719500,1427050,512772,1256786,1007507
2024-12-06 19:20:00,2771150,2453271,949660,1133979,1373506,970820,3069683,1550519,1387025,1449972,4058640,693949,1211852,2233433,2548870,1507142,2512814,763109,1154836,2555455,3252398,2013664,3341315,1614573,2672997,1744699,1325800,932173,1299612,738733
2024-12-06 19:25:00,3279381,2789618,1012722,1333313,1082388,1069929,3121244,1051698,2032632,1409310,4161069,1548693,996240,3037416,3168524,754457,2806013,659148,1197247,2200100,3580124,1544055,3013230,1028423,2296063,1462134,834508,1066517,1221640,1400194
2024-12-06 19:30:00,3486094,2911893,1057362,1508863,978255,897865,2692762,1475111,1252344,1704327,5345837,2467370,645506,2555814,2517965,732683,2481929,819460,1171889,2337614,2469322,1406406,4448570,1476200,3672666,1453122,642674,465174,1150790,1193194
2024-12-06 19:35:00,3111365,2537747,1224408,1252907,1604857,909358,2426440,1840088,1304694,1802116,4169259,1248562,594738,2820007,2223534,726604,2682294,1345058,729621,2110951,2661275,1446969,3446018,1581247,1397375,1231944,1101227,733046,1464618,1170441
2024-12-06 19:40:00,3250389,2273848,1417616,1478704,1639343,1181762,3389815,1676981,1234447,1600121,3448794,1983459,613137,4306827,3010490,881707,2432775,795248,627001,1680028,2647405,1560114,4233643,1629792,2044380,1679204,1166216,913537,1167553,1167470
2024-12-06 19:45:00,3199937,3365910,1502805,1107243,1850627,1590457,2858583,1839139,1792032,1343022,3444442,1201834,615941,4033625,3351910,1020746,1647788,1058324,1456485,6084757,4010875,2055370,5735930,1103636,1170325,2468891,1197747,1115746,1575386,1045069
2024-12-06 19:50:00,3405986,2889285,917832,1128164,2475742,2810600,3570381,2470213,1439927,1582273,3124780,1202858,887598,3129987,2383477,1028817,1930065,605285,1074314,2627879,1172761,2159602,5901157,1333791,1100175,3094187,1379237,1182072,1208046,1099584
2024-12-06 19:55:00,3896063,2403125,1291966,1144135,2956733,2456893,2903938,1140785,1161205,2030724,3308692,1515038,832654,2933068,2018177,1222571,2088381,989207,900375,1935993,2424478,2318338,5384063,2285689,1120513,1838305,1154312,616536,1130865,1363206
2024-12-06 20:00:00,3699842,2057503,851112,1405201,2111236,2596999,2494347,1157096,1266283,1373599,2919110,1584527,930392,3680076,2436847,1490641,2116260,2045631,1601675,2000099,2332379,2085355,5214233,2178841,1503626,2538675,1292738,768601,1356331,982937
2024-12-06 20:05:00,3188620,3446739,2043394,1189912,3208990,2841168,3644040,1190395,941958,1396850,3948628,2225910,841971,4774088,2711353,1459533,2275584,810739,1701299,2155504,2511617,1931450,4755590,1871011,1821801,1832451,1215486,540927,1577830,692915
2024-12-06 20:10:00,3547449,2958070,2720931,1077063,2727270,2066418,2584296,947013,3279993,1613533,3925570,1612948,1085934,3089647,3286293,1695836,2005195,690595,1296929,1743079,1623336,1663969,4339856,1575603,2056189,1867686,1450946,1359428,1079926,696710
2024-12-06 20:15:00,3358870,2288524,2358143,1559810,3048415,1993847,2824282,757826,2683696,1527428,3224608,1755018,1192221,3372233,5496206,2091447,1888020,1197149,1079488,1951517,1945642,1902801,4071436,1730006,2152011,1864805,2293824,937388,1540486,541205
2024-12-06 20:20:00,2902149,2643438,1407099,1332049,2083411,2406113,3619842,1271432,6978140,1829698,3641006,1651008,1093529,4014226,4620828,1693375,1901951,931466,1690868,2030031,1699910,1848821,4074052,1875116,1723772,1561078,1989247,1065188,1424249,1470553
2024-12-06 20:25:00,3231315,3428220,3432047,817766,4012107,2459176,3045212,1238971,7575297,2070111,3982768,1983792,1349067,3057394,3324656,2322872,1885066,623875,1681036,1471241,2319306,1980279,4464102,2163567,1276238,1796202,1935345,969290,1736674,1486327
2024-12-06 20:30:00,3199347,3309414,2434453,1376281,3894456,2254361,3065108,849385,1322334,2663710,3314864,1796540,1205081,3805529,3210014,2207279,1861928,922286,1519879,1589222,2106815,2489130,5037181,2391393,2171693,1393149,1621558,919008,1506530,1682965
2024-12-06 20:35:00,2832716,3200217,2275875,1402218,2777665,2666337,3345080,977147,1114650,2514176,3288715,2116847,1140822,3469063,2390784,2188395,1957469,1187819,1198436,2070920,1932448,1964032,3834695,2032145,983536,1143832,1412993,1072158,1585705,1642333
2024-12-06 20:40:00,2984823,3376293,3570567,1381120,1544233,2121132,3268545,1213536,1689192,2273601,4311781,1875436,1182245,3351107,2678189,2723543,1868988,1315754,1914514,1585740,1828914,1886173,3868329,1977475,1162025,1622932,1202946,1332143,1114290,1155036
2024-12-06 20:45:00,4015410,3061766,3094527,1282443,1678823,1789852,3354014,1224791,3430207,2119031,3624936,1312249,1233663,3715280,2682951,1940258,3793037,697184,2280887,3226094,1255871,1750294,3183643,1486882,1660200,1768420,1155990,1358548,998562,1042904
2024-12-06 20:50:00,5086990,1922807,3275263,2037147,1978220,3114622,2463844,1039890,2851750,2008145,3088160,1110398,1440861,3799161,2992852,1986489,2915794,790619,1533686,1834850,1381040,1356138,3689509,1095691,1609642,1450902,1064617,1254971,1620224,1053803
2024-12-06 20:55:00,3925845,2805675,2410548,1351090,1212267,3163013,3008188,1052122,1217836,2085655,3457054,862887,1663250,4260260,2557292,4447131,3144376,1613637,2067539,2348817,1993862,1529412,2913780,1323594,1357049,946719,1624475,777511,908589,1850060
2024-12-06 21:00:00,3748358,2874995,2735073,971821,1288011,2553416,2991435,1837402,988940,2147381,4263288,881943,1704274,4472382,2453679,3984408,3804394,808819,1430471,1962222,3439201,2018866,3159835,1794762,1518053,1341795,2008879,1009931,1198698,1483871
2024-12-06 21:05:00,3184195,2106739,3109133,1643297,1494825,1317001,2547999,1855599,1444010,1838615,3966532,963132,2533678,4263546,2556246,2785393,2433390,953785,1173761,1968597,1787169,2733236,2942032,2524937,1517687,1146339,2398693,1243432,1152567,1253520
2024-12-06 21:10:00,2614587,2276803,3485299,1398541,1866101,1928304,2812529,1529649,1303402,3044870,3906685,1107757,2469454,3578414,2308164,2889753,3118329,889798,1591748,2541767,1817671,3076927,3062693,2619241,1248167,1724068,1673816,1672186,1061609,1133770
2024-12-06 21:15:00,3070193,2687575,1588970,1364854,2914735,1959404,3087938,1269169,2097033,2443676,4393022,1310298,2058064,4368038,3205824,2942184,3591778,1085848,1353711,1510719,1524622,2757048,3083784,3076311,1556170,1297419,1356557,2165018,1822510,1286181
2024-12-06 21:20:00,3455643,1945866,1724119,1297060,3674476,2269089,4078851,1600454,3432344,2491212,3563015,1846771,1855590,5799747,2507318,2492088,5171199,1089120,1259077,1754875,1230773,2640887,4896953,2270349,1132094,1008222,1002128,1234415,3055702,929607
2024-12-06 21:25:00,6769518,2289490,1652394,1073538,2149707,3249443,3550068,2079111,1072845,3207002,3551048,1803858,1565147,4623919,2577544,1955168,7054732,1169992,745680,1637457,1089646,2368864,7070580,1813835,2006797,684836,1125231,765361,2345335,711710
2024-12-06 21:30:00,3697679,2700906,1355194,1161150,2530247,1725642,4698862,1792884,1156643,3077635,3129589,1917041,1789205,3356065,2558401,1916806,3745670,860162,1132173,911972,1565656,1861948,5383997,2267997,1631684,1336305,1503606,3115401,2419616,748232
2024-12-06 21:35:00,3545082,2851896,1627027,2130055,3299622,1752683,4424628,2572279,929922,3309597,3215601,1057990,1663881,3585895,3038679,2841019,4623565,978342,724646,1750078,1528248,2072447,5211428,2382427,2318439,1553604,1542033,2017648,3059680,1814417
2024-12-06 21:40:00,3106475,2492208,1012118,1810302,3283657,2120928,3203132,2141374,1094507,3098480,3739514,2490719,1604034,4052886,2588887,1724563,4180533,642216,834434,1466346,2275170,2432364,5483700,2621011,3127153,1371576,2197118,880144,2625912,1678923
2024-12-06 21:45:00,4990515,2698279,1973720,2974213,2352298,2318143,3411742,1688383,1579124,3018290,3697811,1978778,1340213,5188289,3542524,2046553,4314517,1332190,1021039,1048624,1729604,2562984,4347186,3037730,3764291,1411937,2614743,1216843,2458322,2010661
2024-12-06 21:50:00,3655493,3545544,1910020,2463795,1832729,4053189,2975271,1765842,1759259,3012797,3123856,2169212,1086272,2922685,2577071,2782100,3716276,1163811,924860,1227561,1884950,2016323,4541631,2469638,3171707,1833816,2127151,1110732,1561351,2712346
2024-12-06 21:55:00,3059795,2657357,1911650,1986596,2074558,9240970,4361020,1890095,996599,3065171,3386985,2519499,1272193,3065791,3582451,2463438,2613349,961080,1047457,1014122,1775123,2365569,4513262,1872968,3272002,2154686,1323484,1929305,1897995,1188660
2024-12-06 22:00:00,2899986,2363292,2630337,1902809,3663486,6210244,3882835,1326430,575807,2065007,4182529,2539086,1444048,3075461,4953642,1870344,2725054,616590,1169008,1189045,1386778,1929441,4351207,2575029,2127049,1565424,1368349,1458766,1563691,1631652
2024-12-06 22:05:00,2996643,3114702,1042353,2270467,2074029,6216047,3473155,1769018,800075,1737278,3590792,2220766,1090025,4177019,5835604,1713980,3842222,1250824,1224050,1399277,2070000,1936733,4880218,1930319,1406167,2217498,1503682,1512237,1956503,2159930
2024-12-06 22:10:00,3499024,4426265,1639118,1735327,2239598,1007793,4059409,1275925,808132,1994743,8406178,2581765,1078618,5069958,4931097,1911436,5509994,1084201,1273201,3475666,2373653,1541009,5071479,2425487,1865926,2042185,1168928,1600635,1950103,3416594
2024-12-06 22:15:00,3101577,3469863,1622036,1380187,1950649,3299503,4674265,1119575,923898,1985531,3711930,2768796,994859,6548147,2963525,2793815,3274561,1824823,1325065,2582194,3291175,1670989,4363075,1591905,1628005,1595329,1098271,1931158,1429188,795503
2024-12-06 22:20:00,3519883,3461704,1986074,1646737,2272228,2649004,4102072,1184313,1119755,1872924,3112971,2715334,1074876,5607065,3861073,2574013,3309609,760813,1873418,3524267,1874458,1978785,4469791,5055813,1999151,2750087,1207834,2327908,1754564,790386
2024-12-06 22:25:00,3892362,4752544,4101757,926612,2368705,1405356,3395695,1266657,1320726,2423762,3640266,1719750,1202370,5819209,2734376,2730811,4214034,712846,2055180,2432387,8381671,2307791,3621182,9056167,2688165,1497568,1728539,2453227,1764712,1863931
2024-12-06 22:30:00,3946270,4221590,2602319,1030320,2761113,2049231,3461615,2093883,780982,1813960,4692454,1870791,864073,4074982,3165630,2116748,2938695,544249,2437515,3283565,3853193,1903365,3514092,7158599,1880911,1859310,1418499,2245768,2324383,1281269
2024-12-06 22:35:00,6184258,3970629,1827018,1108387,2650586,9712304,4516168,2612409,735612,1933082,4561634,1766543,1167693,4346525,3326901,2018069,3572996,467830,1544433,2104766,1814133,2369792,4130786,2417336,2133477,1306317,1990442,2289609,1924542,1396784
2024-12-06 22:40:00,3974248,2891245,3851556,1531957,2533711,4408923,3818401,1798365,910109,1716946,3906863,1579602,970995,4120280,4144038,1739001,3765149,715978,852877,2389507,2270189,2176634,5005219,2284436,2105518,1343870,1795601,1929387,1879612,982987
2024-12-06 22:45:00,3972823,2849181,2977583,1892790,2256441,1964109,7615403,1403044,717946,1686673,3822025,1212581,986419,4408378,7316543,2136859,3175248,1828003,971138,2773057,2595069,1930684,3727203,2531938,2000854,1658127,1342031,1733748,1534246,878607
2024-12-06 22:50:00,4408497,2807265,1817283,2438330,2522325,1908767,3972104,1516123,632055,1887087,3826359,1368234,1027297,2676347,5837633,2770114,6002095,1572301,1130889,4112779,3072076,2566437,2875337,8283148,1381448,973445,1054974,1820026,1583289,622438
2024-12-06 22:55:00,4718219,3463791,2056995,1857169,2152527,1723408,4006785,1476962,766477,1889318,3640771,1439835,909981,3816066,3320811,2843379,2384762,1033197,1480886,3176099,2590773,2373887,2719007,2966401,1069692,1141760,1055507,1310566,2020494,878683
2024-12-06 23:00:00,5880709,3016594,2057311,1489873,1864220,1121192,4191073,1037461,547684,1851741,4718225,1409714,655477,3996504,4751439,2105968,1747540,691192,725051,2818612,1985390,1976689,3387094,2094720,954048,1119618,1310350,1855696,2368622,1357052
2024-12-06 23:05:00,5649034,2645912,2260504,10170227,1311463,870768,3591094,952894,592870,1489780,4138517,1154242,790450,3723022,3607804,1331674,1533822,653016,586886,3275947,1693069,1503531,4383058,1430963,1285721,885114,1122638,1892045,1795489,1340546
2024-12-06 23:10:00,5864209,1627460,1814608,1362531,1711003,1058038,2837264,1443926,576890,1193871,4956905,1158420,928857,4058018,3558392,1236466,2115906,383477,883659,4121470,2194123,991656,4889876,1756550,816153,857167,2069903,1188160,1906928,784805
2024-12-06 23:15:00,5300394,1759372,1391434,766002,2286026,2903292,2878788,1235191,471103,1971211,5499893,1018494,1053031,3580826,3867041,1859877,2246094,2239079,962329,4411203,1758130,1163342,3149379,2062555,1485021,897458,1702962,2548214,2046168,613387
2024-12-06 23:20:00,4445188,1955596,1832794,636177,2580903,1611676,3327406,955767,444209,1864666,5883588,1775735,1196132,4423750,4186088,1940995,3171319,876247,1213286,3293759,1887473,1930244,3093023,2010866,1698787,1258640,1769580,3223560,2081707,612981
2024-12-06 23:25:00,3240587,2582071,1858283,428644,2135055,1463211,2751312,1020044,399523,2946018,3845019,1843182,1048514,3375769,3808062,1889217,2900459,750689,878534,3051249,1264065,1450300,2985211,2075685,2357708,937086,2361264,648840,1088448,671829
2024-12-06 23:30:00,3556790,2198128,1497832,355119,2166240,1162225,2546800,1159547,431222,2471546,4713245,1628778,1028516,3404676,4315434,1654188,2101629,586796,2105250,1691119,1712564,1263887,3073331,1513831,1918124,1077440,1300628,815128,1045087,606157
2024-12-06 23:35:00,3803442,2169601,1447670,368136,2335840,1796106,2774936,1296245,538753,2425540,4044692,2177279,949567,2734108,2926270,1606542,1742872,821492,1533212,1990004,1964391,2187503,2586589,1040730,1193299,1403387,810121,778153,782333,522246
2024-12-06 23:40:00,3603345,1960282,1116863,561995,3864994,1353071,2630461,930707,387497,2560691,4183011,1508578,1090508,2711717,3218130,1696504,1439666,791629,1545065,2548701,1340525,2751419,4618582,1475359,1314282,1426348,662992,695598,1103313,696095
2024-12-06 23:45:00,3459865,3450092,1000651,599938,3082956,1546796,2507151,972825,421036,2448479,3120438,1415687,1250408,2654327,3057229,1372745,1362358,703949,927855,4055975,1664920,2401344,3653298,1059061,1238127,1374775,1158131,540178,1300451,501096
