timestamp,Grid_001,Grid_002,Grid_003,Grid_004,Grid_005,Grid_006,Grid_007,Grid_008,Grid_009,Grid_010,Grid_011,Grid_012,Grid_013,Grid_014,Grid_015,Grid_016,Grid_017,Grid_018,Grid_019,Grid_020,Grid_021,Grid_022,Grid_023,Grid_024,Grid_025,Grid_026,Grid_027,Grid_028,Grid_029,Grid_030,Grid_031,Grid_032,Grid_033,Grid_034,Grid_035,Grid_036,Grid_037,Grid_038,Grid_039,Grid_040,Grid_041,Grid_042,Grid_043,Grid_044,Grid_045,Grid_046,Grid_047,Grid_048,Grid_049,Grid_050,Grid_051,Grid_052,Grid_053,Grid_054,Grid_055,Grid_056,Grid_057,Grid_058,Grid_059,Grid_060,Grid_061,Grid_062,Grid_063,Grid_064,Grid_065,Grid_066,Grid_067,Grid_068,Grid_069,Grid_070,Grid_071,Grid_072,Grid_073,Grid_074,Grid_075,Grid_076,Grid_077,Grid_078,Grid_079,Grid_080,Grid_081,Grid_082,Grid_083,Grid_084,Grid_085,Grid_086,Grid_087,Grid_088,Grid_089,Grid_090,Grid_091,Grid_092,Grid_093,Grid_094,Grid_095,Grid_096,Grid_097,Grid_098,Grid_099,Grid_100,Grid_101,Grid_102,Grid_103,Grid_104,Grid_105,Grid_106,Grid_107,Grid_108,Grid_109,Grid_110,Grid_111,Grid_112,Grid_113,Grid_114,Grid_115,Grid_116,Grid_117,Grid_118,Grid_119,Grid_120,Grid_121,Grid_122,Grid_123,Grid_124,Grid_125,Grid_126,Grid_127,Grid_128,Grid_129,Grid_130,Grid_131,Grid_132,Grid_133,Grid_134,Grid_135,Grid_136,Grid_137,Grid_138,Grid_139,Grid_140,Grid_141,Grid_142,Grid_143,Grid_144,Grid_145,Grid_146,Grid_147,Grid_148,Grid_149,Grid_150,Grid_151,Grid_152,Grid_153,Grid_154,Grid_155,Grid_156,Grid_157,Grid_158,Grid_159,Grid_160,Grid_161,Grid_162,Grid_163,Grid_164,Grid_165,Grid_166,Grid_167,Grid_168,Grid_169,Grid_170,Grid_171,Grid_172,Grid_173,Grid_174,Grid_175,Grid_176,Grid_177,Grid_178,Grid_179,Grid_180,Grid_181,Grid_182,Grid_183,Grid_184,Grid_185,Grid_186,Grid_187,Grid_188,Grid_189,Grid_190,Grid_191,Grid_192,Grid_193,Grid_194,Grid_195,Grid_196,Grid_197,Grid_198,Grid_199,Grid_200,Grid_201,Grid_202,Grid_203,Grid_204,Grid_205,Grid_206,Grid_207,Grid_208,Grid_209,Grid_210,Grid_211,Grid_212,Grid_213,Grid_214,Grid_215,Grid_216,Grid_217,Grid_218,Grid_219,Grid_220,Grid_221,Grid_222,Grid_223,Grid_224,Grid_225,Grid_226,Grid_227,Grid_228,Grid_229,Grid_230,Grid_231,Grid_232,Grid_233,Grid_234,Grid_235,Grid_236,Grid_237,Grid_238,Grid_239,Grid_240,Grid_241,Grid_242,Grid_243,Grid_244,Grid_245,Grid_246,Grid_247,Grid_248,Grid_249,Grid_250,Grid_251,Grid_252,Grid_253,Grid_254,Grid_255,Grid_256,Grid_257,Grid_258,Grid_259,Grid_260,Grid_261,Grid_262,Grid_263,Grid_264,Grid_265,Grid_266,Grid_267,Grid_268,Grid_269,Grid_270,Grid_271,Grid_272,Grid_273
2024-12-06 23:50:00,19758,2332,4030416,6078,9902,8801,3394,1,23729,11,11470046,0,0,11242005,0,91080,17607,39436,375,0,125644,12377,1639,4676,24892,11664,4364,6449216,4260,27655,80912,261,0,112256,2323,17716,3894,23575,57903,31752,9390283,16787,5009,0,119813,1722,209974,0,4403,4608422,19676,17683,564,49702,34367,134,9850,8234,8046,12684,3108316,632,1177,22455,2037,419,51,954,3992381,0,11056,59011,81807,1712322,10420,4068,916,757,0,251337,80365,13658854,137,2835,2,1558,5,5029,270,9640555,277,9391,273,13065,1592,1992,5334,5666,64213,6008153,26405,6519,8756,17806,2835,10462,13662,21,2999074,6915,32489,105563,67642,61143,40672,40465,3358,434,2837,9933956,17817,149,13740979,3008,21363,13235,181,11487,103880,1647,21753,11260,7775912,149642,21327,5253446,181,8424,6394,272263,824,74,5847,890,359146,5343,4053,1082304,27477,693755,1529,19097,2013039,692,11046,4226619,45875,12918,16756,25959,10221,5839,0,29969,18942,3577,204450,11005,9170401,18000,6421,11600,7465,4125030,30682,0,53345,432,630,819,326,518,29065,6956,0,0,21528,6977505,21139,443,31192,27167,1849,13362,7587,11428,4033,8159,8940746,3716,7378,5746,4679,34828,911,6936,16512,588,9029,2154259,880,1649,677,34960,754,3753579,142,16930,61590,3620,113,83,2352,99,24387,107,22079,8175,35,39013,965,14610,5226128,1481,3761,101,3937479,25448,43099,10466,20084,49809,22003,5,12592,61,0,5,3442001,409,2499,0,1078,4061130,59839,4954,873,45,40386,18969,10559,10597,1518,2088,2220381,7393,2817,7821,373,15673,46,20854,18928
2024-12-06 23:55:00,31097,10154,4360485,20454,2752,18273,22962,0,39197,0,12249886,1,0,10709337,0,20812,3894,31523,158,0,12904,16763,16356,2692,32783,9146,7825,5258706,8849,14963,54880,2961,0,398060,30727,11788,0,19889,34913,2554,3933151,10795,12743,4322,103641,0,187193,444,8,5842169,41727,21362,547,18508,15546,2,1364,4230,11290,2271,3013261,39,382,9898,2365,0,396,61,4614859,0,8713,914,91303,854360,10098,4936,6686,317,0,15877,2475,11402714,1745,297,2957,166,453,4641,1093,9530248,353,8630,6310,1633,1513,8682,478,6405,4369,6242345,8989,135,82542,15226,277,18807,20878,0,2372439,2835,34781,63589,22257,1240,100006,22033,1793,0,17,9183777,15414,1067,13671750,184037,14016,38688,138,46354,29709,2103,41826,8889,6931618,118685,32469,6172261,4863,15008,7521,434295,0,11571,0,1348,174378,3258,589,1633386,58141,186405,1605,392,1465679,2461,14371,2867818,69383,19223,32653,18605,23516,14189,160,28506,4176,4086,473263,0,6988333,25763,13493,10579,7193,3351682,12309,0,26781,87,247,930,1167,4711,39177,12122,0,0,22313,7585853,15280,4773,9260,64533,6949,16637,6462,20434,4352,2211,7894417,10772,6938,3109,5942,227739,1639,9997,10321,2386,30869,2797976,1511,8549,0,29418,421,2198114,10044,10084,18586,1840,9880,7,9049,12,26730,319,18173,411,0,13142,0,16276,5414250,181,0,1681,3838447,8574,123742,0,33184,33913,447,0,5143,0,0,0,3036956,86,228,0,697,3432113,60589,8539,3125,1018,44914,31479,18632,33325,9582,1387,1748390,1008,1068,9,0,3734,131,2840,1684
2024-12-07 00:00:00,396236,7820,6273669,212356,12589,90926,71483,491,139870,994,11357813,0,0,10770314,0,49915,28375,14691,25337,0,2352,22817,745,8885,8094,45504,6389,5756583,1954,11473,75622,2103,0,44324,2636,2150,806,31961,80315,5030,5509860,25036,69,9930,84922,0,462187,350,0,5329725,39309,17371,446,11307,23892,395,10245,5699,13536,3613,3589638,0,48469,24548,8766,1516,1539,1519,4561666,0,22826,3255,141743,758135,42476,5343,1648,2610,0,22355,164,12121234,6224,582,1027,2079,0,13064,2072,9914187,0,7479,3728,1314,595,5815,201,21441,1688,5957600,2240,145,12472,17391,621,8250,12224,0,2394618,2538,54828,42373,13949,17244,35526,18695,2253,7956,263,10204507,3495,276,12386493,1760,4650,16569,354,29553,4627,2711,109781,4401,8271990,156696,30927,5804615,9354,32498,3011,468790,264,460,0,3364,143756,6482,9015,1481152,6684,390143,1260,4074,1476310,25044,7189,4026872,128763,17044,35293,15082,47791,20063,34,25197,5189,7064,541753,0,8799689,13214,17637,5767,7358,3400479,12503,12,1103,217,0,474,742,82,22454,423,0,0,26151,6712581,23199,716,19101,44794,3294,13334,45,13732,7088,3290,9006531,3546,4141,844,10358,245170,2307,9890,9511,3466,34589,2367109,5143,95753,356,34997,1382,2672669,2929,10415,23056,11451,0,0,46585,0,13427,3183,36299,1233,0,26230,1665,16518,5830022,0,903,7772,3359980,177,33992,0,35239,36901,406,2445,13964,0,0,0,3042698,0,89,0,646,3561254,38235,22185,1919,14126,99101,48319,5220,24478,11120,331,2005775,917,1114,248,2537,1194,714,4425,1244
2024-12-07 00:05:00,336299,49080,5130068,266930,23288,57657,37275,0,208317,1175,9274396,0,0,9907024,0,6612,3744,16503,8537,0,3495,11506,0,10632,32873,1776,21108,4767524,129,10088,44198,2197,1,21964,1942,4828,2876,21939,24183,4474,5105923,36092,3591,292,86031,0,180133,10,355,5379752,13894,12061,196,16917,32611,10041,1459,14490,10174,23191,3161762,0,1531,29599,25399,1178,245,220,4646528,0,23558,2202,100135,975255,43879,151,577,2033,0,9494,2117,11472864,79,108,125,8130,0,2902,696,9862108,0,1568,2234,662,344,7843,899,16176,4319,5893742,9431,970,8593,5436,3,10221,9884,0,2977542,4876,77180,47715,21562,12536,19405,17049,3505,3032,8157,8976094,36501,181,11997587,93694,2198,8507,204,8208,16066,2733,14718,3230,7325241,122997,13789,5948475,677,15049,5280,426465,0,2241,0,7122,13881,289,4032,1314288,8685,403235,5960,2895,1278663,11836,17778,5417598,66393,19054,25857,14614,27540,18629,0,30883,7991,4484,175428,1,8462334,22354,19744,8161,10488,1779079,10455,1760,3996,1981,377,351,6488,522,13099,1585,0,0,31853,6758593,13529,4611,13647,48088,728,17505,7754,6610,42,3271,8707945,18046,1875,68,13277,26538,8471,2455,7352,1710,7979,2397556,2135,3267,3,30878,935,2432492,5194,12514,19653,5227,1475,0,44504,1528,13994,865,19261,2244,15,24465,316,32126,5986381,630,1203,1030,3342325,2494,69409,24,11464,75764,960,1531,10509,0,0,0,2979877,132,2109,0,1701,3354622,52151,6400,1657,15995,52978,31739,1136,17776,2656,5807,2045423,461,6918,809,221,2753,95,2122,784
2024-12-07 00:10:00,187345,4198,5160795,89803,16432,175275,38583,0,343938,25,8024212,0,0,10541361,0,1347,598,46532,0,0,1441,4417,120,5560,7580,3414,5991,4920185,2378,1683,72557,201,0,89519,25045,4019,2765,13769,20588,308,4517670,9755,5172,4041,55057,0,204336,578,9,4745097,22928,16577,2045,45115,28944,4658,1975,37,5076,33801,2839553,15,200,7484,2855,46,1557,5034,5258538,0,6019,2356,86558,957800,32643,0,788,6489,0,29373,64,12622675,2004,750,0,402,0,20730,3810,10045942,0,8200,711,1693,496,11518,929,7485,4210,5127520,6108,1016,174,4014,0,7087,8708,0,2152526,1429,61202,49151,16700,7887,41329,7322,132,12198,14136,6650750,58630,32904,11916071,11052,1965,20660,78,18173,19332,903,113699,697,7190842,121283,27351,6227032,425,2325,13297,486243,0,2572,0,10617,90360,609,1802,1310761,7893,597323,1551,1214,1545247,14861,13961,3936572,37706,23030,24345,17213,38400,16353,0,21030,10286,4665,351134,67418,6277234,24017,8794,11735,10664,1677059,18271,19,4710,2214,0,928,1976,2057,8969,170,0,0,10520,6488195,22537,126,24433,29967,4,26235,229,8961,2820,1269,6857927,8159,87,2010,14696,17118,9650,3933,18275,2311,30889,2307261,394,3509,1382,28096,7541,2061968,219,9659,30411,5411,619,0,24432,30424,18413,594,19919,1434,0,31529,544,33132,7026097,81,7,59,2672952,46,9659,0,27149,21187,1058,0,20914,0,0,0,2813759,0,222,0,10,3397574,84777,4960,1444,7868,53787,59438,4094,29205,6277,228,2129541,99,2682,1664,1,617,239,7047,3980
2024-12-07 00:15:00,170607,2891,3365688,14815,5569,6795,1458,0,203460,1150,7180140,0,0,9012241,10656,16251,21076,45406,843,8656,2498,1730,412,3406,9783,6143,11428,5811212,167,9092,43663,306,70,136007,2590,282921,1513,26443,219182,7983,4090378,13332,4200,2894,64819,1,188910,1,166,4883463,24458,36581,1666,42813,8006,11965,2783,1340,1275,17826,2630647,4,231,274,4924,469,728,17,4335227,0,10696,2332,63828,1157747,48710,78,7730,79,0,26611,956,10579020,2968,111,16775,1228,0,1574,2317,10418582,1691,12985,358,21407,1682,7302,1257,20236,4158,5358435,10018,6368,3899,2801,2285,20214,10606,0,2046943,23196,90278,63887,208368,4958,186429,11975,0,0,5023,6096644,393713,32587,10243630,1754,11598,21599,0,18196,27521,2904,11354,2146,7971315,103005,36058,5899177,1,1004,14694,348207,4271,5095,9,160,65824,542,40164,1621977,5022,339239,754,886,1287837,685,16370,5808681,52186,10627,28528,27398,21959,25553,0,20736,2552,5180,2642,242206,5732108,185715,30823,216772,9724,1306518,12937,0,15786,2474,289,387,380,1783,13948,687,0,0,16819,6097403,1727,68,20253,15807,0,4814,9054,6007,61,2015,7341173,4372,833,122,15833,14084,554,14041,13272,2797,6357,2338317,3588,4288,0,80407,964,2690972,3018,46983,37107,3177,257,0,2805,13191,4129,117,20067,16223,77,10411,516,33603,6871746,9,0,6349,2768071,22627,16954,3,7751,44498,0,0,25499,0,0,0,2764853,0,0,0,179,3700175,300998,4008,1691,3952,36498,8230,5076,25785,12535,1293,2056015,340,4664,141,183,7289,187,1135,1542
2024-12-07 00:20:00,116479,369,1824184,1375,4872,19035,1348,0,260200,672,8316809,0,0,8849468,0,2318,8749,5862,0,0,692,13401,1036,7714,31346,891,18382,4277931,8659,7183,68910,610,0,285550,0,66748,7371,38655,303027,1112,4212198,8060,5865,42,63574,176,234089,609,87,4195908,28871,15519,1110,3877,2408,12981,499,21,2584,31401,3167444,0,1242,1690,3859,4079,591,1843,3797043,0,15711,1367,81265,1058175,26167,171,327,237,0,23587,1204,10569437,18479,23,5724,4699,173,2083,723,8929732,0,14987,8824,4621,1710,4294,2529,26601,11633,6603886,19991,2017,1158,5077,5215,17216,19057,0,1740651,11123,119993,5350,60689,9409,29344,6174,0,131,3072,5766266,47976,113,10095683,8118,10531,12038,264,14970,110414,12636,5913,6636,7841134,109214,30271,8202145,725,2042,13326,378550,144,773,0,513,396496,1703,82401,1538012,9913,410586,1867,539,1130785,4599,13435,3211296,30919,13275,35544,19503,9551,25065,0,59659,2329,5674,236037,116458,5318273,12760,7610,4746,8980,1357360,4429,0,683,1875,0,341,947,128489,27830,688,0,0,22000,6239472,9600,22,17754,16690,548,2994,0,6381,0,1624,5198971,6493,12,4418,6141,31870,4742,6060,5295,665,10460,3175212,8622,3283,0,45426,2747,2733219,18,14792,43326,1936,264,0,13657,22194,1757,0,27764,34417,5516,20326,0,23588,8401002,221,1,318,3620222,162,22071,0,24944,110540,5330,0,14787,0,0,0,2878535,0,0,0,15428,3412445,96898,4892,3117,8076,24777,19379,22477,23176,6313,4167,1618423,197,1407,1942,52,6869,106,5276,928
2024-12-07 00:25:00,90502,3575,2187596,2599,22224,2224,166,0,292627,668,7989044,0,0,8273595,0,29978,2158,2345,156,0,26144,16029,474,11718,15423,3686,2177,3951707,142,7246,58312,866,0,147572,7100,121891,1151,15658,156895,940,4576063,6523,1903,663,51436,84,106145,1363,5810,4042575,29925,9955,599,61460,8552,2941,14150,25465,5178,14527,2953285,0,1404,885,7094,198,1728,1518,4405243,0,3392,1244,12041,1023674,11531,0,12313,0,0,11469,384,10065282,41344,1966,1211,841,0,18779,10651,9216558,1991,8034,281,9130,329,12759,814,7972,22083,7642338,4385,418,215,2316,2063,18482,6077,0,2392599,2846,61128,76544,9764,9327,33835,5047,0,188,10892,6516382,4481,436,10960189,2523,4419,19395,478,9550,94685,3191,13284,2753,6729149,120295,30958,4327178,1349,2641,4743,313771,1105,1298,241,12371,207314,7905,114969,1128030,15650,835378,1103,774,1418267,11871,4640,1749814,34133,19598,20905,2811,6842,16337,4786,35103,4039,7993,594627,31871,4933534,9668,10580,5945,30697,1540599,4925,0,2978,738,52,6,120,59,13079,680,0,0,11551,6156906,2148,770,27460,18426,115,7244,2064,20131,120,20253,5751929,9674,0,81,6083,16967,460,207,677,99,9373,1469771,37,1701,0,71673,1640,2471879,599,18967,21784,6842,741,198,6810,23278,3117,45,19623,13941,618,17946,934,29710,6672551,50,66,73,4410203,1550,21459,0,16639,239985,65,7,40373,0,0,0,2648827,0,0,0,14255,2798718,64085,2457,293,15315,13956,11897,17046,7733,4905,4443,1375796,69,8143,3329,1051,19939,0,882,1249
2024-12-07 00:30:00,58409,6578,2045218,14996,25452,1666,1240,0,330427,510,7561677,3,0,8674730,0,2821,1605,3306,0,0,25023,44016,873,161319,4123,1881,1175,3198490,11916,22044,62411,4342,9,100204,11832,23433,170,6767,136903,4382,3989017,10434,1364,2163,68514,0,261756,182,25446,3771348,17497,8148,936,32566,3927,2640,8180,10907,17160,14689,3888893,3,531,5516,88,29,2,1,3880709,0,4654,629,0,1020832,824,58,4540,10540,0,7632,379,9288015,3966,1411,790,2757,0,7922,6244,8920884,13938,8525,362,559,15,4701,506,2775,13034,8551925,8811,4210,1951,5764,6126,8519,33481,0,1914269,1257,26718,23102,17820,5208,28521,628,0,132,3231,6749446,4106,108,11025522,5627,13957,10317,1487,17997,128028,9122,16542,8920,7628941,259636,26297,3835852,1798,9015,13779,406365,113,1931,1,8535,31903,261,3805,1029334,38150,877185,6640,4642,1420036,1071,3809,2454270,37255,9773,26313,3454,11079,23839,500,15316,1030,190,615133,0,5168770,20770,8703,4376,8003,1617792,18899,0,6215,1,64,9,5167,86,14373,2616,0,0,10975,6289577,2756,4757,9474,4606,786,9644,1834,8814,140,17485,6478759,12504,0,146,24712,61309,1654,1564,51,1265,7028,1457267,87,4227,276,9345,597,2341895,659,17368,8957,5285,279,0,4315,19556,6941,368,13387,11259,1328,12657,85,118391,7542166,12583,288,1954,4513596,2067,63014,0,10023,66736,611,214,8143,11,0,31,2816607,445,421,0,4888,2707244,68213,4412,2246,586,12804,43059,73873,11040,10227,487,1157707,88,29217,1480,1036,1082,31,1298,223
2024-12-07 00:35:00,134311,18295,1854009,20927,4358,2533,933,0,212732,0,7104770,1,0,7513828,0,4385,2526,19100,15,0,13659,12809,953,3658,7366,7363,1665,3540042,5004,3935,18218,2263,14914,45346,5155,134928,6194,7473,63752,10375,3591036,133946,1667,4815,41711,0,165598,261,8599,3491189,40861,9573,1815,10924,1967,6240,25241,15201,4888,8408,3577377,0,3863,3237,3552,918,1089,269,3942859,0,9314,508,0,1454831,199,398,82,5144,0,8853,1748,9222710,8770,3545,1732,2257,0,6946,9988,7780953,13910,3623,13,2743,624,17937,237,749,8420,8433848,13173,51,537,11105,4242,11985,40712,0,1584172,2804,26440,9002,19741,1361,208384,35,0,0,2055,5557256,13148,185,9378282,12741,1933,9771,0,2543,11484,3596,10091,28057,7552088,68049,24757,3518041,1731,3285,9081,442641,0,5349,0,285,9047,139,280,1031821,2446,795666,760,1665,1155555,416,3875,1984010,20964,7012,158041,625,30826,5380,0,29654,400,389,595373,51,4315089,13159,6773,1863,6301,1091981,2710,0,5735,36,13,59,584,206,1765,2166,0,0,7710,9080016,2206,1514,8497,3958,1,21592,8032,4249,7396,4023,5699701,25019,201,183,5238,35887,2054,1046,342,4010,8358,1225434,1131,2521,0,19225,204,2282364,4386,9027,17037,8725,54,0,8520,28997,4767,1177,14447,75154,11245,3710,3445,23460,6797198,15267,0,1637,3576005,14387,195004,0,12361,50145,94,2997,5609,0,578,463,2828672,341,305,0,8182,2994083,64142,9201,537,38,13501,17804,18443,10981,3811,1719,1765775,4,24962,0,712,3520,590,1606,5224
2024-12-07 00:40:00,8485,4440,2025696,4445,20524,29087,2773,0,341079,0,7552044,4242,0,6997134,0,42486,4833,20925,435,0,9943,7366,419,5543,4007,6096,8606,2795162,2607,13753,34847,1406,8130,17622,7,4179,5838,12898,21444,1541,3110682,16988,0,4380,48498,0,235082,419,129,3315118,10705,10749,12658,15321,16090,39,2348,25579,1,1616,2457508,37,361,4993,516,0,1449,1088,4289836,0,7088,661,28629,2304101,11003,47,2421,270,0,12476,6084,9213205,19106,3397,4575,109,1247,4696,5606,7271463,6999,11038,9005,3391,761,7222,196,1489,24156,8785559,8737,353,1152,2512,238,3860,9008,0,1579218,3070,58987,11919,24964,1234,14768,0,314,564,2099,5882848,3772,1654,9011585,4937,4588,58352,426,9046,95330,1622,5439,3204,6499379,86305,10115,3398582,0,1747,7838,466748,381,5239,0,490,21516,0,1301,1149766,50012,779728,374,932,1331710,0,2495,1789047,47336,9440,58700,410,8324,7379,101,30030,1624,514,579650,387,3892664,6057,7426,619,3550,1013269,14168,0,1119,38,36,3881,9626,76,13316,458,0,0,8903,7313481,3978,544,5863,10909,775,10809,4893,3266,19153,977,5476909,16608,441,633,4319,29834,1800,1980,235,9701,8538,1410331,1317,4629,49,41584,498,2819213,118,28887,25045,346,91,0,13297,26370,4935,0,3734,19027,0,19581,0,20509,6544514,828,84,13493,2753811,63071,183053,0,59718,55901,375,18031,17102,0,0,1587,2660245,4471,496,0,6517,3293399,70011,4935,3293,12,14999,21612,17542,6968,1844,708,1681224,11762,11760,7259,1150,8488,2309,3342,10868
2024-12-07 00:45:00,570,1886,3188454,212,898,110869,2162,0,221603,0,7933030,900,0,7750006,0,77210,3696,11733,193,0,324,6370,0,24867,6856,6386,5896,4402838,878,2542,21774,3649,17172,25227,550,3691,2945,46,47670,2660,3087966,64008,294,4689,62320,78,273339,34611,11324,3370710,16457,4006,13793,13059,29789,7208,11847,9446,6422,7759,2586709,0,1924,1761,1327,1195,1937,1508,4174597,0,3754,1404,133,1539669,460,2,6144,153,0,12685,15398,9766271,11965,2368,13093,684,865,6107,6596,8240101,15498,11522,2518,12912,1216,23713,540,6002,19889,7040533,21721,1250,1014,6025,0,5673,5182,0,1484093,6049,44497,4555,3754,12658,45307,1178,56,2997,1792,6242585,6039,1591,9267855,5233,706,3410,289,786,93551,15419,8620,10075,6344129,107136,19030,12149555,2379,5411,13181,288399,1317,2319,0,319,25514,955,1775,1371525,18661,776915,356,1233,1072553,675,11738,1157994,95413,3810,80870,36635,18256,16128,7,60243,13969,25,438859,79788,4624992,78975,4955,664,24629,1549884,14689,11753,433,151,0,11644,0,377,14971,5156,0,0,26200,6210996,19721,717,15402,5768,89,59490,763,23775,24849,15656,7300681,118178,693,6050,11818,31032,71,1938,2849,7274,6281,1642373,6368,38825,139,21353,104,2368456,112,10547,32700,1890,4,161,8686,25823,1471,4,22196,4862,0,22773,195,12342,6218720,14995,0,30500,2525646,194127,15776,0,53762,89590,1303,26312,12347,0,0,991,3005259,7469,0,0,33594,2578658,52365,10747,1568,60,19329,21260,18191,8844,4080,2838,1603129,8042,11951,70456,9481,13472,49861,1634,17317
2024-12-07 00:50:00,175160,10353,2687593,57064,27044,187222,119,0,358187,6729,6712157,348,0,6271910,0,38702,510,17113,453,0,422,15736,1108,19896,28186,11699,10608,3200575,1603,3957,82626,841,6844,28497,24800,5784,8011,1026,38258,11144,3206762,63361,313,0,39231,0,321133,490,2482,2796863,18760,9526,2571,11491,11804,5581,7249,6131,4850,18464,2080378,267,11221,16977,1804,620,268,23,3885505,84,14526,13,0,1439822,18,0,3073,0,0,16221,4844,8278987,4472,1338,9880,2076,0,8435,15222,7562599,28395,2418,538,11866,4200,12025,2438,2118,6724,4803176,26899,1561,233,4455,645,4415,11005,0,1712477,9043,17457,2459,411,7709,5499,0,1773,225,377,8974780,5667,119,8474780,1036,1820,15762,2563,1643,92168,4260,15011,1323,6551218,79866,10191,3045696,0,0,12357,254822,1245,0,0,670,21454,227,58,1979614,9053,242562,820,1436,1094044,824,1611,1607630,72058,3812,86892,4717,12907,3784,236,37480,7317,3510,130707,370523,6976930,20897,5461,1455,7274,1273938,9129,2269,1366,6,0,507,17,15,11835,6693,0,0,11117,6281462,7190,11124,22451,7335,511,20597,3024,5966,2276,2393,8934186,43160,39,17251,15616,71612,0,4078,94,2950,28134,2077134,346,6516,0,12796,12350,1867111,456,4340,13715,2536,48,0,3029,22213,1419,1,10798,3969,28,23862,18,18174,5328921,39,0,1883,2288668,18158,6773,0,10542,33982,6896,7985,18284,0,5,618,3089875,2451,1,0,18216,3130629,54080,11035,71,318,18499,53440,15326,32819,4043,4341,1096001,3133,3420,15367,1302,7365,3329,1761,13983
2024-12-07 00:55:00,45002,1757,2247384,883,1399,4880,85,0,556070,1,6653525,2003,0,5281393,0,2626,243,2639,0,0,17557,9012,86,7193,6737,15982,15908,2782303,2308,15214,46413,2415,2334,13394,4546,1971,4340,518,27506,6655,2895999,7695,73,0,51722,0,211562,0,6178,2713497,26307,12095,2819,35998,10425,355,18502,2240,4391,10387,2060461,0,124,1444,3644,257,857,11551,3557509,0,7007,0,2969,886988,758,757,847,63,0,4984,254,7030551,7199,5813,9467,8124,0,3823,4716,5920981,17776,3749,61,13300,654,2471,2844,1,10340,4619961,17839,2353,100,8730,2085,11494,14122,0,1654968,2330,13682,3677,342,2245,8537,0,364,593,268,6849513,8941,5558,6723000,89828,2633,9369,10,5985,9274,13244,10478,11532,6329610,128909,24476,2964455,0,8029,16721,246871,0,0,0,5902,5789,1903,1411,2465385,7169,2045,1990,254,740375,516,1541,946523,109140,1018,87682,10768,21565,3796,164,42345,10511,2745,17725,509409,3804385,53256,4497,2899,11902,692347,24434,0,68,422,526,6347,299,13,22221,3489,0,0,8872,6782331,5386,1307,17805,5839,414,22232,2066,19239,1067,1874,5396069,1866,2,7735,15059,29552,0,9699,463,2206,6962,1511462,0,114,0,38909,9037,1940570,421,39284,32658,7481,497,0,16609,27239,4358,4702,6361,29253,0,5510,8,6626,5014376,1073,0,2,2248896,477,1772,0,9134,32642,411,5,9864,0,0,0,3470947,0,5,0,1224,2825005,61083,3280,309,0,25798,41791,15786,22875,7695,2986,1362392,393,4654,104,2761,19073,866,1419,1615
2024-12-07 01:00:00,307476,635,2367566,26650,12426,4132,352,0,502841,0,5784935,807,0,4674976,0,3787,2810,16359,533,0,5668,14333,836,8775,3217,14607,1545,3591431,468,3252,42601,3046,11,22474,1438,15956,2365,4267,27906,13550,3094381,19312,517,0,48178,0,100329,300,355,2917695,3263,4116,885,8277,7148,6284,13577,605,537,11686,1876910,1415,1084,1583,1783,128,949,501,2827940,0,1861,1266,0,907720,225,0,3397,0,0,20029,159,5768007,10758,0,3263,2585,0,2335,185,5333443,32115,812,261,5190,370,5488,28,2583,10216,4570336,24570,0,1261,4589,4284,11159,8077,0,1486781,174,13760,15117,386,1638,8421,0,2049,1677,76,6289864,3331,2220,6407712,899402,969,6583,137,1178,3827,6165,8108,1388,6447237,90650,20075,3074799,0,3364,7817,379464,0,0,0,322,23764,1623,0,2428285,17089,299,1477,4072,452123,1319,3295,1599399,188428,5070,84704,5549,24232,9142,6,31921,428,298,20205,525188,3751567,15885,5327,6809,21626,747470,7310,1671,6702,6938,0,3216,12551,40,18131,1541,0,0,9592,6962300,3582,2915,17281,2006,0,23053,1651,7522,56,1012,7730324,6904,3,8085,2495,22638,0,3277,1943,4530,7586,1497092,873,864,0,19020,156,1672881,221,17037,41801,866,56,0,2251,22115,14934,8297,3271,3395,0,1120,1385,5124,7213824,0,0,407,1452456,1414,4788,0,8057,109801,15,8486,1796,0,0,0,2870937,0,470,0,36231,2046840,92932,2588,774,208,6035,35579,4334,19537,15132,40799,1042462,11594,61733,14316,627,46965,11982,14080,6740
2024-12-07 01:05:00,257142,7664,1635639,474080,50341,9902,366,0,42958,923,6583982,0,0,4637049,568,1468,11331,14384,109,0,213,4704,1301,7643,6790,5007,6855,4853786,1703,6959,27897,493,338771,36986,5097,11859,21995,39570,23136,19457,3332541,4204,336,0,35958,0,341064,49,281,1968785,1932,5618,2708,16045,10646,1045,28283,150,7245,3035,2001957,2144,677,4763,35485,1309,3402,2203,3171750,270,8561,153,0,898470,78,0,14,0,0,5353,1537,6122075,10739,1605,4903,3872,0,1945,103,5510342,12336,6602,83,133,344,4027,212,1,1332,4826155,13199,302,20,4193,4785,9708,10191,0,2062570,2462,19431,11882,714,9999,14762,0,1746,0,12,5319494,1518,4723,6611975,704010,2263,1001,210,1343,10584,2000,8703,1254,7453047,147303,30946,2128414,0,1812,6505,310700,0,0,0,455,3745,491,3079,1915593,19409,429602,1615,1564,368194,39,10381,2120226,266279,6431,63405,683,19922,2264,3,25342,417,734,209803,274728,3837700,26617,1801,1374,4322,685262,5147,2652,12746,215,0,258,2810,0,6302,952,0,0,24221,7258101,2351,2285,15684,1934,84,12676,0,5732,608,0,4050623,852,838,653,2672,16650,453,233,20,3198,1890,2163429,95,208,0,29873,72,1446419,9,3997,21004,751,100,0,8354,1336,61644,30472,7132,17053,3,5571,299,27343,6551471,0,168,0,1637230,2263,2257,107,12496,51397,168,34442,6962,0,0,0,2987277,0,0,0,27862,2278010,87852,13124,301,364,992,29875,7359,15589,6128,3829,1147553,295,14612,1779,19283,1548,124,1605,3212
2024-12-07 01:10:00,77431,3538,2740608,19187,7017,2738,1152,0,3436,190,6368376,0,0,4831237,0,2921,4609,8248,0,0,1166,10665,1340,1875,4058,650,912,4310633,246,6142,33020,4365,516700,24634,3481,4126,81183,17153,9481,28297,3685039,18385,884,0,34265,0,204051,483,1253,1819422,13501,9341,2274,17820,6137,2512,1872,1750,6934,4629,2413332,275,120,173,76414,478,385,420,4188714,52,7706,1541,27,846156,1370,0,3844,0,0,40189,1650,6401386,2886,4378,8171,5848,0,602,7,5611587,7744,7937,344,2219,232,1928,756,384,2105,4308863,13557,63,8400,2474,3964,3131,6932,0,1879113,134,6937,9713,196,1491,8582,1480,3104,151,0,6839437,13181,381,9939220,1422315,363,19750,130,1923,3283,2702,42160,3423,7480177,120471,5215,1750291,0,323,17359,369411,0,0,0,117,34333,10293,2445,1934286,46633,406067,5263,5011,721864,177,2426,1044068,111021,16468,69651,442,17469,7270,507,17469,129,1055,15784,1153,4844291,12946,7323,2250,3767,780128,21945,0,10955,105,0,17,198,726,7446,317,0,0,22235,7901510,2215,1328,10598,6286,228,8246,4262,25189,435,381,5947108,4417,0,400,328,6034,2602,6244,305,2014,579,1806370,0,1853,0,14982,280,1986598,213,10443,9127,2845,164,0,3200,0,19260,0,26290,91,10979,2812,1590,26390,5757967,2949,1848,5459,3835898,652,8766,54,31892,51743,155,2382,13023,0,0,0,3582727,0,0,0,21652,2275055,36725,2898,372,788,13392,22239,856,11066,926,1039,1372674,222,8,611,627,3614,443,1182,90
2024-12-07 01:15:00,4616,8,2023085,6,797,3581,4769,0,1018,36,6719907,0,0,5631269,0,5920,95,14336,0,0,7470,31453,42,3744,8344,24155,2551,3718103,602,9451,74971,25,347603,27083,3903,6549,59499,66753,11733,7298,3735427,21081,81,0,203814,0,267125,0,12,1651702,14043,28161,871,17135,12695,6174,1808,165,255,9873,5969078,5974,1193,2170,26561,109,34027,7469,5029729,5102,13884,13,461,1046075,5100,0,8247,16,0,14189,129,7799611,3692,6406,7498,71,0,6383,2060,6710600,10060,9031,2037,537,29,1493,152,1000,1344,4116810,16727,418,3894,3857,4550,4546,6922,45,1994670,5734,29358,9294,0,650,11712,569,1575,176,17,6655695,13091,536,13528040,1151915,684,44129,265,1994,53108,2659,33738,6679,6889594,138391,13278,1917181,0,1729,6695,380454,1609,0,0,671,15374,3195,1599,2516924,13908,4974,1493,14,768564,166,1006,1273682,99868,10802,529768,753,20909,478,0,19829,986,12,109868,82742,4424032,11852,6536,617,10036,1629567,24505,8,27485,102,82,10852,652,7059,18118,183,0,0,16176,6798128,2366,1463,22668,8411,69,12956,296,6669,615,38,7608661,4765,0,31942,8486,5789,1024,10969,4711,5841,1490,2328952,0,573,0,19902,98,1997633,0,16507,28070,571,52,0,11899,0,25056,50,2348,131,76,6560,0,30292,5485354,1798,6337,52,6177255,2802,5634,0,15045,31739,2188,11985,9783,0,0,0,3274978,0,0,0,43142,2407515,32215,1717,422,2153,4166,13449,1044,1793,717,9908,1991518,0,157,5377,2591,493,373,7962,287
2024-12-07 01:20:00,189,211,2184690,111,24864,1517,1498,0,110,144,8343705,0,0,4901075,0,7334,3935,5934,0,0,1327,11181,912,1706,4155,11334,17684,4177706,36,3207,35738,0,63022,52804,5435,5543,13916,2499,34965,6703,2951287,36233,944,0,45459,0,85724,80,4986,1507019,6207,12713,88,17620,9355,3878,4079,1083,2291,539,5833597,599,112,2792,5027,10,1150,712,4255576,11026,13919,278,0,808580,1799,0,1225,0,0,11796,738,7244604,7417,1775,5716,2026,0,2422,15999,5925805,6348,4740,316,404,100,1802,491,4448,14176,4302151,6920,587,34670,5402,4504,2021,9485,36,3311097,1655,8615,14294,82601,6783,254664,32,1594,28,0,5384860,1547,6,9616463,971803,8145,9811,90,669,12735,1036,9606,6123,6079388,33369,10469,1735202,0,3394,5237,144841,0,0,0,1649,10682,2628,442,2621038,6810,52152,2098,410,459509,942,15896,1557978,319724,8992,465327,1944,31975,14760,0,30580,53,582,166569,1766,3720243,9951,7768,692,3791,2104434,19092,0,6718,67,204,4292,1243,90,14135,31074,0,0,115004,6639916,13706,0,224857,7858,192523,6592,63,7266,0,33,6619389,321,0,1231,6567,6852,1731,8542,42,2399,2887,2346381,1612,648,0,12473,1063,1502408,0,2300,14370,2820,98,675,956,0,70468,9761,3195,21579,3133,9189,122,27044,4758792,3025,7667,0,4495840,4770,15843,1859,57684,33266,14450,2610,5980,0,0,0,3094691,0,757,0,23922,5151420,53712,11823,2429,2022,1561,57151,10288,16023,4290,5480,1528982,117,8020,18021,9,4,26950,1750,179
2024-12-07 01:25:00,19126,0,1728253,761,3911,1424,2690,1078,1790,0,8478499,0,0,5182659,0,2315,1101,698,66,0,1560,4386,1,7081,6111,2560,13924,4272449,2159,5377,32348,49,26107,22890,589,1678,5962,12027,9386,11911,3518750,29589,1083,0,39548,0,150533,0,6802,1147603,7959,9711,460,58765,15001,302,3909,2342,6919,6033,6145373,1687,1683,3382,11734,261,1489,52,4166273,1822,5947,15938,0,932321,10,0,936,3046,0,13214,963,7074643,7228,1899,5586,1046,0,2782,11342,6798435,1322,3471,208,104,736,7108,473,1024,2171,4303230,5531,973,20014,5390,1330,2817,7786,0,1823663,1993,10588,26828,494979,16232,10178,469,1876,0,0,5066184,931,0,11971267,1241899,8494,3418,136,13540,90959,3287,17211,5029,6544752,88084,16032,1622595,0,2610,6478,133187,4,0,1045,2474,19664,7099,909,2727037,23718,60079,11440,3840,434840,155,669,2335165,41248,17468,89959,28,18456,8499,324,29315,118,234,198821,0,4310787,6020,7214,1151,20391,1319577,14733,0,23677,742,14,1307,843,0,2731,683,0,0,16222,7625530,3527,0,66575,8282,134,11410,0,8254,0,0,6416059,3531,0,0,4332,16860,210,6103,12,3714,7416,1455459,0,979,0,3162,484,1550924,357,560,18090,1237,378,0,849,0,41843,6046,3,2297,7200,110757,603,4558,4988001,3612,14092,0,4119379,2585,8547,0,6164,15787,367,321,4952,0,0,0,3103227,0,0,0,1310,2445996,25358,3520,306,5032,1902,19779,1885,14235,1479,576,1227230,494,314,5046,8274,2343,116533,2034,1600
2024-12-07 01:30:00,29360,2303,1706359,5,10052,60,2352,0,0,0,7252261,0,0,5605232,0,2133,0,11552,0,0,2775,2342,1892,1073,3586,3118,4249,4100032,4487,3034,37907,133,0,9570,2106,860,319,6429,3151,63409,4960733,14151,947,0,40001,2,96158,938,0,1219125,13036,13730,700,7617,5094,1658,350,20,5735,15629,5253635,481,542,1568,10166,19,277,2396,3667202,0,7026,0,0,677192,0,0,0,519,0,12949,253,7126628,6503,9506,1123,4323,35,1882,15268,6441731,169,3922,573,144,180,1792,330,93,2292,5965176,12206,266,3498,2219,46,7750,9087,0,2012224,191,8952,30465,180075,10137,4441,376,1838,0,0,5031049,949,542,11813937,8476,11408,1776,3,705,7502,2494,12282,9091,10065811,54488,36734,1526712,0,355,1193,86848,0,644,938,20,29249,967,220,2574115,1780,4999,399,2015,401458,929,6044,1452156,16673,30948,40709,4900,21298,22005,92,18076,4377,375,4864,151,4254302,15104,4359,22088,17051,934617,1995,103,12428,123,0,104,552,215,3907,79,3020,0,16854,7080037,4667,0,54390,1786,202,11408,0,4100,0,228,4820506,12081,0,0,13,13139,235,2745,14,2247,3174,1792278,0,321,0,8927,562,1678114,113,4204,22153,482,0,0,2532,0,18281,0,7739,1,0,15200,0,1646,4493499,14783,16634,0,1330893,3656,1527,0,25228,9956,2020,0,5576,64,16,803,3081821,497,3319,0,1848,3065987,39030,2192,265,3329,6372,20635,1383,2495,518,196,732469,2050,851,7391,7179,4031,1609,4286,2005
2024-12-07 01:35:00,159,0,1547438,0,10513,685,1314,0,688,0,6151931,0,0,5836523,0,870,251,14526,0,0,1534,113301,296,1422,2755,3536,1515,4968670,82,120666,54436,16,0,32595,159,3845,177,1404,2338,89294,2475101,10270,1287,0,44767,4,88281,0,148,994540,16219,7345,1442,27475,6101,4197,2518,4754,1535,12181,5248183,213,4830,2747,3738,412,2169,670,3307181,0,7737,4681,0,647031,0,0,20,156,0,8044,286,7530656,2412,3384,279,887,0,2737,9229,7072728,1244,6574,195,699,83,2482,296,583,489,4402339,4580,104,1074,24788,0,4938,8855,0,1347613,71,5566,6265,23999,1830,13641,682,1637,0,0,4544350,2129,533,10930988,52718,952,8134,2084,967,99674,10748,17714,26959,7537079,59548,16046,1286993,0,11283,8548,76820,0,1244,0,35,5212,239,2661,2653254,19188,1991,401,1293,560336,431,11760,2104632,15969,4102,37161,3576,21695,19985,2337,33068,905,1675,19950,51,4138303,30332,9991,10855,15594,909177,1118,146,2291,0,258,251,111,0,34845,2211,5247,0,14971,6620122,6733,0,41435,3098,0,14087,558,3883,1,926,4454631,13367,0,0,292,6076,694,6751,338,2634,175,2376205,73,2409,0,33288,2512,1634413,261,25686,36692,4460,0,39,13721,0,68338,176,7784,787,0,7743,157,12985,4012110,5,0,0,1090701,1263,33015,0,215,27564,7,0,1025,0,0,0,2939928,0,0,0,3579,1563191,23819,4485,290,18838,13060,28228,1327,14659,5702,1355,749039,4501,417,5260,1470,1160,1083,3317,1970
2024-12-07 01:40:00,324,28,1463612,0,12648,1130,206,0,252,0,5780041,0,0,5500620,0,1957,7,6495,0,0,4491,10399,137,3781,2036,3308,6030,4995176,495,1761,23239,21,0,53020,1545,4983,0,5426,3268,1851,2711807,8420,309,0,28119,0,101866,0,0,799603,33572,84167,1909,43887,13533,854,11624,683,0,9736,5865854,50,2068,7508,4844,146,313,128,3307319,117,4428,30161,0,746302,0,0,0,458,0,22908,3020,7089391,2545,4066,0,1528,0,3786,9190,6676389,1421,9191,648,370,822,5881,3069,759,3530,3554780,3256,548,266,18600,0,3362,8863,0,1640259,267,3794,26438,13811,1056,48708,92,401,82,0,5214413,7062,2691,10527750,9319,7134,748,31,1778,4422,636,8703,8585,7994445,44772,25393,1085187,0,388,8927,63924,0,3,0,2033,6829,1198,48,2757722,2163,893,39,172,415054,516,2529,1939226,28247,2318,32302,180,13560,6152,0,38741,19667,55,24375,7721,4446796,7177,4912,10939,19557,798259,4703,0,0,496,0,2142,303,621,3449,0,12550,0,13532,6429275,797,0,64665,3576,0,4960,1719,11312,280,0,5753482,1385,0,21,154,6359,0,8648,45,3281,2437,1506630,0,516,0,41211,108,2746216,614,4812,5587,13596,0,0,407,0,73226,0,1872,77,0,13238,80,8044,4797099,1120,541,0,1003528,395,856,112,139,36635,511,0,0,0,0,0,2749179,0,3728,0,2108,1586717,40479,2692,16,6817,18957,53270,8806,9195,274,2856,767856,693,1065,2520,2783,2164,12384,5412,786
2024-12-07 01:45:00,6081,2322,1343901,396,26710,19,3442,52,4518,0,6426629,0,0,5350297,0,1140,100,16170,0,0,6818,10378,2044,10977,4155,4040,2398,3580837,72,11077,57687,2626,703,18378,4823,862,269,1522,6085,15453,4319916,15837,515,0,44594,94,61575,1,66,930541,20138,170193,26504,25828,3330,374,166099,874,0,1867,6154778,17,1225,9912,3741,837,906,1339,3315126,50,3242,58,0,699960,0,0,0,0,0,6640,467,7254487,10394,595,3515,116,0,97,4763,5503441,1439,641,64,1200,179,826,515,526,6894,3023077,3883,208,13953,17877,0,5613,7105,0,1815882,17,10159,7694,17814,203,42515,0,0,110,0,5147561,1979,29,10311196,104308,10913,543,55,5374,1960,2565,4055,12049,8586790,60688,22035,1002377,0,96,2025,73484,0,338,0,222,13481,317,347,2724893,7146,38711,213,1631,393671,0,384,1160933,70649,14965,32188,11798,61566,47643,3763,94362,9064,2939,21043,1026,4373071,83962,3344,4767,75713,558938,3701,0,324,91,538,645,40,549,4701,0,17430,53,19633,6804117,3439,0,30732,327,5536,36169,1185,2033,0,0,5183714,1375,0,0,9,10510,172,4274,92,5284,14330,1524724,666,5839,0,25729,8551,2576419,85,27754,57445,201,0,0,12729,2450,66930,23,1088,2009,52,10302,0,12010,3671060,2311,42,0,1059844,1149,1169,0,3244,26453,242,0,0,0,0,0,2654315,0,0,0,0,1282921,35985,1447,1005,1294,11723,11478,14518,11853,5212,0,908244,31011,95,1470,0,2524,18649,77365,1129
2024-12-07 01:50:00,2212,376,1223528,25,22238,379,342,0,241,2858,6077269,0,0,6494762,0,2000,0,9844,0,0,2686,4682,1449,11744,11927,7877,4532,3756103,2259,3452,29763,327,0,33318,1791,2288,2069,10847,9639,26465,2293110,3800,542,0,66941,3,120597,0,65,819783,17846,157406,36376,84482,44666,10608,160141,1290,334,2462,5546763,412,349,28230,6577,132,2250,6197,2600209,0,7666,2081,0,599709,0,0,0,268,0,14153,2666,7559678,13233,2623,0,5903,0,3002,6348,6406653,282,10470,799,453,358,10313,128,285,960,3118461,6427,465,21465,12907,0,4709,5361,0,1343471,221,36486,19312,1887,3931,57527,0,0,0,0,4622354,4878,870,7506821,11080,357,302,0,67,4604,859,1317,632,6867566,69081,29201,968257,80,89,1490,115456,0,0,67,427,166114,1410,169,1427926,77327,1493178,854,2301,861712,368,1327,1608375,33371,40569,62668,718,7612,45490,1743,78665,887,9241,11479,0,4456336,270332,4081,3344,152407,691417,1971,0,151,123,0,0,48,10,3876,458,1587,0,26206,7191347,3860,0,19662,89,195,22920,1813,10382,25,0,5360630,116,0,0,3206,24896,607,678,542,979,4793,1868137,21,2567,56,16048,3,1208129,7,7167,2453,1163,5,0,3671,0,35132,12898,7500,1430,0,12045,0,9559,3609139,589,235,364,933305,16678,627,0,22831,28907,764,0,0,0,0,0,2706180,0,0,0,0,1231646,31969,3778,71,1482,5345,29783,3243,18493,2901,70352,866357,3798,63564,31518,22,29595,112631,23970,14771
2024-12-07 01:55:00,314,145,1576083,165,19280,58,181,0,0,37530,5540000,0,0,19049551,0,10312,0,15984,0,0,2184,3828,195,4351,2465,9462,3486,3741036,5285,1997,19420,169,0,20857,418,1086,1601,2908,801,11913,2196664,4059,3945,0,24854,52,50458,3,125,898417,1954,27059,8374,24578,13136,10399,38042,591,247,7245,4973640,14950,183,4481,12034,1931,620,245,3235796,0,2606,904,0,865444,0,0,0,0,0,2626,318,22851611,13340,3043,2647,449,0,606,12393,19793387,3968,196,242,346,879,2686,99,1613,6357,2947699,3841,191,5093,9241,1393,1002,7424,0,1232737,1846,48849,13614,3,5251,54230,0,0,0,39,4124025,1129,6118,18704098,8721,9423,692,1170,2452,1796,607,3884,1748,6776601,47103,23378,1063067,0,3288,1044,102925,1,669,0,10006,53155,47885,1313,2771379,17184,107229,2634,663,615201,55,5122,1293750,37672,5036,86753,738,12253,42760,26702,108440,2793,8590,43113,5202,4897819,44710,13139,5801,24107,508303,1598,0,2008,1043,39,247,168,109,4051,80,24105,0,17780,7081607,1590,987,12455,5983,3,3596,1477,261,0,0,4501279,88,0,0,2141,19810,787,8262,126,4500,1605,1415239,0,602,0,11267,178,1717223,1106,13618,33314,2393,0,0,5001,0,17413,21728,7708,23069,88,11873,0,10598,3612465,29710,991,5745,943024,8203,2955,0,4395,13776,542,0,1945,0,0,0,2763872,0,11,0,97,963605,25812,8981,346,1514,14385,23772,1869,16496,4296,3468,965497,0,1115,9739,0,8201,63324,0,110
2024-12-07 02:00:00,152,0,879400,0,10195,0,0,0,0,0,6117606,0,0,5162969,0,25545,0,12633,0,0,5084,3220,273,1554,4335,2879,1096,2774793,151,1625,20907,36,57657,26663,1593,3620,82143,127362,12414,13162,3391216,71400,705,0,31951,17,60495,0,2406,1175553,19520,10233,863,30370,7669,6970,3039,456,329,30222,3534294,0,2908,2770,8770,503,175,14539,3361893,0,18874,196,0,1248799,0,0,374,596,0,7729,89,7911179,4426,795,1576,1665,0,1698,6270,6029976,2254,804,890,741,261,923,1126,84,2297,2831893,1513,353,9953,39896,357,3428,16815,5,1522417,2063,39171,227794,4744,5560,52066,10931,0,0,872,5204678,2598,0,8499617,14315,16124,24563,0,38122,765,1202,47072,16928,7938099,86196,28769,1130569,0,7663,625,166349,0,351,0,493,11051,3109,1890,2817766,7747,10055,972,2746,732369,257,477,950331,36844,7496,29150,79,5177,33511,0,129353,5115,4142,65765,6367,4770877,78878,9507,7501,16994,478358,11669,0,19,522,529,4480,89,4393,13871,0,8004,0,24796,7059683,296,0,21483,106,0,2376,199,20403,0,2156,4794739,52,0,0,481,12937,3627,1164,13,4845,2549,1720997,65,9405,0,10159,113,2667021,227,8287,23105,2697,0,0,1707,0,20262,19378,5834,8036,0,7205,19,10832,4320867,6924,30,0,1336068,12638,3090,0,13166,10087,640,0,827,0,0,28,3118081,31,1,0,0,1263724,49499,1016,941,1764,18791,19536,2076,8695,2636,12639,748963,327,2998,110,101,367,4954,17964,619
2024-12-07 02:05:00,62,0,990336,179,8797,0,0,173,37,12,5023629,0,0,5733840,0,8389,0,13423,0,0,4616,2680,182,1488,1117,645,3712,2245223,500,1382,31961,834,249033,7548,921,20081,35438,51588,5990,5109,2849484,8745,3848,0,36206,0,66980,0,3187,867426,10340,21535,60088,2360,3688,11264,3079,1170,1010,12262,3537011,27,4252,6717,5699,0,2403,216,2751305,0,9569,67,0,919596,0,0,143,10,0,2619,226,6919841,1121,3722,333,1014,0,6209,10774,5602965,1841,122,16,62,682,3789,441,37,2993,3560473,2609,262,6590,5592,79,10934,16153,0,1583671,7777,20662,115111,643,79,46381,0,0,0,8,4226549,2668,348,10762917,950,2121,14228,613,5270,11358,1907,13895,8820,7796698,43559,16774,935102,0,1262,6256,90629,626,3309,0,3384,13062,845,745,2703554,9554,8066,2372,4985,517197,1648,5636,812671,26813,3774,38502,10877,6071,47663,4065,82300,13922,767,18498,661,3828667,147057,3822,15268,18799,486201,1106,0,80,143,0,241,107,1814,13056,0,1207,0,29814,7184834,2720,0,23308,32,0,24139,492,11856,0,122,3753614,4353,0,2,0,23276,0,8949,45,32844,6096,1351706,1115,15596,0,17192,3962,1726898,3007,26828,18281,6890,957,0,28909,0,3772,31,23066,80,0,9405,30,7876,4385244,2670,639,0,1669369,974,582,123,43226,491387,44,77,476,27,0,16,3033730,26,4450,0,489,1108516,31668,2390,1357,2101,22929,27485,5178,13418,2569,1400,485974,0,31,58,0,451,921,325,54
2024-12-07 02:10:00,95,0,877387,1146,10522,0,0,0,76,0,5072488,0,567,6777830,63,2581,8667,20143,11660,1135,1906,6735,2601,3139,3455,4885,1194,1788649,364,660,39489,254,290382,5875,13875,90515,0,15380,8075,1435,1946735,7375,1075,0,42565,0,52084,331,161,691244,8937,21454,185575,17931,9393,3116,1761,3508,2792,4677,5005961,846,1441,2369,7498,2523,720,1584,2722962,2,7421,1314,401,536152,90,17218,48,0,0,3636,165,7099008,10977,2241,717,1918,68,1128,7664,5676426,2729,5555,56,1335,671,1211,1879,344,5034,2527538,17084,290,11705,15957,0,3228,40806,0,884995,1675,9139,9639,108,53,45595,0,0,201,9,3374200,3355,182,10636366,904,1049,3764,58,818,244,404,12176,569,7250983,43183,19904,910431,0,3466,12932,60737,250,1140,0,72,10795,2596,54,2676826,11008,687,1474,4041,388923,317,1160,982417,13597,5198,44598,17654,10540,35488,1873,212628,9851,2769,13869,0,3513223,91270,2571,4024,56756,468775,1751,0,4,222,154,171,31,2839,9439,0,4843,0,24979,6871719,569,0,11825,85,0,33264,849,19587,0,451,3661606,6701,7,20,1542,18931,1795,26046,59,37051,5259,1587582,141,19377,349,24447,678,1276678,4735,8402,24386,2772,951,0,9364,0,3605,1,15220,2135,0,7700,0,17904,3773819,169,118,4001,1796363,0,1254,0,1776,580573,346,172,871,600,559,31,2797686,403,2145,948,388,1093715,20474,5203,222,1582,10206,80142,3236,23081,3527,5682,470021,21,1386,5,1000,786,1473,6631,159
2024-12-07 02:15:00,51,178,720815,0,8320,0,0,0,0,45,4971939,451,0,7060920,0,12735,830,19619,0,0,483,5318,356,7469,2340,5069,2450,2011069,2031,8587,80926,267,558476,13326,1706,4721,46866,96726,2065,88,2505128,3033,758,1869,13796,0,44012,9923,183,709092,2731,5478,2736,32380,17681,2554,3928,1863,86,15183,1221667,451,996,2868,4192,390,1916,194,2879513,0,5053,101,0,433384,0,0,569,7,0,1655,123,7402488,1072,2766,0,1611,0,1502,11045,5977305,1722,0,374,6326,150,1567,20018,4,16133,2783503,1649,15,2246,40367,0,19850,22322,0,945088,6621,20070,23607,27514,1052,17851,2,0,21120,148,3555693,13958,0,11633425,532,1003,2774,389,1815,2729,1063,7293,761,7056630,29260,9228,1609947,5106,9923,757,101616,136,7405,358,0,9537,443,2169,2710057,27889,5968,5223,4336,366959,372,549,664545,24876,17459,42832,545,27323,68483,4307,175552,8693,139,22201,0,3380549,100828,43857,10740,74650,422122,33483,0,93,19,0,26,63,7402,28233,515,3723,0,18390,6541709,2653,0,18504,15,1079,1766,135,1552,0,0,3269717,4845,0,23,3,8125,0,4133,21,50799,7266,1429454,705,576,95,5415,667,1018550,554,2425,22494,39257,3238,0,3464,0,982,0,40125,7681,4373,19149,0,16374,4342930,2793,0,0,1609105,2308,167,0,81,440305,71,0,7,573,178,444,2349217,1032,5379,1780,371,800023,8338,7826,89,4140,387,33432,2218,7546,957,1997,904006,942,8051,2,1510,2384,0,1165,3222
2024-12-07 02:20:00,1130,263,952141,0,10467,1,353,0,1046,236,5664529,0,0,13302504,0,2321,14268,31008,0,0,1467,8407,0,54465,44333,1275,3071,1927040,0,1584,67569,67,402780,30288,9974,11208,15033,10310,48431,86,1720917,269,2301,0,5682,0,39216,0,0,539147,4130,14973,218,4297,6042,4009,2283,764,1855,19654,2838462,577,886,5154,9492,701,6772,1947,3065070,0,4050,2889,0,592892,0,0,38,2819,0,23336,848,7004137,2,5572,30,2029,0,399,716,5137543,1738,0,7451,10271,325,12077,452,0,15219,2573373,21374,1597,1431,6516,0,21999,9143,0,875300,6898,19181,33131,34974,112,21741,0,118,36,117,3455739,1466,69,10920487,1554,2205,1522,675,873,911,297,1665,1677,6766396,20824,9543,1318215,0,11341,1394,73260,0,1357,0,1107,2112,222,20,2801625,8157,998,2925,893,294649,15045,1185,894433,34382,7828,60186,3826,9019,28252,2651,149519,10245,8421,32896,0,3646780,146011,31960,959,21769,702997,16339,0,0,64,0,78,584,94,13967,5,3811,0,17727,6437675,1503,95,18246,5048,0,10851,77,663,174,126,3912196,11,0,1,5,3072,0,11113,41,8422,26,1595244,28671,93,0,11351,366,1076901,458,16206,44462,3694,289,0,7053,0,9397,0,28532,1320,10620,5855,0,10248,4292027,498,7922,0,1696422,2053,14242,0,0,583645,883,0,7,0,0,0,248157,0,0,0,0,895273,20323,3911,1106,5309,6362,22626,5142,9883,5951,164,1610070,1031,895,78,0,179,2282,21282,1343
2024-12-07 02:25:00,324,582,1031607,245,6218,11,61,0,68,1672,4630671,667,0,6579854,0,23822,1601,11859,0,0,1160,1938,1125,11915,6183,2778,10892,1762079,1936,982,12802,30,242407,1421,5353,42214,40741,12435,7921,909,1549198,1245,3764,0,15264,1,15962,0,36,622185,159,11389,1553,37796,16760,3479,4996,1554,751,23280,2707060,9,399,8156,4599,264,1292,941,2486360,0,5900,3060,249,697257,15623,389,113,4104,0,10439,11772,6827367,0,1138,322,2492,0,1158,5823,5490769,1428,3121,225,0,859,1907,1742,201,7797,2212999,2895,0,801,7731,0,4921,6978,0,956965,581,21682,51523,554935,101,38738,0,187,182,39758,3050242,1050,0,8308951,1341,2042,3902,21,2833,4676,4069,2496,1079,6457529,34221,2611,667824,0,55651,443,54572,48,1484,20,1043,13879,4118,55,2645933,7853,203845,2890,229,220425,0,255,1525196,12766,11256,45616,5034,12635,53927,49245,73291,6225,694,35809,11233,3280650,52006,20980,1490,187264,475780,8169,269,497,0,0,7331,6882,0,6511,254,7394,0,15661,6346866,1987,884,27818,4189,11627,72220,1789,2520,0,0,3849201,2753,2,2,44,3046,2,2035,105,18006,5314,1118036,26167,548,0,28801,1552,1218127,0,15226,18354,276,17,0,8278,0,22186,459,43379,0,1876,19619,0,18397,5235198,425,811,0,888586,429,7101,0,24820,269801,1252,0,0,0,0,0,216843,0,0,0,0,861967,31952,4454,390,3193,1289,30324,1035,15295,1910,770,1214839,11,1143,127,0,1,346,12286,58
2024-12-07 02:30:00,165,0,1969322,949,6170,49,0,0,0,0,3696936,0,0,4265250,0,2361,265,34690,0,0,1388,4730,0,2777,4652,1188,816,1906156,168,1381,20268,130,307022,24079,4660,9721,48157,21146,7894,908,2920486,50,82,0,10954,0,25944,0,0,527820,0,6171,1311,30920,3473,3756,14068,923,0,11612,2412806,2245,1570,7913,19102,0,868,382,2999669,9,15935,4358,0,679649,0,9,15,2416,0,16811,4134,4566258,3281,510,1355,4149,0,6060,8028,4451227,199,4392,2520,10978,53,1745,9453,102,23351,2155939,2263,2610,7965,32883,617,1050,25943,0,747988,6263,19059,27821,288116,45,12185,0,1178,0,7715,3098566,1828,92,7368468,755,796,323,101,5042,6570,2844,11139,734,7176763,16675,217,924908,0,0,1,44518,0,0,0,1024,19866,1738,696,2722648,4042,6979,11234,2144,155546,0,44,1194087,29638,13637,66827,4453,51790,25089,54536,101816,8111,6957,2777,11814,3863374,186046,14206,15240,50516,539814,7633,0,0,497,0,0,442,0,7562,0,5236,0,9817,7983792,893,0,13206,12,4946,14992,262,40889,0,325,3955023,2311,0,1,18,3260,11848,772,18,18471,186,980960,52766,88,0,10912,0,861118,398,4750,11043,631,0,0,3260,0,4760,5,22984,644,127,25880,18,30377,5112277,2071,4,1803,916006,1914,1716,283,10441,46365,83,0,14013,0,0,0,204142,0,97,0,363,1217149,23180,2164,92,2879,1774,7842,1140,5055,3102,56,723407,416,4338,0,260,365,0,1557,423
2024-12-07 02:35:00,76,1677,949416,30,5084,83,38,4,0,22,3529322,69,0,4167338,0,5860,1491,24028,0,0,2939,3231,381,757,3425,4100,12381,1369832,182,5336,24696,43,122622,7435,2265,8725,109243,53773,6842,27003,5764612,205,671,98,14133,176,18864,105,216,529978,7736,4590,1020,11529,1879,0,916,1661,14,1862,2956165,596,0,2507,2886,0,0,209,2952406,23,26336,5412,0,678828,0,0,0,347,0,24297,3252,5279252,3706,488,1990,2908,0,11432,8417,4276980,0,474,23,3850,1045,1062,325,98,8013,2408916,24271,10617,2977,12280,187,2009,13588,0,647870,2715,12855,52135,26155,44,7873,17,243,1217,1453,2685000,2636,177,7188630,1990,1214,1041,1409,2949,2501,2824,18652,2802,10594696,18105,2593,1335832,0,693,9,29542,0,0,59,267,2277,1982,0,2708430,8214,1090,1802,4832,594119,50710,145702,735230,45162,35344,24024,183782,39093,32066,12136,137583,3693,5776,25843,342,3263887,3981,62827,22513,11670,534872,5649,0,24,603,0,761,7177,1699,8477,0,3267,0,1473,6199852,2662,5,13797,80,0,22138,35,16439,0,2440,2890856,2096,0,13,2,7919,5528,926,10,15154,1158,918180,21160,443,0,31341,191,1268239,4517,3586,14100,1085,77,0,13829,0,1921,19180,16553,3797,0,18245,331,4542,5015284,257,0,211,864030,138,1108,0,1968,24847,645,0,0,0,0,0,319773,0,0,0,0,610988,15992,1440,15,1679,2917,11006,2689,5237,1204,1810,641460,48,1836,1794,54,359,1034,868,3321
2024-12-07 02:40:00,172,0,562714,306,2133,0,1,0,0,0,3444057,113,0,3646781,0,1817,1077,11047,0,0,1793,3219,0,520,3813,1502,9434,1311204,255,3645,22332,0,37043,14538,9346,9901,825,1471,16879,2266,5856877,0,760,0,13107,0,28689,0,0,449620,2528,4121,5205,20603,1992,7550,1182,1320,0,17996,2594726,703,904,5832,2935,569,6350,1245,2543537,40,8781,1217,2355,430123,109,266,71,1696,0,9326,2565,5359901,1313,3500,1,2803,0,2518,22253,4685236,805,87,121,211,797,1752,294,1292,10811,2062181,18168,807,3559,4327,1057,1156,3634,2851,894424,4042,8693,44876,25707,14,8239,0,3103,0,2726,2929137,2194,1039,6615852,351572,366,12890,23,3077,88789,2636,101771,825,6745728,12156,12931,1203117,0,840,765,25082,0,42,0,54,7082,180,0,2695256,8262,6530,5274,201,200816,34435,131332,581644,24203,21408,31576,220272,34305,12700,4174,47306,2465,206,6720,0,3441770,62431,5978,21472,221,387220,1023,0,0,0,0,0,0,0,4798,1126,4727,0,6495,6949172,2641,0,11198,45,7532,55080,56,17412,70,1377,3230492,10428,1,8,0,6700,1266,6385,784,16940,421,844445,10017,4744,7,19182,1756,1016719,762,4961,23591,2279,436,0,19319,0,24760,14,11341,415,2280,14530,0,4760,5012463,0,0,40,766727,344,5481,0,7443,12946,890,0,12767,0,0,0,260623,0,0,0,0,713691,22479,6534,876,1599,5135,24983,2789,3477,6432,0,698161,0,65,41,0,120,71,721,54
2024-12-07 02:45:00,69,0,557737,0,7140,0,0,0,0,0,3886564,0,0,4016685,0,715,35,34968,0,0,720,8955,686,577,23828,1056,890,1469638,315,1972,31228,0,5382,1960,949,4432,1331,29,3352,10920,5828480,184,2459,155,12247,0,19521,14,264,464286,4816,10253,264,5601,1668,5065,623,3657,0,13259,2686818,0,0,3702,3038,143,78,34,2684387,0,6080,2864,76,583735,104,11,195,799,0,12262,276,4857980,20,0,110,591,112,4840,50039,4414681,141,0,51,512,439,1499,393,270,740,4630585,6732,193,338,3394,636,3091,13107,0,1133801,672,14260,28481,14248,117,18628,0,1496,149,4930,4216494,1595,0,6480067,965360,601,2486,756,1038,3811,4823,1291,3646,6513083,34882,4466,1168231,4,595,0,15276,243,611,35,1010,4956,19,97,2859778,14617,2622,9831,1641,197537,19529,5571,657748,22497,2541,14875,85606,42492,24831,9806,82374,3308,6632,16737,0,4175500,39541,1382,4820,6828,393138,2637,0,0,109,0,1130,1,0,7327,4347,17875,0,9398,6571041,3318,22,24451,243,1941,12930,11785,8787,0,0,3855416,6580,0,2,0,2680,1367,38,7,4633,289,965408,10121,1827,0,9154,1736,795435,4459,2421,10495,1514,0,0,14197,0,15707,0,24255,7026,0,24852,0,16308,4985903,743,0,0,778589,475,7998,0,5478,15532,131,0,21811,0,0,0,147936,0,0,0,0,1186288,32983,1373,564,1906,1612,15429,71,18751,2320,1378,669236,971,459,2151,922,228,6363,11052,2452
2024-12-07 02:50:00,245,0,556607,0,1508,0,0,0,0,0,3857447,0,0,4004251,0,2000,0,19845,0,0,259,12934,3149,3036,6294,27166,1037,1568789,159,2521,21265,123,0,8864,1444,5017,0,0,3183,3793,4585310,0,732,0,10384,11142,36349,15,920,361442,3427,12643,108,20573,1283,8364,4674,4097,906,5678,3314084,0,976,7145,3508,244,5462,103,2540044,0,6215,4157,54,502863,0,0,470,0,0,5618,1483,6580031,1469,0,3057,1874,9754,773,54910,4190491,0,18,1126,4,77,5631,231,7597,3547,5048293,25712,54,1413,3649,568,4895,9080,0,1701786,390,7837,282397,2223,545,17283,2,2027,1179,18812,3226570,1243,559,6518301,1581784,2284,2709,224,2309,1841,1449,1618,1232,6817650,21829,1599,1272452,0,181,9,22037,18,0,56,557,17076,701,278,2916538,22945,2292,3782,684,280612,833,3615,529174,20128,8211,7481,17647,14857,18403,2259,122894,9,114,47083,18,3458629,47508,40710,12154,5180,486755,433,0,81,853,878,41,186,297,7700,0,7513,0,7499,6550685,6536,0,16686,50,0,7124,0,28162,0,4013,3374069,3994,0,297,18,3820,27,197,9,21412,367,923818,0,1453,0,7656,697,768796,122,2370,6292,5453,0,0,1312,0,34820,0,26330,1786,278,23348,0,26167,4489802,6180,0,0,1016931,44216,4217,0,23239,83872,284,0,12342,0,0,0,146379,0,1278,0,0,790251,164239,13439,269,2263,11535,101054,3032,16732,3577,0,818797,9225,8243,17009,0,103,20175,17267,0
2024-12-07 02:55:00,215,0,619218,0,466,0,42,0,0,0,4486552,19,0,3724285,0,2721,0,4538,0,0,1903,5151,185,1711,13974,10725,238,1559859,305,14556,70958,272,0,8449,104,20910,0,81,8666,490,885323,931,1386,820,19151,7533,31748,176,0,314134,4624,9851,102,5723,6040,332,3447,1282,68,13840,2752177,0,421,5591,2929,1415,333,5978,2071526,0,410,12707,194,391901,0,0,0,1755,466,10655,9212,4083498,5929,0,9,4612,0,5030,56222,4273481,0,31,5904,2,0,57892,149,82372,9161,4227568,25136,73,0,0,905,6757,2688,0,1197003,380,11317,19637,26046,111,7954,0,1746,0,25067,2817536,2076,631,6267912,1403729,421,3898,0,232,1373,159,6039,397,4288400,16389,8414,1428987,337,444,2,32167,0,927,22,2,43611,160,93,2727167,50953,305396,136,24,687543,0,3234,603649,39411,5372,24200,19122,7694,29954,8415,132677,230,185,23015,6,3305874,31627,24763,1410,40258,411646,3199,0,14,716,8,7533,0,13,3423,0,345,0,392,6817157,1790,0,9980,135,0,14314,54,3082,0,630,3150138,0,0,0,3,24102,0,0,3,21718,2160,975274,0,509,0,29913,244,824717,0,24606,11191,23169,0,0,28167,75,16612,0,26829,206,0,10813,627,11053,5758380,166,0,0,694044,41,68,0,2588,4149,4,0,1665,0,0,0,141848,0,0,0,0,908417,27115,17262,149,1678,10310,28631,1830,9701,4113,0,842515,2,7,0,0,148,1563,368298,5
2024-12-07 03:00:00,79,0,653890,0,271,0,0,0,0,0,4275479,47,0,3313938,0,357,0,20446,0,0,1775,9977,0,3304,1747,22817,2151,1536824,651,18705,15345,3,0,25033,25979,16134,0,110,2719,1264,2552465,3614,930,0,19813,6390,11671,514,219,269777,16751,17666,4397,44423,3069,2317,5943,1923,0,4530,3118441,0,4986,2349,6968,1764,241,772,2175049,0,7573,4869,0,232545,0,0,16,4174,0,16310,9086,2839321,1823,0,0,742,0,3330,26194,3637725,0,0,149,42,3687,127449,46,148567,1124,2257119,5517,166,1470,553,1324,2257,1522,0,952613,478,8215,4836,365564,67,15917,0,1828,85,7631,3049456,837,183,5464648,345507,242,4789,0,511,13103,24703,15774,2689,6774462,16447,15696,1432696,0,1645,2319,15212,0,238,0,14263,3173,362,712,2474271,4098,286130,6915,2279,233860,1788,2444,587317,19157,7215,51701,9084,10716,20171,0,74478,324,276,52428,474,3401456,14430,36596,2230,3991,366296,844,0,26,0,0,121,153,1,949,210,3659,0,40,6950621,315,0,5892,2458,0,30730,74,3770,0,468,3575083,3417,1,14,19,4185,1497,490,119,15757,7514,674810,0,487,0,16935,869,703194,1816,8954,18924,15271,5348,0,2109,0,29197,0,2506,1054,0,616,69,20180,6291018,104,3,0,671926,0,425,0,1466,4853,17,0,3363,0,0,0,94929,0,0,0,57,846384,10917,11994,269,1915,799,20285,1850,11379,6086,313,391355,2229,0,5423,8,41,0,26277,245
2024-12-07 03:05:00,481,0,583767,0,2127,0,648,0,78,0,3962963,0,0,3368806,0,4390,5148,56860,0,0,3551,1442,0,2129,4873,496,594,1322132,887,21239,55619,4,0,6039,31851,19172,0,126,8984,3501,3400322,999,2153,2883,17141,3657,24267,7456,0,407189,0,23992,426,124783,21439,2064,1156,343,47,10943,2768950,478,252,2266,2516,248,255,101,1859154,537,5051,7490,0,126025,0,0,403,6283,0,5272,1488,6269484,461,0,173,900,626,5299,22176,3986809,50,15,1907,1494,925,20964,4,129127,532,2425509,3485,158,3970,0,772,5733,75,0,1998744,477,17472,30074,492572,33,6609,0,188,0,7810,2311804,1509,127,7992175,1587732,290,1540,0,225,3615,142,7755,643,6240657,10718,3659,1233407,1078,7029,0,25645,0,8035,693,18569,428,470,436,2873922,25154,1601,3842,54,131811,2762,765,669755,26376,4744,14204,1991,6455,5218,721,81555,1334,266,32244,0,2823173,89244,36903,1620,11143,301153,244,0,1115,29,0,22,83,0,1526,79,17898,0,277,6079568,2962,0,15271,209,0,31507,64,6882,5450,0,3160338,4781,15442,0,0,27384,0,1029,87,12651,13743,538777,5022,403,0,23752,145,676421,878,27376,11931,22380,207,0,13164,0,57587,0,35362,0,0,10979,89,20405,6607031,0,0,0,759014,11,220,0,6133,10674,0,0,2061,0,0,0,109080,0,0,0,0,505958,6193,9218,215,1586,4695,12233,1716,70939,2466,2274,388923,343,491,1120,70,726,151,3087,36
2024-12-07 03:10:00,627,0,612458,0,6144,0,131,0,0,0,3676952,0,0,3105269,0,4347,0,13282,0,0,2301,2943,1167,5040,2269,2474,6599,1284833,269,3445,14616,272,0,42457,3668,19385,0,137,8794,767,890375,63,846,0,1678,7740,19433,0,0,484002,0,25880,1,78347,37454,2210,4638,1,1869,9191,1180050,2707,446,2636,2461,138,173,72,1698661,0,21520,10745,0,224467,73,0,339,3483,0,18903,5201,4251471,6844,1147,0,1003,1202,3468,18920,3631556,0,949,183,303,1477,34264,581,51659,4786,2015002,29768,29,1598,642,891,26334,7668,0,1332582,426,46063,4083,454131,988,29640,0,1577,594,56191,2227239,1671,0,8591123,354873,2278,938,32,600,101494,296,3403,2901,5434867,2696,870,1124484,0,6,118,32813,0,0,118,456,17065,2195,228,2705387,13007,6422,15538,554,227838,0,1010,582486,10528,2382,29314,4348,1412,2455,817,2238,99,71,1860,38,2411919,2446,961,629,2120,303925,872,0,50,0,0,13,62,66,1185,30,7998,0,1984,6004444,490,0,23743,2,0,1390,655,1921,3359,0,2551795,18,157,0,315,2845,712,2363,3041,9471,510,518483,9135,1357,0,18214,6,877082,58,9215,894,32195,427,0,5649,0,2,6,32125,457,0,6310,0,23912,5441575,0,0,367,879055,23,551,0,16194,54695,55,2,3954,0,0,0,131023,0,0,0,1,463194,9946,2102,66,2000,259,33996,115,96486,3758,126,838688,543,248,33,7,347,0,2994,564
2024-12-07 03:15:00,47,0,616987,1,4540,0,0,0,0,172,3381385,0,0,2924681,0,3709,4857,72091,0,0,5818,1920,197,1249,2939,1182,1479,842238,202,1575,8474,103,0,2952,412,21361,0,3,1330,24787,955264,5,838,0,3727,3866,10723,0,0,395103,1227,8994,141,22397,3777,3400,4876,2063,0,6878,900209,2490,15,1710,3100,255,1654,206,1871038,12,18616,13701,40,150548,76,0,348,2679,0,8941,873,3638143,2684,3123,0,2930,309,7130,4203,3582730,0,7,2355,918,405,37987,101,420,2523,2336883,81817,319,1402,106,580,15378,2183,0,922065,1139,14949,1143,30447,23,14182,2,322,847,338831,2200181,30917,0,8665314,354958,1617,1248,1492,809,29557,7582,11996,3115,6203943,1954,265,1424949,0,0,0,16753,0,0,0,3157,8689,570,898,2552394,21389,2161,11325,1368,168847,401,5677,457955,39852,4279,13383,2148,970,8388,1352,1508,453,330,2878,0,2368205,597,366,155,80,341110,10426,0,199,1997,18,247,23,45,3000,0,1400,0,4356,8071523,509,0,22356,144,0,1466,1525,1237,2780,49,3254562,766,8,42,273,2857,625,366,2,7783,122,437197,9018,819,0,15433,0,898840,1752,10427,18864,8926,4893,0,5021,0,2151,4989,3492,2351,75,701,0,25648,5344381,390,181,421,555233,594,2244,0,24457,345564,0,0,1422,0,0,0,150459,0,0,0,0,533181,6158,1723,1175,2374,2510,12705,602,69682,0,97,1305951,251,96,105,0,514,0,3508,22
2024-12-07 03:20:00,2963,1300,646924,208,3051,0,146,0,1729,0,3599227,0,0,2759391,0,2142,2011,14193,0,0,1940,1014,0,3847,443,394,763,836474,2,4166,31411,31,0,637,17449,23667,19,14,983,0,875946,380,381,105,881,19612,3366,0,25,373555,565,4858,106,24977,11896,3144,788,13,1106,2240,725548,0,257,1665,2571,253,832,285,2131703,0,1541,786,0,231353,435,0,6,44,0,7311,687,3304031,1951,1725,10062,360,361,7228,627,3355040,15918,1398,3071,3029,638,1180,56,27,176,1489685,8140,1778,965,42,761,876,3402,0,760793,448,4956,2290,13145,13,3702,0,11,161,26540,2263276,17538,216,7882596,443222,487,1032,0,11955,87208,229,8864,11571,4949660,6606,633,1413857,0,453,0,20112,0,751,27,0,1880,85,0,2700885,3601,8786,2456,35,143003,702,5262,1388443,37351,7455,20649,1288,7168,2479,2080,2123,883,284,4184,0,2244525,927,1119,1429,4119,274388,647,0,40,59,225,19,2016,0,1282,220,29,0,5060,6007154,692,259,15854,118,0,1295,1,551,674,0,2077969,206,339,0,693,77593,90,48138,29333,44940,25481,514272,4881,17002,0,10373,757,951342,118,6166,14594,508222,0,0,3915,0,17366,1660,170758,9565,2,528,2,20171,5012280,2191,809,0,1233144,0,330,0,12877,17117,1652,0,4154,0,0,0,197040,0,34,0,0,650303,12726,15206,5711,1878,1331,4537,3289,14567,1701,3,1573349,588,655,28,0,66,131,4459,1030
2024-12-07 03:25:00,278,0,840078,33,24,0,0,0,0,0,3453478,32,0,2757546,0,3608,3010,21017,246,0,2358,8197,736,815,9989,27768,21748,1004869,265,4834,69076,0,0,662,50,18149,0,0,3012,1247,804823,21,14,0,1792,3,11676,0,164,522519,682,8742,175,53820,42004,4849,3458,2397,241,3850,896409,3,469,1720,2532,0,630,0,1986400,11,5185,1344,684,175712,3083,1040,781,0,0,22186,774,3095541,16848,1695,19071,344,0,109,216,3215338,653,676,309,373,435,971,49,78,234,1868064,11218,172,520,608,0,1609,1787,0,893758,1448,7063,6859,4560,0,5251,0,0,147,24427,2317314,1751,1509,8370877,533542,1956,1274,0,486,2630,192,11277,1400,5447227,5515,200,1637937,0,97,0,19639,0,111,163,1576,1427,584,66,2714056,9680,49236,2946,24,135130,601,10911,1110662,23835,7763,14509,1199,7993,1466,9395,821,3454,451,8011,0,2235687,207,832,812,1449,453529,122,0,87,29,80,2,117,23,1669,0,0,0,288,5844291,755,0,14917,4,0,324,18,52,0,0,2029712,0,0,0,0,5847,80,522,6,11761,224,316297,500,233,0,8458,1949,709091,113,6267,12209,9909,394,0,5643,0,3935,1467,9366,1834,7,790,251,16926,5983822,0,0,1026,1339734,431,3941,0,12314,11837,0,0,1505,0,0,0,178771,0,0,0,0,611684,18828,2603,2202,1498,4256,13366,3496,2005,1057,684,1157924,789,481,707,351,1027,367,1367,627
2024-12-07 03:30:00,108,0,667340,0,212,0,0,0,47,0,2964615,0,0,2794860,0,979,2158,26562,0,0,1254,9461,260,0,3474,3809,1061,734051,292,3613,28129,0,0,2603,614,23946,0,0,8013,4,1044811,754,371,0,1746,0,11423,0,59,407068,163,7133,2543,6364,1506,235,571,9011,0,320,552881,10,160,330,2518,0,0,0,1545601,0,5186,2759,0,193408,0,0,6,129,0,7195,1657,2924947,7583,1329,1668,1592,247,4547,764,3188055,0,14367,198,1079,801,948,541,1011,682,2745933,5127,144,1021,850,13,6285,870,0,622726,3145,8947,9908,14445,741,6508,160,1128,328,17827,2576010,1068,0,7945851,1582188,663,3131,72,39840,3990,26147,11033,647,4073393,9769,114,1461764,0,49,0,16057,38,0,0,1973,9014,0,57,2831208,16512,18605,2470,1021,95074,115,9371,655949,13383,903,17323,1497,14513,582,5068,1167,108,29,970,0,2362482,1477,5423,2967,507,290579,8136,5,54,189,277,1153,53,0,1680,3948,5310,0,15696,6344862,1585,2,17943,381,0,2437,0,4096,0,0,2117902,1698,0,0,2,13764,80,978,2617,11984,1938,371931,0,281,0,15519,716,683332,474,7303,40714,122921,141,0,6151,0,4107,0,20611,1352,0,220,73,13840,6076942,312,0,161,493615,0,2134,419,10459,12158,0,0,4613,0,0,0,224422,0,0,0,0,434924,22018,4308,3099,2608,1646,12872,1019,838,1766,6,1253212,1350,215,89,55,127,976,1815,784
2024-12-07 03:35:00,561,57,591215,12,82,53,0,0,169,0,3150640,0,0,2708563,0,476,1338,4778,0,0,11,11388,499,3295,5045,4479,57087,869965,511,11003,11922,169,0,6521,407,41136,0,60,14817,3246,1171955,29,0,0,2616,585,7664,219,9,349687,0,919,0,1934,8030,3200,56,6584,705,291,564518,104,0,41,2539,11334,11397,42,1647325,54,10243,6122,203,352356,204,0,2549,170,650,7305,4720,2960146,5622,1691,0,4566,326,11141,308,3116820,0,11023,243,172,0,679,464,33,6,2965401,798,2,2918,397,0,4643,6721,32,676313,839,8717,41040,28694,735,16080,6,0,0,903,2581374,1647,0,7543852,1230986,427,2581,0,559,3328,1603,1554,31480,4558938,5340,295,1452397,0,948,0,20547,0,0,219,7870,8159,572,192,2937158,12330,4684,5976,76,181883,4904,5497,665082,15892,2498,27911,7417,11387,3969,2447,1584,356,257,2037,0,2335374,457,339,246,348,358827,1149,0,50,5871,0,10,7839,0,1656,0,9974,0,8771,5906607,387,0,5461,216,0,2199,1884,9119,2172,0,1805774,718,0,12328,492,4086,35,508,21,4100,1063,667234,8460,3581,0,16950,0,1280719,1984,7248,21875,11740,22,0,4003,0,1313,289,9336,51,0,367,1242,839,6245629,0,0,0,542382,62,11956,0,10323,36235,418,0,466,0,0,0,179694,0,3856,0,0,407545,5117,4892,0,1600,4148,8978,1515,2458,52,0,696417,81,0,0,0,7415,0,10290,0
2024-12-07 03:40:00,54,0,547097,0,0,0,0,0,0,0,3531933,0,0,1675946,0,1022,1139,1589,497,0,349,5756,0,1002,321,1035,2134,896057,654,4208,46333,77,0,2630,1,28738,0,6,13548,3882,1392007,601,291,0,159,0,9150,0,0,406583,0,3344,2077,9273,23175,2155,3267,5910,1575,17106,690915,0,2597,4597,3056,3310,222,634,2197404,0,9255,10335,0,191308,8213,0,0,0,0,18112,993,2249470,4844,2327,327,1636,92,1029,280,1973297,0,3227,301,105,0,633,354,0,0,2030843,406,35,11032,72,0,5883,1658,0,1054806,410,10950,9742,6346,987,64892,154,0,3850,41,2845810,3620,113,6690702,1587583,6200,1225,134,200,6991,4903,1376,975,3996720,5650,169,1429252,0,19,0,13756,0,0,0,0,5873,413,1148,3079342,5501,139,161,59,96316,108,6348,614267,9318,1818,6481,7629,2102,1512,0,483,535,126,7191,0,2633871,66,2359,138,43,312153,444,0,132,0,53,1,50,104,1900,1,9360,0,2287,6444796,393,0,12561,100,0,1426,536,9262,0,0,1803006,141,0,10410,25192,14092,10,69,69,14426,807,736410,5401,6136,0,34039,160,650056,10,7544,17976,1895,0,0,5067,0,2060,12238,5842,212,0,12138,2667,2041,6929458,0,142,0,318739,29,876,0,13009,31526,0,0,0,0,0,0,137614,0,0,0,0,516938,53369,14353,1209,2465,15390,27493,14285,33630,38670,0,411094,13,6,0,0,226,0,5576,321
2024-12-07 03:45:00,22,0,529707,133,4,1589,83,0,0,0,3269352,0,0,1861173,0,0,0,430,0,0,0,1130,500,19936,11329,917,2182,699564,426,1710,24558,94,10,2837,0,34550,0,0,7358,4302,1202887,104,0,0,21,0,1395,0,0,373928,0,15334,300,14975,4922,43,6460,11170,0,26196,823192,0,3282,1060,11368,1040,1259,993,2057709,0,6514,250,0,125972,0,0,0,0,0,8024,0,2265564,5403,122,53,6438,9,1669,1196,1792772,306,6431,937,0,0,1000,83,133,1,2442753,2182,0,332,1260,0,1879,4766,0,1045607,961,6906,18916,10178,757,20803,112,0,0,219,3390916,1142,0,6497825,1411437,2642,201,223,1837,4019,675,2520,216,3934629,1315,1,1404738,0,44,0,4840,0,0,0,411,1243,888,988,2934489,120,49721,294,491,99134,1597,19283,1412546,11211,4655,0,5558,1748,8588,0,785,516,1466,2730,904,2685182,144,352,1096,7,234838,10662,0,870,39,0,102,76,0,2308,21,7175,0,523,6590691,963,0,19793,24,0,5,1408,1591,0,0,1745859,38,0,2,48,29576,343,53,245,10217,1773,765532,0,7893,0,13490,2691,578078,1224,4135,21867,739,47,0,1597,0,967,14212,9007,0,29,5345,0,1265,6562584,702,0,0,631341,0,1712,0,2030,34507,468,0,0,2386,0,10870,157405,7303,2,41,0,764012,29043,3072,200,2416,4749,14761,2318,47967,125,1187,225081,159,0,1,0,103,72,3644,2555
2024-12-07 03:50:00,2104,14,474955,259,467,5935,0,0,1256,0,2708559,0,0,1814949,0,0,1149,3253,0,0,0,4865,321,24845,10549,1286,10927,716977,11687,7370,32967,0,0,7994,103,26498,0,0,419,4910,914274,338,0,0,80,0,1946,0,0,321019,0,916,453,8278,8313,2239,352,4278,969,16679,1480181,208,0,1346,799,562,1291,0,1423993,0,27770,950,0,174195,0,0,16,22,0,3656,2095,2351731,4225,852,94,3533,213,4104,1075,2011935,0,7929,511,133,2710,502,174,429,746,1556728,1708,210,857,852,0,1588,6095,0,1032170,846,8047,8862,11120,131,30479,26,0,0,48,2344255,645,60,6266208,1227192,382,122,0,683,6985,696,14497,327,4292984,1047,2,1457640,0,72,0,4237,0,0,0,1810,9718,62,0,2716877,403,241093,75,9283,143930,1684,4393,490263,10124,14544,0,10745,1313,9779,0,289,143,8,0,0,2588466,63,1,0,56,223981,3789,0,565,128,394,1128,346,0,4768,0,886,0,1437,6078734,165,0,4736,72,22,0,276,0,2,0,2166877,0,0,0,584,12543,1521,8018,29,3987,17812,452210,6978,7819,0,7620,1413,635642,613,4190,6392,534,0,0,1052,19,28795,7779,5579,77,0,1765,5185,597,5916857,0,0,0,1144755,9,625,0,476,21709,16,0,0,577,0,843,157993,2385,99,3276,0,420560,25635,5304,0,1857,3080,18854,689,20292,28465,0,254074,6,0,1,0,0,278,1290,0
2024-12-07 03:55:00,38,928,559226,0,1411,0,0,0,0,0,2409293,500,0,1816813,0,0,1088,3497,0,0,0,396,190,2010,8000,1456,1422,806039,405,514,12253,2,0,1810,0,18018,0,0,877,403,684110,9,430,0,1,0,1785,0,0,307742,29,7288,290,3920,5944,45,4582,0,47,20450,729742,0,35,1929,3049,445,1269,178,1239925,0,7690,295,0,113293,0,0,527,0,0,1468,137,2067119,2235,709,2130,9130,200,3391,877,1569424,19,3094,114,1,120,696,29,131,1018,1145822,1734,97,341,1299,0,2169,1781,0,646555,489,6949,39280,72,284,19994,0,0,26,50,2504135,726,1551,5872314,1758807,1058,116,0,236,5440,2279,1436,3316,3324803,530,0,1413059,0,10,0,9486,0,0,0,0,1160,267,174,3113162,987,372,217,0,86769,0,6262,347360,14764,5925,0,6204,3280,2427,0,25222,153,75,30,0,2784047,23205,900,0,592,322908,494,3,0,48,0,293,0,56,1246,125,1072,0,4832,5935238,7312,20,2180,8,2288,4314,26,1085,87,0,2395543,0,0,0,0,7169,65,3208,168,11023,2833,348246,3346,1482,0,11364,78,584779,160,3547,3833,1628,0,0,1028,0,27826,394,3580,0,0,305,2106,2905,6516787,0,0,164,2279784,0,2099,0,171,6394,209,0,169,0,0,0,161780,0,0,0,0,449483,9006,1606,116,1532,2704,1874,108,394,941,67,221798,102,0,0,20,0,14,486,0
2024-12-07 04:00:00,32,0,452597,566,335,0,0,0,0,1,2384595,652,0,2230638,0,0,40,104,50,0,0,5631,59,3881,3630,1806,5002,539290,1006,1653,12234,327,0,4221,0,17851,0,47,1013,3215,663328,48,1326,0,106,0,447,0,0,240368,0,1404,37,6851,6777,2857,3038,914,2241,16404,611606,0,496,938,6881,265,334,0,1356389,0,7085,6329,0,136094,20,0,599,74,4,817,3006,3331798,753,0,0,2040,2404,120,0,1777398,5,6583,297,333,663,1149,685,912,2060,1405474,1381,376,90,14,0,423,4091,0,672231,470,14487,2755,0,28,9980,0,0,0,72,2917141,338,136,5232850,795668,334,435,75,232,578,2,446,147,4396576,1586,2,1280762,0,262,0,11972,0,0,0,63,1850,256,118,3107562,9643,1212,6658,1484,86673,144,2134,600068,9609,1971,145,2528,9536,18,0,637,95,334,0,0,2645420,450,826,63,157,336396,2215,0,2399,8,101,136,1,480,3639,137,472,0,2747,5859157,4795,58,17477,1484,495,1195,28,2223,0,0,2473364,0,0,0,2,6563,337,117,103,9804,1831,483482,11243,998,0,7438,34,631424,151,3165,5123,654,0,0,9180,0,6257,0,3906,26,0,89,0,1782,5720083,0,84,0,2370464,0,28,0,161,8316,283,0,108,0,0,0,173331,0,15,0,0,338684,4059,1741,11593,9858,1049,842,2213,4913,672,15,1240748,1066,1716,722,0,0,164,29417,175
2024-12-07 04:05:00,126,0,551069,113,2220,0,0,0,0,0,2448104,0,0,2265111,0,0,12,3254,0,0,0,1598,69,154,2254,24971,1698,552146,137,320,5448,0,0,15729,0,22851,732,4233,1634,2500,664352,3,736,0,338,0,2675,0,0,341528,0,7090,0,7296,5448,6251,2297,341,4885,15624,576588,344,55,19,334,37,13,38,1562396,0,5477,461,10,157560,819,0,0,0,0,1369,15,4197879,44,4,16,0,6222,66,0,4691897,0,286,0,37,0,641,55,289,703,1209214,426,0,2728,0,0,911,40,0,679109,641,5404,1877,320,203,33256,0,0,0,0,2467390,729,0,5936696,616819,488,236,728,490,91056,779,1144,650,4676291,2743,95,1336766,0,606,0,37016,0,0,0,35,7371,159,1359,3065188,12984,5163,1114,967,135289,121,5648,690429,11370,3571,23876,18331,44471,1415,106,859,694,461,1774,601,2674654,996,2003,161,484,394820,79,2,2201,143,195,192,99,0,1231,36,197,0,53,5993518,5691,0,3659,13,0,1030,0,772,0,1,2281284,585,0,0,0,2325,0,86,9,15550,814,383301,1216,152,0,12877,123,1135217,60,24733,7529,181,29,0,325,0,5328,12513,9088,91,0,111,4176,2497,6931922,533,0,0,3430507,386,1366,0,6973,5588,0,0,0,0,0,0,138378,0,49,0,0,465397,2651,2101,4914,11949,537,1063,147,628,1561,0,320357,631,543,147,17,93,391,624,96
2024-12-07 04:10:00,35,7,551514,0,680,1857,0,0,66,510,2247301,0,0,2138496,0,2407,18,4122,0,0,0,4436,0,445,782,0,215,469528,92,314,3496,0,3702,1563,3012,18832,2367,3985,2734,40719,599353,85,365,0,454,0,1203,0,0,277850,0,5937,187,4143,6762,6683,1917,4596,265,24197,450937,42,743,925,272,0,12,5615,1301028,0,2675,0,0,60319,0,0,0,305,0,1366,112,2265976,22,319,2,0,1490,516,2,1867017,0,18,0,301,0,767,404,0,121,1285706,323,113,860,14,0,549,684,0,1252348,650,6470,9995,6125,69,8229,6,0,0,11243,2319752,721,0,6404507,1230883,31,1665,204,540,90453,276,2306,4189,3981993,670,292,1324960,0,185,0,5955,143,62,0,1446,1373,88,112,2971741,26619,1999,1907,502,151653,416,11117,408054,13119,3185,25920,25638,2725,1957,30,1042,744,48,2020,1653,2785091,0,3,444,840,293213,364,802,2616,347,0,823,468,28,2682,0,923,0,1472,6001653,4887,0,301,2,0,368,42,4410,71,1143,2314179,1374,0,2,28,2423,3,77,2,0,27,462778,0,0,0,1921,0,808520,150,3096,2962,317,0,0,259,0,20727,262468,505,63,0,19,0,2133,6306715,53,0,0,2485404,3262,401,0,3576,2173,1342,0,0,0,0,0,169981,0,0,0,0,337602,737,2927,232,1810,99,2440,412,2318,1214,0,190226,172,57,0,0,0,271,575,24
2024-12-07 04:15:00,1913,12,490129,2908,71,4,0,0,346,0,3242793,0,0,1915513,0,752,0,12631,0,432,1150,857,27,871,4572,546,38,762160,372,328,3551,0,875,62,1329,22251,219,5255,105,8084,636598,1743,2574,0,293,0,787,0,0,281501,0,3677,704,6249,3632,592,1689,4332,82,19560,743177,6864,3696,702,10914,4,3307,1430,894298,5,23207,3187,0,77803,0,0,0,1945,0,2978,742,3805254,0,273,0,0,1043,785,258,1821241,0,0,0,0,0,609,309,90,3,963636,293,74,768,2,0,2502,4907,0,1037351,734,5287,15639,6550,22,12525,0,0,0,1818,2175193,814,0,6982077,1757794,1364,529,0,1984,175284,3408,2139,2803,3528677,153,778,1296923,225,3988,0,4448,0,4354,0,572,3841,386,337,3244546,33362,2964,3953,18,287376,0,615,541940,4989,1969,6434,1225,884,0,127,611,9904,229,1490,0,2585204,3,3,93,18351,220642,335,0,827,145,0,28,39,473,1743,0,56,0,938,5933259,4531,0,117,1,9,9645,0,1333,0,795,2053110,0,0,0,0,1747,1010,247,10,0,0,391202,0,2511,0,10585,77,694473,240,12438,20344,363,539,0,1890,0,1797,0,3934,200,0,471,0,1299,6111788,0,0,0,392233,0,0,0,2166,2248,100,0,0,0,0,0,196197,0,0,0,0,356497,5409,2192,0,1966,1608,777,49,1142,4036,48,212608,44,34,151,0,0,470,231,0
2024-12-07 04:20:00,4387,2762,624692,88,154,2402,0,0,87,0,3023882,843,188,2112300,0,0,1491,8978,0,0,0,3173,116,1230,5491,3095,5418,669875,146,8659,12585,0,0,6376,4096,18390,0,731,288,1761,952875,3060,807,60,1,0,411,619,0,197694,0,10079,1569,12768,3075,2,1729,459,861,19898,1166426,869,24,1502,4951,59,852,29,1040010,3018,11315,0,0,91920,0,0,0,197,0,3886,0,1981173,0,64,0,0,1111,2439,23,1879401,0,0,2475,28,92,196,11,89,953,785153,3554,0,1532,1,0,5434,4180,0,879410,777,3704,8685,1,30,2072,1313,12865,54,8341,2027778,433,233,5036303,1567644,49,11766,397,612,1710,1886,2930,865,3686843,91,573,596202,0,96,0,1518,2087,107,182,2915,10505,955,15,3220672,12871,9140,5186,316,225560,167,16156,1069120,49697,3910,1033,5531,373,224,31,168,1508,0,72,0,2211940,868,191,3787,842,364806,3525,0,3224,0,0,0,0,0,1062,4,14,0,574,5933792,5474,0,2000,51,0,432,80,2758,357,0,1926601,3309,1,0,0,2747,1009,1812,1,519,1825,408807,662,2,0,4545,79,532163,163,5480,2606,4708,0,0,2767,0,1116,151,11419,102,0,217,0,727,6082830,40,472,1,1088594,8414,70043,0,76,1971,625,0,0,0,0,0,136975,0,4,0,0,413441,5701,2243,526,2475,482,457,70,425,2152,0,218357,0,23,53,0,4,304,907,328
2024-12-07 04:25:00,2518,127,575562,561,666,1521,0,0,4030,0,2841208,1441,400,1806805,0,0,202,8210,0,0,0,46,0,2349,2513,1999,1432,371974,1137,3486,2130,278,0,8883,10234,18167,337,0,5277,6841,1029040,18,64,0,413,0,4521,0,36,272975,0,838,132,2728,5933,24,390,1091,0,5229,1088735,0,1714,54,3033,32,147,0,852779,0,476,0,0,103634,0,0,0,0,0,2432,0,2282054,431,101,642,8,3932,254,1865,1564769,0,16,0,0,0,93,504,652,266,814826,242,0,4306,0,0,4972,4,0,759178,1258,5312,12335,1989,60,1575,77,5170,81,8979,1141059,1478,0,6066568,1316436,1424,1044,579,6717,879,1647,90821,5264,3912293,1743,374,304886,29,2315,35,8076,28,0,0,0,2932,1609,45,2947633,16131,340088,3872,164,127305,0,2997,704298,30046,2805,11270,1294,8668,251,69,195,33,106,1730,0,1725281,1180,308,697,464,243045,1,9,4651,191,0,88,63,0,1085,120,2,0,100,5786887,5562,0,1574,9,0,173,161,1497,0,0,1858219,0,0,0,1,2282,0,93,38,0,0,364546,0,0,0,7111,3616,800381,889,12597,7601,1673,122,0,803,60,364,0,14022,1818,1,427,480,1223,5719946,13,0,0,648626,80678,171155,0,221,2254,0,0,0,0,0,0,95845,0,0,0,0,353625,1082,2036,1,2092,234,400,268,697,121,0,222743,782,304,53,0,446,0,3652,439
2024-12-07 04:30:00,819,6,456287,47,296,49,0,0,1705,0,2436233,986,208,1492697,0,0,0,6922,0,0,0,1334,975,894,725,1276,3565,456548,235,880,8706,0,0,19115,1982,21750,1887,8,1275,11566,687038,19,229,749,733,0,5098,0,0,271679,0,2976,988,6790,7369,2134,413,2541,1769,50,1397186,0,0,700,4112,5,153,0,802624,0,963,0,0,71280,120,0,0,0,0,1528,238,1653939,0,4823,88,0,7220,1659,88,1693707,0,82,299,33,0,597,1,1,5143,889553,534,0,3585,8012,2272,2653,1542,40,780062,844,4077,14279,27039,77,1041,418,0,582,1573,1338744,816,0,5762554,1755959,330,954,0,4789,13473,967,1814,3475,3769779,1486,596,331443,399,198,5,9471,0,297,0,852,2510,721,539,3191466,6929,117140,6717,164,127259,779,4742,1587362,52349,10544,11767,3506,6103,38,12,457,56,2,538,0,2376369,348,159,38,202,212609,57,7,124,38,0,0,0,0,1986,0,17,0,1262,6363444,5423,276,1040,59,0,0,441,5209,92,0,2436479,0,1,2,0,1757,2,164,116,0,110,410700,0,738,0,2948,0,813613,0,2143,3633,495,0,0,0,97,395,4,21416,113,0,30,491,9,6020060,0,0,563,475872,68466,142462,0,710,7706,728,0,0,0,0,0,104450,0,0,0,0,275792,170,2190,72,2095,1650,0,171,42,159,0,349792,278,40,524,0,227,703,2315,224
2024-12-07 04:35:00,331,0,498729,130,381,26,0,0,0,0,2750570,0,0,1393762,0,212,257,5056,273,0,0,1431,38,2352,863,1323,2241,543189,631,273,9123,0,0,1168,6032,16206,544,0,1,1805,561769,1133,0,20,227,0,1501,0,18,231501,0,10817,715,12305,9101,0,10274,2380,684,1531,1274159,0,24,1953,9303,70,75,2,801285,0,3591,47,0,57532,0,8,0,0,0,573,68,1876379,0,622,0,0,213,3787,0,1660870,0,197,495,206,840,724,375,151,226,978469,792,378,2895,31,0,1383,4019,0,806894,623,492,15900,315364,325,4137,664,0,0,1052,1217191,1224,157,3226376,1403689,12338,222,405,43,1923,122,2637,2533,3499212,127,756,283674,19,0,18,4739,0,1,0,3094,5628,1563,229,3167251,4196,269,1175,1574,147250,1995,3550,2362446,325170,13840,66243,7877,14227,83,18,623,159,0,745,0,2325127,110,958,382,420,288848,12,0,33,0,0,0,0,0,1195,24,0,0,2518,6392066,8518,196,105,82,37,0,0,342,0,0,2802398,0,0,0,0,4297,12,107,307,0,1517,481367,0,381,0,1503,7,342231,41,972,3544,302,14,0,2711,0,26,0,20744,4379,1,85,7,1598,5833618,0,74,0,379516,0,53546,0,1441,2190,5,0,0,0,0,0,69183,0,0,0,0,258240,845,4079,0,1560,179,389,38,179,27,0,393511,0,0,0,0,0,0,586,0
2024-12-07 04:40:00,107,0,381404,120,96,0,0,901,0,2193,2671760,0,0,1466220,500,28,372,439,0,0,0,930,0,2436,1941,2334,1503,558285,783,4301,1595,0,0,633,5697,17016,0,805,94,219,644552,294,0,0,57,0,4233,1,0,172892,0,2671,922,3901,1070,2246,1192,915,1103,3283,1113981,0,16,39,1,0,81,157,726726,0,3231,0,0,137645,0,0,0,3,0,4340,96,1595577,117,862,0,0,0,2694,16,1680098,0,85,319,570,40,1765,784,882,178,911365,3909,170,10450,1865,0,1099,1218,0,747899,514,362,10505,36314,45,4870,965,0,0,1161,1702993,1755,608,1871340,1222761,277,1202,0,21,87390,1145,4269,741,4041249,544,408,250370,0,313,0,11085,0,0,0,3323,1439,241,0,3268887,2243,459,534,652,89743,173,19019,1263858,6242,23275,392,10369,19276,2370,49,151,183,611,644,13,2054271,488,828,2428,1354,371190,0,0,93,0,0,0,0,0,9444,0,0,0,257,5967520,6349,1,2140,49,0,192,0,6963,0,0,2013451,61,0,0,3,4222,233,1416,588,0,1918,1640330,34,1248,0,5135,0,597686,273,2381,4425,206,0,0,320,0,14445,7840,10971,216,0,58,0,498,5923017,140,0,333,354463,135,1024,0,1805,1822,111,0,0,0,0,0,88770,0,1123,0,0,502329,4761,5043,398,2572,2167,6487,800,4647,3323,201,322164,17,0,0,141,358,235,10002,135
2024-12-07 04:45:00,121,0,452334,0,35,0,207,0,0,0,3127846,0,0,1452288,95,0,1941,1721,45,28,0,1715,0,1678,2794,427,456,450780,442,1635,4613,0,0,43,5337,17817,0,314,22,3449,665820,1,0,0,180,0,339,0,0,217244,0,2315,238,1051,3071,813,1091,1405,1,1268,1056880,0,961,1704,6333,0,802,799,835123,0,3197,2690,3,114709,1502,1,0,178,0,1955,1105,1642569,67,0,0,0,0,0,0,1322956,0,3060,109,21,14,542,100,107,197,723313,392,0,19,479,0,1888,2526,0,787924,1949,1082,12219,41398,7583,9221,9717,0,22,553,2009013,1901,106,1884324,873049,973,243,128,150,87233,60,946,164,4201707,684,164,222145,0,0,0,8834,0,0,0,24,1255,254,46,3514422,234,401,118,260,133079,9260,43909,812809,10703,24308,441,15084,21937,6672,13,1707,192,0,1306,0,2101305,3233,389,2290,2681,344823,928,0,447,366,0,0,27,0,8546,0,1,0,1686,5689910,4210,0,1490,11,160,360,0,1325,0,0,1835346,0,0,0,39,619,0,306,414,0,1101,219465,0,133,0,4877,374,326014,0,1526,8288,74,26,0,358,0,18543,6795,22866,149,0,104,0,1850,5811540,0,37,0,348740,0,32,0,12316,5956,230,0,0,0,0,0,116049,0,0,0,0,324125,7555,2998,470,1995,657,4270,5859,837,1181,311,324135,192,0,0,0,6,20,8531,12
2024-12-07 04:50:00,671,0,398369,136,1809,0,0,0,0,0,2902690,0,12,1352616,0,34,0,6556,16,115,267,2126,112,62,631,1285,546,632179,153,2383,15815,0,0,939,4737,17958,206,12566,727,3196,548496,462,0,0,73,1329,1395,3,5402,274106,0,3862,0,1583,1610,4581,538,1,2521,2730,739051,1719,0,188,2934,0,0,0,870486,0,3567,1650,0,133637,1154,0,1,990,0,3975,1177,1702489,60,5348,0,0,0,6848,1,1210433,0,1850,0,0,0,7053,150,62,0,549813,9377,6539,5523,1042,0,3076,119,0,756736,753,355,17510,28461,6610,4084,2546,264,46,10016,1433679,1551,0,1842035,1841641,370,540,0,159,978,222,464,545,3313508,340,32,308305,0,890,0,9647,1,0,0,1009,1769,1817,4,3475659,1461,30,2789,9,121197,91,41935,642131,10768,4687,3,10552,8054,541,252,1300,393,0,68,0,2009096,78,91,519,524,262017,0,0,143,0,0,0,0,0,8758,168,19,0,18478,5628705,4650,0,1661,14,0,150,43,71,0,0,2050178,0,0,0,0,354,0,1957,331,0,760,226199,181,504,0,2252,240,360094,81,5025,2519,1979,92,41,1085,0,39615,5381,5805,43,0,219,0,1967,5883216,0,0,26,350029,232,61,0,0,7746,35,376,0,202,144,0,96817,147,186,119,0,284145,234,2000,0,1759,994,893,4746,332,2038,2,269171,88,1,80,119,46,590,2083,0
2024-12-07 04:55:00,43,0,478462,3961,4480,0,0,0,0,7,2350211,0,0,1362455,0,0,0,0,13,0,0,320,79,5718,1951,100,668,403944,1093,68,4307,0,6940,267,5521,17867,4310,1087,113,2656,502853,4292,0,0,76,4984,989,578,13191,156668,0,4778,497,2258,4435,9,1629,0,0,971,1022488,48,0,100,2832,145,87,275,1333578,0,3952,677,329,122644,200,0,6,91,0,3317,188,1609000,83,0,0,0,3017,1067,0,1128758,0,129,572,4896,4,5909,315,26,4592,412729,13961,6059,1983,1385,0,838,931,0,805824,1253,721,15224,31824,46,3532,3468,21326,0,74,1072598,822,0,1785098,1318194,697,156,10,282,259619,9,17360,425,2458892,1056,30,201428,0,578,17,476,462,578,1128,744,3219,0,222,3421974,1106,2149,3033,145,100873,0,18283,681850,18328,25993,15930,16276,7197,507,35,833,205,14,134,0,1889023,1729,2502,357,177,293283,371,0,0,0,0,0,4,0,8654,0,2,0,1236,5763408,11511,0,758,90,925,0,0,0,0,0,2122660,0,0,16,56,3872,872,1636,314,7074,213,210149,4864,218,7703,1479,0,252274,104,1221,4826,175,0,0,200,0,31939,3288,1828,136,0,66,0,615,5776893,4,0,0,387653,86,52,0,2000,13672,0,54,222,218,57,46,66212,42,90,92,296,310128,14907,1802,1851,1531,2045,1616,5560,181,95,0,281008,0,0,0,0,0,0,404,0
2024-12-07 05:00:00,178,0,489491,0,0,0,0,0,261,0,1905614,0,0,1375548,0,153,0,1573,20031,0,0,324,0,373,4199,7534,975,589908,483,1079,6310,0,0,6058,5287,17587,4373,669,583,3464,532945,6842,1053,146,488,3516,377,0,9899,192580,0,1731,4025,3089,698,0,22015,50,0,1456,775426,1269,170,614,3889,274,223,0,1143797,0,4708,16,0,92273,0,0,25,18,0,304,32,1773712,135,0,0,0,0,3143,10,1508421,0,201,0,0,56,1443,553,62,43,613075,11934,259,3561,321,0,406,3897,0,659462,149,558,25120,34156,107,4105,7446,11193,0,1093,1009345,413,2387,1664492,1055463,1179,10212,606,2177,87788,1791,13564,1830,2445964,1488,165,233628,26,2224,0,923,0,91,0,442,6697,839,0,3596896,2608,60817,534,0,88783,123,14251,621509,20452,27809,22652,28245,20295,2855,27,419,1,37,0,0,1983191,7,72,54,118,227845,386,0,551,371,0,0,73,84,5825,0,2,0,860,5673089,3940,0,64,576,136,0,0,107,0,0,2108489,58,0,0,131,1253,50,396,957,0,4716,316173,0,7068,0,4996,128,316986,0,1611,3936,257,0,0,2668,0,30524,5536,3223,145,0,96,9457,1239,5854508,233,0,0,292887,32,195,0,158,5359,0,0,0,0,0,0,69375,0,0,0,0,297280,7695,204,124,2105,200,2832,500,2416,250,0,270469,0,0,0,0,0,0,502,0
2024-12-07 05:05:00,98,637,531793,125,207,0,1,0,5,0,1885663,0,0,1430308,0,30,0,31525,0,0,0,1626,59,2158,6641,1062,283,771098,2800,2092,10430,0,4895,278,1453,17689,6289,4568,89,3639,544368,10129,113,458,561,1723,1585,199,8234,202509,0,13329,693,14905,2834,223,1292,61,0,7903,797327,365,0,137,2635,0,0,0,1068938,24,173,132,0,103245,6,92,0,0,0,564,66,1527783,409,0,0,0,0,58,0,1396038,0,75,4,171,37,875,264,0,71,506607,13338,1150,11923,1219,16,664,484,0,1176895,569,223,9011,52616,13,18104,4118,0,24,56194,1045958,1229,52,5045279,1404975,279,49,21,41,89660,126,315,395,3020587,1875,104,261270,162,1188,0,963,56,15,491,198,499,1876,178,3560624,637,146,1252,75,89890,8,21761,786453,14863,15655,5257,4639,7561,2787,23,4173,102,411,0,0,1952563,446,272,209,3565,207869,284,0,0,5,341,46,1003,27,1728,137,0,0,2500,5790686,14155,0,13,77,288,2965,0,3668,0,0,2236558,0,1,0,0,14,817,79,1239,905,419,247180,0,120,0,1525,752,356075,1,125,3051,238,0,0,398,0,14664,5295,832,116,0,34,0,266,6184426,867,0,46,340392,1274,260,0,120,4990,0,0,0,0,0,0,56603,0,3695,0,0,281509,21723,3909,292,1770,4204,6739,336,7013,1230,0,295280,0,0,96,0,0,0,3187,20
2024-12-07 05:10:00,77,30,537966,0,0,0,50,0,0,0,1957051,0,0,1568885,5,524,180,17807,3543,0,1238,3194,0,2447,4503,2106,361,686465,0,153,29567,0,2578,11494,999,18741,10788,2844,38,3333,398087,725,0,0,213,3622,1985,6,22686,183727,0,2585,3,8526,1134,963,67,924,241,818,807561,16,0,0,2682,0,514,525,1068554,0,395,1455,239,108037,775,1438,4205,4377,0,1346,67,1992851,315,0,1,0,0,0,0,1513860,0,158,131,885,195,573,71,39,1358,469062,11934,284,4697,61,18,1016,661,0,718162,892,752,2678,9505,59,2541,5778,51841,20,96069,1172163,2835,27,2207938,1050690,499,87,65,417,90778,1272,5674,585,2772064,2417,258,260730,0,61,0,1946,0,0,0,246,836,144,679,3545064,2459,149,1289,1583,99563,43,48400,672585,3357,50790,3860,82803,20055,17961,2,1294,123,10,0,0,2090582,37,57,111,192,161993,609,0,0,13,0,7,153,211,565,5093,1,0,11142,5727296,30978,2211,242,9,6965,3247,34,143,18,0,2285925,0,96,0,21,1589,9,13581,3959,2784,13045,236452,0,1148,124,2429,0,286628,0,1143,4159,511,0,0,1013,0,5689,1086,711,914,0,1192,0,884,6105943,10462,139,0,313183,5731,4834,0,44,1550,1250,0,1,0,0,0,53999,0,665,0,0,380168,6506,497,154,1538,1423,1811,1043,2417,993,1,309228,2162,762,706,2142,965,80,3424,49
2024-12-07 05:15:00,120,2,590098,96,55,0,28,0,0,0,2068430,0,0,1457569,0,417,0,6459,0,0,0,24386,0,1698,4305,121,14386,717537,130,5238,47869,0,9609,246,4253,17042,5509,365,887,145,449954,5581,0,0,4263,1548,8550,0,47059,245665,0,1875,2,26486,4129,0,570,9,208,527,751856,3,391,13326,3068,549,255,768,1104714,54,44,86,0,232739,0,0,117,76,0,21442,141,2002022,624,0,0,0,0,53,0,1369720,0,0,94,1870,396,3284,191,93,2001,541551,14284,117,2932,4004,18,1695,2061,0,500145,825,900,10766,20687,38,3102,1364,3228,23,22486,1234030,6810,1,2187662,125751,766,1929,63,3227,857,296,3761,390,4677562,8660,218,379161,0,0,8,2503,0,0,0,2885,18784,1,316,3423575,4495,57681,1377,1676,107256,2824,66665,491394,11108,159925,1712,5624,12346,0,0,263,9,32,668,0,2117178,30,127,1667,102,216740,2288,0,0,0,0,0,11220,48,472,42573,0,0,22364,5641458,118376,0,603,155,9,58,1,38,94,0,2306329,0,0,0,0,602,0,1984,3557,139,9522,340921,98,513,208,3122,22,724544,0,2907,2882,569,0,0,13587,0,21624,932,544,236,0,805,0,247,5715313,4230,0,0,265865,2970,1131,0,12,1740,0,0,0,0,0,0,44805,0,0,0,0,246990,1011,158,0,2523,280,588,32,48,393,0,419980,8826,0,0,0,0,8,1614,0
2024-12-07 05:20:00,51,0,495578,3171,457,0,10,0,0,0,2054559,0,0,1493504,0,3859,0,1751,0,0,3475,1304,0,1459,2584,0,6975,731691,184,325,20508,0,923,11676,11295,17506,2618,1192,357,4653,484551,23669,0,0,407,475,10447,0,1155,249019,0,5532,376,5317,1783,358,5414,14,57,3388,722542,2,2,356,2821,0,220,1,1481607,0,0,171,0,78468,43,0,0,207,0,912,73,1958244,23,5025,47,0,0,7394,0,1612844,0,0,0,0,296,1254,0,0,0,484455,6866,410,9135,1571,0,114,8204,0,495362,0,194,17602,4663,80,7506,9342,0,457,1078,1492819,1161,0,2289188,166,11306,3118,10,2766,1482,1236,3707,16512,4929155,385,443,328160,0,0,0,5877,1726,0,0,990,4998,942,0,3798259,723,607,1771,2526,138016,1191,40746,686208,13387,18518,1827,6036,21973,12238,0,141,804,65,213,0,2459533,184,302,1213,38,179153,71,0,507,3,3,0,17,31,480,0,13,0,3388,5886515,33348,0,2213,36,0,105,0,142,1695,0,2056374,2,0,0,0,21,10,932,669,327,5289,240275,0,138,0,1622,34,399088,166,968,3083,538,0,0,82,0,10279,1718,5769,501,0,296,0,189,5885025,13417,1204,0,305653,2864,6595,0,14,11023,4605,0,0,0,0,0,38532,0,0,0,0,679302,3096,170,0,1562,294,1236,232,3024,201068,1453,281829,159,0,0,188,219,8,953,227
2024-12-07 05:25:00,62,50,569014,1,109,0,2,0,662,0,1848271,0,0,1361388,0,6010,0,1858,0,0,4693,0,0,658,918,0,47,796214,160,0,2285,0,0,1426,7601,11127,910,1309,6818,1463,454559,18874,718,0,25,4321,899,0,15896,183198,0,10993,1900,2005,1001,34,5646,0,1645,3060,795839,0,598,3270,6138,1171,422,858,1009114,3,911,12730,1237,103503,0,0,336,0,1907,4407,139,1818986,0,0,65,0,0,3600,0,1474660,0,0,93,25,80,2858,0,151,0,480589,7214,158,4260,155,0,45,1366,0,569052,0,182,9758,3441,71,2919,23778,0,96,127,939367,680,16,2199103,842,2271,1574,144,764,573,694,2659,1389,4849700,34,74,229118,0,222,0,3062,14076,69,81,1737,1499,57,0,3833744,8891,1517,50,0,111262,0,10491,752234,16557,23925,1501,1271,2262,53,1,349,53,296,2,0,1874419,6,453,0,76,315003,78,0,491,3,0,636,0,1,3440,0,66,0,6037,5703063,8658,0,483,0,0,5,0,264,0,0,1927315,0,0,3,1,39076,3,1477,989,1,7133,266038,122,6008,0,4060,23,318461,0,287,2198,1037,1112,0,15,0,2,0,4820,242,0,3037,0,1001,5640048,1288,134,0,357566,5205,377,0,4965,15225,109,0,60,0,0,0,98650,0,0,0,0,250074,955,1584,0,1592,254,263,68,301,1087,0,320483,0,0,0,0,15,0,6492,0
2024-12-07 05:30:00,961,413,706815,669,139,0,0,0,2,0,2000174,0,0,1417865,0,138,0,11227,0,0,4239,189,0,148,2512,0,118,694662,345,132,1390,0,0,567,8874,14621,706,6593,2737,532,669721,164829,142,0,231,314674,170,42402,216850,217779,0,5159,253,5377,4290,1143,6196,0,722,4165,877399,0,646,3,3893,1,0,132,1054478,2,1741,0,63,120356,383,884,5,48,0,1657,502,1768970,0,0,533,0,0,2952,0,1553206,0,134,59,0,489,849,80,10,526,480188,4740,8,11472,191,0,894,1693,0,579015,0,562,19326,2424,21,3905,1227,741,0,342,1136344,1710,22,2457678,9359,3044,1633,13,3207,11666,5539,4225,408,5282155,1057,0,243688,0,2,0,5618,1857,0,0,380,7710,33,0,3753318,4786,5,1840,238,161504,777,21349,469605,15090,8890,5877,4842,4916,3962,0,1139,97,48,661,0,1707070,0,344,0,131,240367,316,652,5031,334,0,1,0,0,8480,0,0,0,1362,5738124,9028,0,1085,62,0,0,0,896,34,0,1511606,0,0,2603,21,5529,0,4315,2127,0,4968,219908,0,878,0,1839,0,349534,0,466,4273,288,0,0,175,0,162,1,10856,1771,0,619,0,241,5952660,4,0,0,389828,0,181,0,9980,32399,0,0,0,0,0,0,123922,0,0,0,0,212682,2701,127,120,2290,1483,2340,871,1111,967,0,284862,198,0,0,2580,0,27,19177,0
2024-12-07 05:35:00,827,2597,547998,126,5020,865,197,0,1122,0,2017015,0,0,1258647,0,327,0,15947,18,0,2754,238,0,0,613,1,401,502228,644,323,4420,0,129,5990,6329,16253,1570,5688,6235,0,512914,22879,27,0,739,665326,529,83,176272,165506,184,4585,1943,24948,4461,2554,237,1120,113,3462,577778,0,2892,1950,10208,7588,78,10772,1207944,0,4368,529,0,108270,0,34,0,107,0,5219,688,1821989,0,0,158,0,0,42,0,1553209,110,0,118,12,0,527,0,0,197,463748,6122,13,6277,685,0,1399,2135,0,372580,82,4992,33584,1750,821,7726,588,568,0,568,1386243,1333,1795,2110885,265085,1130,1143,0,372,1343,1770,2010,1470,3884916,1557,2804,253072,0,16,0,3461,45270,1,0,1060,70328,499,752,2004411,3285,1632124,20624,114,134188,1716,13212,399795,14671,17942,1514,9573,11385,0,1,182,140,107,16287,0,2275160,41,279,0,690,218441,1819,0,534,0,686,375,1,0,9502,0,0,0,1385,5656594,12337,21,2733,6,20,64,93,0,2209,158,1946654,146,138,0,1935,22,28,1211,805,0,2846,153082,0,0,0,6182,149,422985,310,2208,1964,121,0,0,128,0,474,0,3089,4748,35,336,0,395,5863390,74,1,651,311571,221,259,0,2613,8567,1009,0,0,0,0,0,88070,0,0,0,0,316461,2926,2242,587,1508,2610,1149,250,1127,1425,1651,328740,4,1921,94,0,347,1125,2654,258
2024-12-07 05:40:00,268,0,554675,0,157,302,221,0,10,0,2910428,0,0,1107611,0,338,0,14173,0,0,1726,990,0,81,2231,377,1112,452040,253,145,5770,0,0,7343,12825,18643,5,5436,2905,124,575491,10482,0,53,3188,14045,1539,0,40116,219449,724,2568,132,12415,7662,1176,784,3006,0,2516,653696,0,5642,2172,1554,2341,27,6222,1297736,0,3239,0,0,125489,1,93,0,26,0,30961,6587,1874425,0,0,577,0,0,0,17,1226036,63,0,14,0,92,449,233,0,5101,427062,5717,158,3631,3835,0,2212,738,0,432454,0,3199,24608,3190,111,2608,2893,1527,138,42,1447886,226,0,2037699,964279,372,1055,0,39924,38380,471,1346,254,2778129,10207,2050,270409,0,404,0,2343,358,0,31,54,4374,327,0,3673666,366165,7,68010,0,96261,1002,5572,370379,24128,3123,3509,23817,347,139,0,654,3,410,0,0,2450339,196,305,56,71,360666,120,0,1410,36,0,10,1,165,11085,0,174,0,2737,5829510,13571,0,5079,28,50,56,728,14,2871,0,1843182,0,300,2,290,2696,381,9991,959,0,2338,108737,7,1,0,3905,171,452718,101,2229,8308,261,103,0,2897,0,233,0,2425,4600,0,923,0,1818,5859578,0,0,0,288111,705,623,0,24,56,22,0,0,0,0,0,88318,0,0,0,0,374381,9990,2883,1141,1853,155,5627,3028,9015,788,29,263250,86,140,287,0,24,165,5275,4
2024-12-07 05:45:00,237,68,1132065,144,379,514,6749,0,929,0,2849567,0,0,1304353,0,43,509,5899,0,0,0,10062,1147,5638,2360,15664,3681,487926,911,5392,10874,0,774,8996,5097,18169,657,1306,3490,0,531814,2407,0,1,595,20370,1050,0,2823,249991,32,1111,2023,3520,1719,1265,2338,15,62,51,690720,0,5431,979,2648,30,0,5311,1230206,0,535,41,0,185077,63,0,0,0,0,944,120,2020502,0,0,39,0,0,30,0,1429340,19,0,134,91,663,4629,32,5011,3536,448601,18123,164,5858,1219,0,556,572,0,468499,0,415,8821,3951,80,1314,4095,816,0,1631,1648384,1623,2,2201670,354856,571,2036,892,657,178379,1079,12037,1145,2481467,2162,931,288202,1,4426,153,2180,1,2059,0,75,2705,255,0,4029270,44903,4358,34119,41,110941,7275,27019,681783,38521,12639,0,14742,7896,4941,0,2279,1949,1788,148,0,1955580,617,2297,821,144,317662,4272,0,194,126,0,0,11598,240,12483,116,3,0,3735,5826915,7867,208,12,0,307,8654,49,3871,269,0,1518170,633,0,0,34,727,1,2899,826,0,4192,109300,0,11,0,2837,26,309182,521,588,4363,6832,0,0,145,1,597,165,2279,17,0,361,4,2979,6092587,1283,0,1666,267148,6354,9124,0,369,1361,21,0,0,0,0,0,94889,0,0,0,0,235820,4419,135,2,2258,862,203,310,2771,518,851,425341,2175,0,3,0,139,1135,8251,4972
2024-12-07 05:50:00,83,0,1994018,0,2,1306,949,0,239,0,3012699,0,0,1345337,0,0,0,2390,0,0,0,1649,0,406,2421,13,1321,495503,253,1188,7439,7,0,18634,5590,17909,458,11,10366,0,616266,3430,622,1129,442,3621,3684,688,6,204020,41,653,1544,18565,1781,1723,1754,28,0,851,680449,0,2860,1302,3613,0,3272,3976,1421844,0,2514,6660,0,237380,0,0,0,4162,0,6900,7619,2169147,0,0,12,0,0,3390,0,1617209,0,0,106,143,182,5166,67,1635,3359,539790,6322,169,14341,10415,0,63,119,0,593139,0,7407,12123,1935,31,5732,6855,0,585,94,1801597,830,0,2478826,858468,1496,497,41,2030,1240,435,3627,1834,3401355,4277,5519,234152,121,4688,0,3755,0,419,0,8254,11122,572,62,3793791,24205,2498,31489,187,179151,578,7353,550270,29043,3048,421,6838,11317,3288,0,899,181,496,575,0,3997998,205,101,1831,2267,321836,1015,0,0,231,0,532,0,0,7010,0,61,0,10515,5781716,12806,0,4868,62,0,20568,0,30494,0,0,2053071,3702,0,0,10,1721,0,2124,1432,0,2596,147200,0,574,0,2200,23,482451,0,378,756,1449,56,0,20,0,1604,3620,13971,1737,0,338,0,3755,6059546,0,0,396,464310,26,1013,0,61,27446,59,0,0,0,0,0,70618,0,0,0,0,376880,2602,8620,255,1830,2159,13113,136,4633,134,25,266191,3081,60,0,0,30,259,2644,295
2024-12-07 05:55:00,1032,142,441124,311,170,212,1739,0,388,1,2490144,0,0,1338756,0,0,0,1369,0,0,0,863,1153,1322,4198,3613,1146,562714,144,1217,11503,0,0,8550,8113,11019,1341,1304,6961,1742,530841,5763,475,0,274,0,2444,579,1582,235193,0,3377,70,3004,1803,2883,294,516,44,3858,561948,0,5352,2352,3452,883,270,6155,1205007,5,529,5239,18,195191,4,0,62,18355,0,13222,7321,2487327,0,232,324,0,0,1090,2392,1681422,0,0,135,3164,1942,16322,572,84,578,531315,5497,278,13516,3007,0,106,2562,0,526003,0,14771,15790,8872,34,4341,6961,0,0,502,1877485,696,0,2512608,362381,528,1448,152,3426,91004,1505,4305,1475,4875244,5219,3073,259128,0,3371,0,240,0,7,0,72,2463,2294,0,2803925,28380,989004,13341,490,191797,121,1663,441050,28196,7132,4341,2690,701,12974,0,1109,1402,10,5794,430,2733662,918,8267,4526,970,288400,166,0,31,0,0,13,8,13,10942,0,0,0,13073,5872711,8938,5,2579,7,0,4604,0,31897,0,6862,1688843,1736,0,0,371,2167,111,1906,1762,0,2152,160314,0,529,230,3775,0,650167,669,1246,2575,362,0,0,2128,0,213,0,4317,7481,6532,1493,0,2210,6318863,0,0,0,303687,0,660,0,0,3685,871,0,0,0,0,0,113374,0,0,0,0,431117,905,902,32,1783,46,651,236,1556,270,0,274300,1,1,82,0,829,12,353,937
2024-12-07 06:00:00,165,2326,537005,21,288,1907,12071,0,60,0,2665714,106,0,1335518,0,22,0,617,3,0,84,2767,61,5503,15552,11682,5713,564929,3556,2825,50030,0,0,6116,5638,121,1086,0,2016,3326,577634,1627,50,1092,3835,71,5322,4244,5066,206033,0,5459,2144,6361,573,7838,1162,1216,1949,3301,545691,0,439,528,2856,112,139,63,1338182,0,276,713,2,193103,2500,0,3205,13400,2,14910,2700,2439827,1,19,1,0,121,7578,0,1536640,0,0,883,0,729,482,4,102,64,516586,5879,0,5209,1499,26,641,1654,0,560247,0,11696,20476,4608,5583,5241,2385,0,14,31,992353,1778,75,2459438,7187,1873,5455,0,1396,426,1028,8230,1934,5280601,3338,6116,277885,0,318,0,1663,0,0,0,984,3396,815,561,3298649,6532,852,7095,73,173496,3645,7204,571876,41423,13434,147,8459,13261,795,0,858,70,0,51,9,1781962,333,716,874,154,281912,1764,0,3,201,225,297,712,38,5175,376,34,0,7380,5868741,19794,10,3800,87,0,12447,0,11742,0,9,2223090,192,0,0,8,3233,40,1235,1710,0,5169,193855,0,366,0,4483,11961,642550,616,1785,115338,536,11746,0,807,0,550,0,643,1039,0,308,0,1953,6355595,363,0,0,285277,0,180,0,22,881,223,0,0,0,0,0,109862,0,0,0,0,331227,4791,13561,92,1925,126,6351,79,3060,1972,242,288172,995,92,0,356,553,38,2563,91
2024-12-07 06:05:00,575,21,1480759,831,1758,11959,17013,289,3112,972,2141956,0,0,1344297,0,220,0,4896,0,0,0,1206,1120,587,573,3277,6070,680179,675,1309,19015,0,0,111505,10315,102,1141,71,57510,776,1345281,9607,582,21316,135,6494,9578,8588,6764,209913,0,2470,113,1892,908,6780,2026,4576,8532,2805,509025,0,2382,7450,770,395,0,9671,1529623,0,3094,51,764,183161,19859,502,433,2,5,6252,77,1937177,0,0,0,0,0,1338,909,1447998,0,0,177,1657,229,547,888,357,1073,695787,1326,409,1873,4642,58,856,559,0,530722,1000,18911,14403,8012,3495,8466,3475,0,0,245,1030600,670,0,2193640,85653,2862,1502,1365,8495,91084,85005,271941,1694,4889562,8666,0,261707,27271,713,0,8143,13317,409,87,1604,23808,0,6237,3235031,5291,57516,205,333,245994,904,7357,676637,163090,10609,1418,4016,4261,7580,0,1136,52,28,16,4,1508282,161,161,103,174,289532,1204,1913,1445,1647,0,42,2,109,7296,6085,0,0,7736,5930831,6766,0,1873,33,189,370,0,527,0,0,1501588,0,0,0,948,5414,79,5160,799,1836,7094,236653,3740,10,0,9698,56,617369,453,902,4981,10829,7,0,764,0,640,72,1040,440,0,170,135,1370,5902615,0,1713,0,276966,1291,886,0,0,773,4829,0,0,0,0,0,106551,0,0,0,0,434968,33604,20621,231,1689,11154,10727,3198,214,18977,0,239369,0,0,0,0,0,18,0,118
2024-12-07 06:10:00,50146,209,2221823,84,1477,1838,3691,0,4810,1410,2299191,0,0,1515838,0,32,0,3280,0,4,0,1529,65,2608,1876,1545,347,1191207,4006,1719,11951,0,0,7482,7142,20,470,36,1885,1228,624231,13478,799,0,40,884,1481,2188,12380,216971,0,14488,219,6997,1106,11263,596,1292,101,1908,640179,0,2393,5107,2554,534,1560,3044,1423647,0,8338,1063,38,145827,2998,4,4,1637,0,5145,889,1860074,656,8,261,0,0,118,16,1536628,0,0,54,784,282,1040,588,41,798,616892,5001,0,2013,1762,0,2436,3806,0,628339,1045,5122,17476,7493,152,6523,4786,0,0,1,2267885,1076,138,2121522,1390,1225,494,1013,444,4520,2124,4171,9233,3843117,515,8,231544,63,7762,0,17688,25655,357,38,1053,3581,132,88,3115710,42289,242764,203,1090,152855,675,4177,535694,45893,8501,434,32812,5135,6885,0,5861,138,225,1939,0,2509054,627,3017,173,1196,600458,1214,0,386,5223,6765,2481,2159,38,6066,46,40,0,22419,5926335,7706,205,2700,45,68,0,0,2469,0,3373,1567207,3503,0,106,229,3513,255,8,568,0,617,304560,68,95,0,14227,3128,718797,1083,8798,3480,10321,89,0,2882,3678,5893,0,363,465,0,6090,0,351,6142253,0,166,0,234113,1,2374,81,67,1748,899,0,0,0,0,0,124222,0,1038,0,2,1174604,771660,14702,444,3527,489486,5613,1641,7904,1910,0,387766,1183,60,359,0,295,2505,2766,1324
2024-12-07 06:15:00,5070,12856,1443803,225,7516,1729,1595,0,1706,0,2527127,0,0,2286496,0,5,0,6679,73,0,39,4167,149,9655,11671,805,6734,738876,65,856,8653,1171,1119,2134,11942,1247,230,1049,3846,3002,675829,1960,12358,4097,23,11302,684,314,5377,209209,0,2728,1313,4417,7661,7123,2022,22,0,3586,584146,0,4883,6136,3120,8285,726,7088,1533914,0,3634,29,903,247588,1348,4087,233,0,0,17056,121,2251291,2,24,198,0,5286,270,82,2517342,0,0,47,61,339,688,27,291,70,776201,1775,45,10789,2431,0,622,2033,51,511642,0,14636,31602,3120,40,3927,3736,0,47,73,1198135,1288,23,2991386,759,1104,8965,102,1079,1134,1033,2908,9563,5171194,60,16,260946,873,14248,0,16942,8175,3708,0,129,41258,50,349,3335456,23223,190683,1097,1161,291350,2094,1932,526759,4138,15787,0,13625,28025,29051,0,90,299,263,3153,2238,1510237,64,3028,1658,639,606158,10186,0,0,9478,0,1135,0,25,7202,0,0,0,2499,5914858,3309,0,13543,1,88,572,55,461,205,4964,1541917,0,1,0,123,3222,3,473,4020,0,94,392932,0,637,0,8074,4647,878881,374,1227,37301,13618,23,0,906,85,5043,0,442,855,1,11721,0,1048,6191141,47,0,864,252840,9768,9960,0,103,1490,1747,0,0,0,0,0,184058,0,270,0,0,330901,2381,13991,362,1913,6146,11003,454,1252,633,0,302490,0,72,0,1,2570,1527,1162,0
2024-12-07 06:20:00,7053,7584,975253,855,10164,806,415,0,511,6277,2644941,0,2515,2526148,2709,5218,590,3058,2722,221,1387,7258,345,2738,15894,729,1351,676444,1643,2414,12234,7911,321,1039,11079,13934,354,12,2017,87,736169,3888,1598,2821,8,2927,427,2256,5965,311511,0,4995,23,2411,9031,8734,589,1036,103,4337,624537,0,3692,5185,3531,6630,3467,3837,1608768,0,998,561,1099,224671,1141,256,0,2341,0,6842,960,2484103,0,0,57,0,4001,1421,0,2223526,0,590,1266,596,126,2076,384,265,863,642987,1351,238,23121,4747,0,1723,410,0,518198,0,32353,13027,5643,557,6111,3226,0,0,22,1520171,3459,1536,3056954,1262,2138,2154,460,5182,3553,1433,184127,17716,2714360,724,1,339649,5536,1678,0,2247,9049,4451,3765,3978,311319,984,672,2645415,11100,661975,3228,1422,178027,57,11699,484379,21722,14198,1321,2276,30300,30566,0,1001,745,590,1554,0,3972453,666,110,2737,2490,650523,698,0,7,410,0,404,1317,65,5074,43,0,0,15508,6064747,4479,363,14476,20,16,881,2429,62,0,556,3736320,223,0,2,310,29945,0,69,511,0,1932,333556,0,2,0,9487,1655,420474,0,9638,8967,18647,4,0,0,0,1983,676,400,1603,1453,1023,22,336,5750641,3054,0,0,278668,11553,5787,0,0,1280,16716,0,0,0,0,0,136254,0,7,0,0,487431,6416,12644,98,1612,2500,6857,710,1801,2455,149,381900,0,56,0,0,833,0,633,241
2024-12-07 06:25:00,82565,28482,1014089,1618,2443,1105,504,1,1043,935,2582912,0,0,1983343,0,4351,0,13468,0,0,0,3624,213,106,14546,910,9037,717664,107,12119,42787,24464,438,9650,3936,6374,4853,1676,6446,839,565948,1877,1254,538,9732,6669,12138,1883,1644,353802,0,3685,78,7992,2895,11725,961,539,2789,12409,486317,310,1899,5353,2742,1363,2235,247,1252043,3379,2364,12079,373,379392,7041,1172,504,2289,0,4306,3429,3698946,0,0,1,0,1138,856,178,1815145,18,69,0,1427,7,574,318,0,327,654559,642,767,9252,249,0,1068,3209,0,687444,61,13409,30505,1892,191,3293,562,0,121,83,2099275,486,399,2747808,3976,6802,6227,169,2054,6571,2146,8886,10889,3366533,10810,1202,390969,2840,889,0,8238,1875,3412,7287,640,26276,1335,959,2806112,9498,477141,370,407,274591,628,4506,978925,35348,28946,13600,6139,31220,7587,3311,2421,587,473,1796,0,4129069,2272,5779,1936,568,629378,406,0,12,415,172,934,2360,14,8571,0,0,0,3903,6047581,10360,82,21225,0,118,109,0,424,0,2019,2952962,0,0,0,672,2031,19,375,2241,0,968,179649,14,1552,320,1676,5184,419691,0,2200,9856,19093,871,0,134,3,213,8,582,1922,0,1730,6754,1,5260661,4355,2189,98,429208,409,2336,69,9,915,2933,0,0,0,0,0,147307,0,0,0,0,668168,109170,12534,5648,1641,2754,5378,842,2002,10628,1208,325956,1362,333,2823,3058,501,2178,3912,256
2024-12-07 06:30:00,54239,12314,950758,995,3128,359,1181,0,479,1,2385724,0,0,2161475,0,8779,505,22027,4946,48,2175,11580,3156,4707,7015,5213,1084,839410,1808,2044,18972,54096,93,5026,2249,666,9053,367,1520,163,706422,1802,661,3237,8612,10569,6641,298,2513,476667,137,9352,0,12792,2747,351,3268,200,623,3957,595125,40,2195,685,1518,1299,182,5785,1193342,12,11861,15860,821,398778,291,2621,2773,7065,0,16079,6780,4263790,1351,18,4277,0,6065,12004,68,2004534,9022,176,451,6,497,3243,557,1618,109,1090259,15802,25,10339,108,0,1571,3273,0,520842,19,4017,15559,2718,112,9624,3533,0,769,137,1149559,840,868,2504544,1903,6212,15405,247,5956,7737,4657,16557,2060,3763450,9729,3260,510207,7353,5186,31,11901,418,3809,12641,373,2428,793,98,2813331,10319,411645,549,975,275658,1225,9057,468372,84309,12663,64340,2990,18491,14733,0,866,95,678,4239,371,1565650,557,468,4742,1401,514975,3489,0,842,586,0,207,622,730,14950,1123,0,0,18887,6326102,31442,685,1806,163,2643,16,0,401,0,1088,1761784,119,3,2,42,11955,261,1587,1509,11,11264,315121,0,2160,135,2137,3076,616226,78,150,8960,1994,3860,2868,2533,0,682,0,274,5667,561,896,0,245,5012734,1217,5660,48,552153,3658,4934,0,320,1628,6332,0,0,0,0,0,132219,4,0,0,0,434338,19498,12546,5603,2482,7668,4315,6417,1037,3195,0,357559,0,0,667,0,0,1030,90,0
2024-12-07 06:35:00,1753,2605,1035307,207,2529,206,1778,0,210,1274,2281154,0,1,1741680,36,7872,416,10525,30764,5788,13315,19219,57,5773,15061,3125,2326,852588,265,2642,37646,399,4788,6702,6571,591,4777,784,2474,974,806231,57,1997,37,1782,17003,6704,763,374,415821,46,5875,131,4537,2678,2673,478,1497,353,2420,697824,19,617,3410,856,1408,177,188,1527545,0,3455,1163,3045,215345,1357,1493,1820,99,0,11765,7162,3997946,0,48,0,2,917,2503,0,1945838,1,17,752,10,302,1374,1,2404,987,1110008,2671,352,987,3240,0,1340,2052,0,510671,0,159,10244,10896,52,3956,4978,0,0,371,1460193,491,970,4805842,4811,3116,9344,97,1312,1410,1541,13769,12622,4457416,1355,819,444428,1014,2665,86,5879,518,535,16986,865,22730,206,11018,3046634,11552,354403,632,489,286761,126,2164,584690,95144,5099,16766,318,11218,4125,0,595,2266,25,1831,279,1650413,261,458,505,721,1042865,3566,0,4485,1398,247,871,283,324,10106,0,0,0,16736,6262215,35951,11,1239,267,10,87,88,592,1744,82,2111561,4,1216,87,602,4559,11,410,2294,0,2728,271541,29,205,0,3815,147,898624,59,5510,4117,33558,81,0,1897,0,4161,0,593,5285,2206,440,334,8717,4942479,186,9098,449,522615,2039,17842,2,1176,2283,12890,0,0,0,0,0,107120,0,70,0,0,394900,20785,19291,1137,2120,5370,10988,10791,6091,8526,304,415164,8436,27,383,202,95,3265,6088,4825
2024-12-07 06:40:00,19631,3341,1135288,1028,1600,22,1451,0,1170,278,2349696,534,18,1594655,55,3690,1373,11014,5416,25,5491,10960,490,4727,7046,5909,4621,1085050,9495,7548,28626,3,5732,3464,19552,1400,42401,7217,9801,647,714418,1337,2359,706,761,12665,2090,1233,2719,314318,103,26718,663,20876,1567,6236,286,880,175,2850,589596,0,5617,12452,2618,1617,823,1360,1679927,0,906,398,1503,289862,1722,2880,3266,47,0,11976,391,4557555,42,797,19,0,122,2483,37,1630570,10,0,35,1057,712,2167,254,256,368,1084279,6486,295,3759,1307,0,2145,789,0,1573166,76,153,14589,4709,609,4534,7531,0,1172,206,7043596,3759,1453,3822579,3896,4330,2396,321,762,4710,3867,24500,46342,5460095,970,511,459482,347,3022,0,4405,3187,3348,7150,9632,34859,544,9107,2923687,78175,267753,15360,1641,608354,476,2995,777813,23411,6453,15751,9653,34634,11391,2,3312,12386,486,5500,1495,2572555,3367,1323,23769,13372,486864,27932,206,99,163,0,1274,3009,0,715,2,0,0,92990,6668300,3782,8,3584,57,306,1609,661,4275,1161,1536,7725317,23156,0,0,810,5790,578,13693,562,268,2055,291487,1130,51,0,7514,4093,658047,213,15613,22821,334156,753,0,6991,0,677,43,540,1435,378,1020,357,0,4950082,624,5520,448,468387,12351,55171,309,3415,1805,22389,0,26,0,0,0,203450,0,0,0,0,774946,29987,14712,315,1787,49612,8813,8760,12213,289,369,722723,5661,215,695,0,212,72,7146,1020
2024-12-07 06:45:00,4434,954,1192479,2124,3588,17,401,0,791,1701,2381010,177,1192,2305963,0,3252,6,7411,1980,0,1651,36312,674,9560,14559,30057,10269,1180087,1609,6613,70522,3662,10015,5944,17214,2168,24363,6062,10259,3519,798605,6346,4985,4720,1761,10849,1682,5797,9508,316588,1131,32014,0,23170,8715,12262,155,1683,1113,1955,732867,0,1841,6599,2940,229,202,1336,1478073,1,8000,88571,760,593658,20283,142,6312,6419,0,119097,5697,3339408,0,165,718,0,180,10241,98,2374559,408,0,1275,59,810,2223,137,2915,219,1403615,11361,171,3768,3182,0,2380,886,0,702902,0,2847,26220,2466,877,8262,6015,235,326,29,2284933,1393,378,4956564,11804,4595,25553,192,7201,7118,5388,31226,8254,3569896,1373,480,550804,6532,3747,9,5337,9845,6830,12031,21475,43702,1854,2232,2452752,12540,581138,6707,2001,675998,1425,13157,3970844,34945,11221,13075,5292,19827,25372,0,1458,328,98,3610,0,1536483,495,984,1490,892,464725,14719,0,193,570,0,1983,889,133,4642,1959,0,0,14480,7214226,15761,20,2273,18,3203,330,1289,1934,3039,1405,2917387,0,45,0,5758,28237,448,470,1429,0,2223,401205,0,241,0,9474,791,673563,291,5561,6858,37555,161,0,1256,0,1801,0,1057,4224,226,1589,22,1088,4975548,5792,6447,1625,740188,7601,30050,0,5821,13631,6173,42,2,0,24,0,315297,26,0,0,0,685999,10935,13527,484,2614,1478,19640,604,3673,4722,1565,443383,98,321,220,90,1349,33,10830,716
2024-12-07 06:50:00,66222,4770,1950609,3843,5805,139475,263801,3289,36426,10350,2528932,0,385,3014127,50,1431,726,5206,82,0,137,17281,2238,6100,6249,12507,12810,959020,1177,15745,37244,2493,8088,15377,4215,21059,17529,8161,20402,2368,1026798,5234,9952,1526,6085,5448,22128,7295,11432,369738,102,5386,1442,11369,6095,1366,1287,364,6064,2380,781747,1,2825,14717,3547,298,399,2058,1560183,2,7299,8508,1872,490715,8902,765,5351,3119,0,46816,8701,3405377,327,4781,556,0,289,6227,13,2229188,47,521,2478,1645,378,2873,87,2481,1360,1518838,11675,387,4070,3253,0,2332,3240,0,694013,0,5688,11221,1064,7178,8436,469,0,1003,61,1272991,3866,912,4528037,9424,15948,6301,29,4078,107035,25156,10938,7724,5750116,17418,3385,457305,6170,7563,0,18159,5708,6548,12381,36535,42135,2020,1556,3004442,41890,24724,7210,5457,1600028,3201,3529,1126951,83458,9063,35852,4900,12674,6395,71,2158,499,293,1146,431,1533004,765,300,1245,719,337324,2103,2556,2604,847,191,907,930,9,3088,5387,0,0,7987,6556706,16951,137,4798,1,7649,1781,3438,3424,9223,142,1574217,424,12558,0,110,2614,79,3238,4742,967,10588,339528,23,3049,489,13349,737,566828,70,784,13839,10204,0,28,1663,1386,1798,146,318,15390,2444,472,1387,119,4988731,9645,9292,0,1212616,8418,63582,2751,3704,5099,4846,0,2885,0,0,0,198318,0,0,0,0,825760,28309,12305,1379,2997,1822,19658,810,19824,9208,402,443358,6183,65,275,0,1892,45,13763,819
2024-12-07 06:55:00,8902,14942,2115638,731,2678,4262,13781,434,1633,2560,2727331,0,1799,3661521,627,7859,3971,25375,153,1924,7410,15332,78,15168,20362,5362,2324,1167517,946,4704,50551,3738,1015,9956,8244,846,2161,15613,1121,12549,890244,19003,3848,11673,11978,16940,17155,24088,19208,486254,16846,7641,1397,6789,9304,1027,1024,3903,1424,5028,1317975,0,27277,48935,3989,10769,11088,4955,1569923,0,6670,2367,7036,562804,5540,1364,2494,3511,0,38454,2515,5518449,14,77,386,0,117,1311,50,3276207,270,11,313,811,119,625,12208,565,4526,1587353,17893,163,2187,8489,0,1432,10429,0,892352,4488,6538,9765,6049,21588,12279,2791,0,130,746,1729272,4748,33,4505217,19111,5865,24294,537,12999,98379,5780,18782,13035,3592703,25867,17048,709950,22926,7683,5976,24937,26948,12343,16796,9317,100490,7775,14439,2630243,67764,321969,4392,737,704628,4084,15002,904322,58628,20025,22972,22176,24724,14760,0,1256,2118,392,1346,125,1506885,573,1431,780,482,436210,2394,0,1936,253,209,2269,1014,72,1176,5486,1,0,14484,6646395,5086,0,3347,726,10777,252,1612,820,8793,2992,1869654,68,33844,0,0,2828,2831,11906,4205,215,13652,815801,47,4301,34,30721,891,555762,190,2174,7256,8454,114,0,5971,0,77,256,2935,46254,5669,3877,423,18238,5552245,1331,135,7414,430031,4189,16761,103,706,4081,1588,0,19933,0,0,0,264060,0,85,0,588,812797,37520,12711,638,2283,2874,15181,2117,15174,7897,75,472660,6053,163,163,0,3824,2499,2093,2102
2024-12-07 07:00:00,2867,8749,1756919,1423,10727,479,1002,0,1599,2415,3398733,3093,1591,3333065,1547,35451,5843,13242,25361,253,38631,44129,13836,18177,27229,23928,6401,1592852,3377,21814,101553,2287,3203,8581,1779,3994,4820,3107,3628,12835,1382937,10710,2065,7785,14215,22230,21650,5440,11557,1538088,1210,12612,301,15872,5608,248,652,599,98,1756,958337,0,17325,22566,3543,386,1837,1347,2112337,0,5647,1644,4104,721387,16758,633,262,63599,0,39091,6523,4702015,3817,1363,271,0,6109,11402,448,3425324,0,716,417,123,1429,4191,664,3608,698,1448884,6287,1074,3944,3096,0,1778,679,1190,881178,0,8994,14568,11650,257,9755,773,0,566,0,1376926,873,3665,4884493,5701,2914,15736,233,6472,9615,5314,106567,12674,4578324,14140,4769,2076552,4010,4270,799,27937,33479,6562,2543,9065,22807,24506,1193,2702283,42647,164925,7257,1362,764089,2229,12835,586489,36941,19622,25184,9379,42538,17980,0,1655,1465,1207,6469,3,2373782,1980,929,5050,2565,483780,11607,3207,1615,12599,497,6185,3700,533,6547,2100,0,0,24073,6217932,4372,2352,1743,221,1607,5709,419,9950,3412,687,2507461,4898,8391,4,49,3785,86,30375,18108,53,35627,645037,425,777,34,30415,8971,834977,1139,19440,29870,9510,112,387,2395,0,934,169,167,3176,3,5847,69,11233,4832462,117,625,0,632130,818,7142,0,242,1523,2921,337,7094,0,0,0,208286,0,0,0,0,829657,73551,11828,3398,1959,14888,26216,5795,9700,2937,30,552168,766,708,760,236,744,0,1811,1022
2024-12-07 07:05:00,73111,1205,1521450,6630,9749,8859,61839,1,9076,2,4371723,0,7507,2591903,728,6004,7526,10970,5975,4785,6561,26967,2585,44188,29286,12860,8634,1896840,4004,22876,129565,332,10532,12245,5651,6299,11322,4574,6587,8346,1078462,12527,7104,11621,5270,709,14551,6932,5041,913848,732,83962,2446,106975,42554,0,15421,1674,866,40643,1301552,484,12501,17841,3368,6814,1708,1538,2982212,0,4931,1131,3183,561484,17645,2264,15608,361,3841,54826,2788,3997583,4810,1576,13906,82,14374,43875,5100,2836734,542,2033,1123,198,413,6396,5419,1266,3183,1656027,16592,521,9423,3769,0,1077,2026,0,721298,0,11638,11997,33276,305,6679,3567,0,438,136,1660074,5506,7838,3419842,16473,4582,22850,2680,3982,4986,8112,26890,13579,5924963,3425,4368,1200564,7173,3571,3,13366,2682,3996,3055,13996,49747,900,2222,2327970,37888,446641,11986,1252,894886,999,6345,616487,40157,15295,17124,6998,26296,2210,0,31586,18094,5772,3828,1389,1565810,1655,2927,5530,4538,612244,2564,0,1015,1879,420,1235,2386,1347,3741,1983,24,0,35946,6628421,7936,2086,1506,0,3268,5432,1629,5411,705,2621,2330001,8833,38,27,11931,9068,496,6938,9810,0,3090,798270,0,570,5825,31509,1150,647187,65,8223,16079,3007,757,0,4494,343,78,0,595,12599,225,5972,0,1367,5292025,404,179,319,583856,533,5890,33,1177,3180,6,35,9448,0,0,0,152624,0,0,17,0,1313878,75072,34111,1276,3433,34677,28966,9646,16569,2594,414,944040,3314,658,396,404,473,1410,9416,3597
2024-12-07 07:10:00,11233,5163,1579972,14377,10476,11410,29755,0,15585,1031,3468331,0,4403,2350820,4889,4014,6415,12169,3029,4651,7378,36355,29152,24257,20593,119704,22194,2350643,9748,23651,85536,494,5095,101882,7476,906,6615,53971,21344,24383,1346222,12009,13791,13229,5150,8042,6671,10653,11263,896881,572,5350,34,12561,9109,1234,1023,4216,3692,1045,924364,8,1337,4600,19217,2965,948,813,2281782,0,12437,5879,6211,581644,5271,568,3767,1568,107,50656,13435,3663628,97735,13615,91428,7103,52596,17444,15820,2893177,13153,1579,2017,1688,1163,21748,5965,4606,4183,1240153,20785,1375,12515,4815,0,1096,7676,0,867465,0,24304,37143,88905,1468,42337,2665,0,168,700,2282536,1858,1729,3538481,152927,7589,8761,1216,11928,112508,9491,31547,10883,5459654,9482,774,977073,8724,8433,1,20802,12250,9872,7177,14746,42014,7845,6263,2276861,25666,445678,19565,7451,659456,982,493,677172,14509,3157,33190,3011,18531,3211,0,16636,9807,1326,10300,595,2252784,3785,26623,4439,2407,642496,1451,105,2037,1276,14,159,3032,350,6181,1810,0,0,26786,6608566,8381,811,1373,48,1870,987,668,3007,0,6082,3413227,1580,129,0,561,15660,570,11181,7719,543,3332,493336,2174,2762,258,20343,4432,720525,7781,7877,2988,2612,4,0,2510,581,279,207,88,4470,177,2316,553,6251,5097027,193,123,1926,535993,6202,22909,213,545,11182,582,0,5272,0,0,0,341928,0,0,0,0,1070971,106771,61150,14783,2073,81415,29401,24090,74162,18476,141,920086,1744,0,408,0,1986,24,4418,307
2024-12-07 07:15:00,9579,2192,1761817,2178,27360,15747,38770,0,5111,43565,3601532,0,1029,2334937,49,2978,143,3613,4573,653,1624,38021,8154,26998,51891,21597,21330,2052862,10768,35123,154224,2312,3142,54337,3620,2187,4210,24436,17119,47407,2414114,23576,89310,15123,1260,537,24359,6063,25138,729945,173,4950,1599,13342,16277,894,3170,5762,267,1743,862257,33,9686,20183,7960,5048,35,9935,2226578,0,35015,2330,6661,1892746,1923,1710,12785,810,1,63326,12031,3993182,666,5049,4005,235,157,5714,7281,2971676,0,439,434,3340,1045,11317,2238,406,6727,1704066,20615,858,9880,1580,0,1375,7075,0,1325414,2,12859,21670,214178,15261,108851,1483,0,612,25,1931609,12268,12883,3058825,189485,14027,18334,1537,8373,44554,12135,18697,41234,5334217,9138,296,888051,12242,86051,85,25837,5706,18070,18024,29573,39875,1289,1324,2128258,25111,597417,9049,1322,498230,1448,9078,674901,47285,13310,51891,2872,22851,6289,0,4215,10081,1904,975,534,1811474,2740,5117,1628,1999,682860,4988,1422,12361,2727,177,1490,3759,982,518,3081,142,0,58756,6787723,7471,27,2116,8,513,1802,980,1530,397,838,2536354,3921,0,0,317,12476,122,18219,17528,3921,3120,717076,2537,2761,175,7801,15321,629083,97,3253,13170,12096,2409,0,1841,4798,2087,0,1378,16258,3117,1655,3790,18057,4699515,170,232,59,646868,1545,4765,0,422,19884,1396,0,2635,0,0,0,423139,0,129,0,0,1123528,83343,8083,22356,21629,37948,28625,25935,27290,6957,530,683806,4490,1846,39,704,6382,303,11331,6809
2024-12-07 07:20:00,5936,12300,1602531,3560,19102,6310,20586,0,8818,3357,3586246,0,0,2168517,635,2296,2551,11911,5934,2032,4646,48151,2355,30399,104246,20543,20000,1619370,20729,29056,166855,2091,7131,53841,4141,5403,8745,57513,15610,17518,2563803,27353,16451,8098,6306,1203,12919,9436,8351,913993,1661,27722,4760,22297,20225,1343,5417,4367,14,10384,1048338,10,11181,8291,10262,802,7831,2797,1767657,0,26561,12358,3956,673247,6033,2724,9045,587,0,40033,5360,3944090,15002,7830,3420,0,1800,21841,25010,2452251,123,976,19457,7623,3200,12140,6132,16873,59404,2069730,19611,3813,14449,3986,0,2766,23943,0,1268364,1339,9536,48881,391645,20323,103903,2551,0,730,45,2114258,6515,8588,2863928,101804,19772,34584,2214,16730,97549,10551,117692,22806,6055921,12844,1858,1249445,11192,10274,0,28152,14371,12115,2467,16794,52931,11144,3880,1878987,23355,508513,23630,10043,763261,964,4076,810370,50208,18302,14050,1795,26713,3899,0,3978,7218,5479,788,43,2144520,1517,4536,799,6651,1258029,4188,0,3052,1766,294,4229,7107,1732,9838,9081,26,0,18012,6677351,15990,265,1988,111,2328,2716,2662,3824,799,707,3155487,871,127,0,11,9414,22,79220,1381,0,31356,565075,2214,1057,136,9053,24652,877438,12,4648,36294,21460,120,67,16055,7727,1629,0,2931,40178,3764,2956,3,5346,4460727,4861,94,880,678381,936,10079,819,2337,12930,387,201,4908,0,0,0,430474,0,0,0,0,1018266,77219,32478,1131,1848,61743,36530,16330,26985,8167,1347,717164,3710,1546,333,69,7101,2625,14812,5900
2024-12-07 07:25:00,4666,6870,2055280,12713,22485,2445,12578,2253,4405,78039,3455748,0,21,2238618,310,13730,6466,5878,2093,3060,1553,39035,22735,24355,206867,396666,19184,2052039,3070,154198,147468,209066,7109,57567,10432,9209,16739,26582,98835,20961,2290372,33086,12605,29720,13316,4806,27173,9246,27408,1139360,1208,9507,920,8621,9578,159,645,1036,1518,2919,1203845,714,19625,28482,3206,729,4631,8386,2065072,3,38670,14845,2748,590134,1587,908,2760,5645,0,20198,3039,4424778,19777,147652,32181,3287,135,152347,67622,2626409,21640,96206,5378,3033,1488,4369,1488,4363,27978,1839256,8964,4523,17845,3987,16,997,42654,0,1625691,0,19363,25643,77213,4679,437360,1311,0,12512,640,1913462,25622,29819,3487789,105370,12382,18658,1131,10822,18349,11021,38308,9787,4072876,22423,6164,1364145,32684,4320,192,63191,23745,20330,3173,21794,31951,7797,1312,2334685,49170,295767,25800,1659,575038,711,4658,813395,7669,13250,272,2185,30631,11277,0,42138,2126,786,4954,485,1756244,2436,5904,1568,12175,1047862,22527,60,890,1623,933,8627,2218,795,6567,1675,10,0,23761,7150094,20459,0,7588,83,4448,2229,353,41576,331,778,2622609,659,0,0,9177,3638,65,83389,2630,756,3413,512288,10386,4879,0,25830,27688,1574120,46,8883,47402,48240,178,1,12461,5768,2783,1,6374,6164,2265,8554,5182,7464,4552479,233,158,4773,715937,2581,15483,2815,1724,2462,1561,0,11109,0,0,0,369307,1,2722,0,0,1077108,51906,3652,318,1866,35069,13769,27131,24568,4588,3178,725358,10391,6600,6183,297,2827,2974,16406,8036
2024-12-07 07:30:00,185656,7226,2212680,159978,29652,19170,19852,787,25302,3847,5144934,3479,326,2283764,1441,4118,2646,19797,1786,13846,8283,42876,1836,18365,165048,48411,55417,2093031,8384,25810,156483,45909,31163,32530,5254,4339,17817,32692,13349,35975,2206037,17153,23799,21590,6902,8039,33226,7406,42000,1358990,503,30245,964,19887,12558,284,94171,20397,3939,17954,1138872,226,27092,25932,2924,23458,28446,6902,3623949,0,29501,5012,17141,835072,10374,3159,1365,1512,0,49412,3681,4229116,8722,32947,7498,149,224,46946,3350,2691753,919,14276,11183,8685,3996,22367,1353,4923,4010,1731042,15624,1290,7960,2338,0,890,133802,150,1284181,91,50390,20752,203145,4951,299056,5390,2089,25391,3388,2345643,7987,27665,3951125,49632,31723,60637,1494,44955,74649,38521,90571,105951,3689553,23031,5382,1601785,21352,11782,730,54343,28525,13716,5742,17765,68230,6990,7790,1803970,42077,757552,17424,11692,837578,513,6799,736384,91659,14880,5552,3485,46934,11524,0,15375,3557,184,3648,1393,1652344,3632,5122,4685,7379,765467,10070,176,3936,1480,1886,1635,1768,908,2345,876,0,0,15767,6588457,17922,15,2608,362,1961,10827,3284,14366,3806,855,2863927,1284,1725,0,20,16718,236,17203,9352,85,11907,526230,155,16721,1811,25135,9197,2717899,106,9038,117205,10672,878,314,2724,12470,1571,35,5573,28309,2853,6914,193,3332,4431763,65,1870,6485,777718,13139,23288,633,6892,2671,450,190,19467,34,111,1109,619258,53,4074,1,6851,1099081,72154,13305,4897,20532,20021,27247,22867,44699,46870,6379,798021,5925,7676,3533,1092,4832,596,19791,16281
2024-12-07 07:35:00,40505,227561,2250963,513038,76820,67776,45662,5,53534,2860,4470004,610,1577,3049562,4262,20227,3527,17561,19426,3427,15539,46228,14315,73297,28378,25998,64262,2386692,27036,96952,177369,23290,18747,41720,9588,5981,12167,48940,28574,27331,5138397,14962,23763,271958,20855,20419,47605,2075,18452,1529568,254,80772,2191,51567,17947,184,4358,8095,1912,3620,1319205,5,14075,29666,7159,28050,25981,68102,2597322,0,39688,5931,12169,850441,8472,12206,10773,4544,0,27332,3350,5914332,5523,317,2513,554,1628,7047,1339,3428003,508,5124,13085,1936,27146,22066,6598,15704,3323,2478230,67714,8809,84634,3710,0,2318,3378,0,1964628,69,3774,45809,507678,5732,2288,347,0,963,6918,2748540,5716,796,4485883,18659,17140,9813,750,16258,12077,16276,120148,16560,3376790,31255,2003,1535856,264445,11093,235,51481,19854,20543,8073,7422,48407,3540,5407,1605135,70011,728766,33413,5534,965524,2209,4209,624573,38298,18374,13258,4065,33240,2633,0,3173,7225,322,3802,4186,1480322,1222,1752,8025,3585,1199746,29572,35,20160,5820,224,12457,7859,1912,19543,1249,0,0,9585,7106571,249763,300,6974,127,3591,688,107,989,335,954,3240535,64,41,0,720,67167,169,2678,10497,593,4609,901066,33,9035,811,54668,37097,1125030,1829,25253,35443,24462,305,0,20350,2982,4482,1846,4331,3593,1878,5792,6156,68264,4598769,6559,2384,395,756724,11905,7382,10,550,5026,744,44,31160,186,115,0,351247,6,515,0,228,1417773,75447,11780,4132,2467,46932,56290,94700,15476,6088,27358,773170,8908,812,6252,2534,11431,11771,19827,30316
2024-12-07 07:40:00,121675,181208,2764634,464226,30296,21535,27027,732,50362,1365,4587560,3112,6400,3429820,21448,11520,5531,21095,21783,6868,6378,63317,1801,87101,84762,63193,17726,2092257,138727,42967,191855,14023,4303,54779,3516,6595,6413,12318,20016,20728,1751143,15772,48816,77572,19492,13037,80581,40295,18499,1627475,3322,18385,898,25003,11842,69,2410,639,31,4975,1449924,0,20617,11007,9411,4412,10005,7568,5591457,0,33788,5481,31758,1037399,43477,4134,19160,3905,0,24193,15415,6409265,7564,2082,13429,124,5557,25856,25653,3550460,1997,3149,11217,1871,1305,12624,572,6931,4909,2341205,23671,2017,21198,22100,2751,3157,13639,78,1459013,2404,10970,31849,447340,7281,72474,8768,2073,5843,6506,2622238,30479,12445,4831562,8333,11528,12168,417,16921,17179,24294,24733,11329,3751160,43238,4290,2010722,67841,40581,1129,118486,29414,27925,9102,39957,228580,4692,15797,1936465,263201,500892,85659,15130,949866,1071,9619,636931,78763,14061,24461,7684,27293,14422,0,7309,1964,2595,5537,1354,2082505,1749,1614,5848,6286,1483581,15171,1,1107,1763,713,6618,4384,1634,10040,3565,0,0,24635,6469405,21897,970,1248,319,874,8806,3441,7992,970,1321,3154910,3462,0,0,14,14693,130,7763,1361,0,5749,668654,0,1272,101,46954,16027,1069782,2705,23395,44539,16543,4301,425,11611,52,4903,0,20616,2692,2912,15174,58,36310,4935462,713,904,5569,921442,4408,19307,569,2893,6733,14132,663,34766,114,1042,40782,435424,745,260,34,512,5106422,843856,42076,15825,2593,528548,414323,40703,370219,15231,3689,1345135,1076,873,163,33,8333,1179,2848,621
2024-12-07 07:45:00,15921,37818,3154720,53031,40819,7232,29514,2,12263,507,3741495,4965,83665,3331045,34233,26123,13276,21800,58557,36485,23767,45779,4087,48499,61673,31835,26936,2178919,9150,30026,199287,11865,6330,38321,4869,1989,6427,1493,12973,11996,1842189,59416,62412,24658,22888,21500,403364,22675,28849,2278036,8427,24011,1782,17873,18481,603,2155,1136,163,6751,1956862,51,37241,99684,66290,4104,10394,2170,2653080,0,28075,6192,6595,931794,15108,2008,18732,3154,0,58489,10426,4571344,6578,9222,7441,1711,1980,70229,8733,3486932,7101,2318,9489,13658,2450,14108,7621,15816,15034,2455966,36493,2765,1808,1975,0,4771,39701,283,1220320,86,13788,6815,265600,3447,225483,3401,0,7143,10,2261247,22696,16735,4320567,26816,17120,23210,4089,24169,100504,12381,36207,9051,4888529,253672,17411,2554363,22702,60159,5580,319848,23047,23802,14607,11537,126256,3262,7228,1245100,118200,961532,44121,10485,1136620,1440,2671,808471,80921,7198,46088,4862,94707,1344,0,12928,4529,4950,1155,0,2012992,2571,9038,8652,18797,1774753,15087,699,21241,26553,5379,4439,10932,1191,9109,39,0,0,44669,7274272,31547,0,879,132,78,8614,114,13908,12,295,2888858,545,0,0,142,17078,585,4055,119,1405,10973,676969,166,2463,0,82775,3116,1244148,22097,11717,32614,5864,16367,200,43435,0,2,57,7224,20341,6043,24568,0,59811,4863623,8322,4098,1373,973108,4890,19969,0,2086,7597,2010,0,12171,97,0,6578,315737,278,673,0,74,2068101,51054,29786,40817,130892,47240,37320,13955,31032,19483,16456,1051841,743,9694,4265,45133,13166,10910,15031,6694
2024-12-07 07:50:00,55705,34226,2859036,7563,24498,6805,9827,3051,35027,22599,4010188,4212,46081,3522246,21517,57165,15313,40745,59551,20962,26172,60439,35430,62555,107884,82805,57013,2840433,5825,65222,249079,7201,9744,58545,5378,9203,11423,6473,43946,29592,1784232,159053,28618,39424,73553,9158,288307,21702,49271,2462201,29803,56206,2019,22977,44075,1932,20945,5035,138,17684,2951670,0,11576,59957,8343,2641,8277,4797,2925491,0,4054,3518,34469,1160249,30592,3753,38386,1766,0,35859,5023,5769901,2201,3284,7857,26306,401,164257,3978,3052074,7338,3252,8743,6793,2777,15226,20949,15014,10196,3744405,15575,3952,2403,2495,0,4377,7640,0,1109944,2498,6587,31965,482638,3271,33199,2477,2184,374,1493,2772396,15697,1327,4226497,104489,28087,17324,7442,24483,31537,22928,38130,8926,6435265,174673,47413,2504034,35138,18874,6265,315217,40204,40584,14193,23761,202267,5528,18362,1668879,87916,470361,24680,10602,1307497,140,8636,1025629,261121,11016,72430,14822,37562,1920,0,4945,5164,3243,7372,6907,2173229,2744,4481,4194,5821,1573528,19566,388,3447,5600,3643,5065,28546,904,7247,9,0,0,8946,6690281,27498,209,1767,356,2227,4227,7,9312,6,1602,3531340,611,0,0,198,19300,9,9316,2529,1478,5284,2244773,2,10463,85,50525,3000,1237047,3541,19282,42104,22391,1254,950,22944,71,112,500,5240,60191,30228,783,0,53868,6118563,43279,3677,6330,1375808,7135,11403,38,2113,5758,1917,1738,15772,1,562,5042,686431,451,397,489,159,2474173,122969,44317,13888,4366,31615,77378,20713,41396,27135,7890,1152012,5765,20185,922,431,4672,5455,13741,30066
2024-12-07 07:55:00,49097,7773,3766049,68298,32778,18931,14499,1266,49551,65007,5261125,5668,2311,4553381,8091,40718,7679,31895,2426,8228,4514,83343,3056,47856,80875,29745,23554,2914447,10944,38598,105984,2129,3134,29400,2336,4222,1238,2792,17318,43496,2219338,18305,32698,62365,9423,55807,81228,12807,81773,3184308,3857,30226,2478,34209,42667,624,26077,9287,2438,9070,2448685,801,31348,26066,4698,16166,7244,8903,3285431,799,8923,3370,8789,1605897,16088,6809,9344,6584,0,236888,2326,5507775,3135,106,243,5086,257,9139,1545,3142309,318,6897,17397,2079,1632,30142,4640,11088,13616,2158729,33121,1398,19431,200,0,2022,2497,0,1539767,99,3043,14123,360869,30428,165912,2488,2006,115,5390,3552166,23315,24659,5669865,143805,22876,63145,2560,34936,32218,16709,240070,40035,5917680,28642,19774,3502096,25479,59214,12835,73016,90331,40936,21281,10923,80655,3221,10902,1537948,90411,583348,16559,14187,1142047,13052,4225,1229504,76063,14877,2364,9221,29545,8956,2558,29865,39430,18823,5437,576,3153783,19940,5595,38722,88888,1327379,24191,25,2284,21224,5505,4166,33652,2076,10778,819,0,0,23772,6589545,44810,1318,2262,209,3965,5620,625,24871,546,826,4669929,1438,53,4611,2582,25065,9140,12934,12611,3651,7413,569122,912,29876,2036,29035,5484,2565901,2227,12479,148644,5267,2571,184,13354,2369,11066,2158,9659,19349,3169,2078,5262,45872,4962831,21035,11811,13163,1899703,23745,61712,168,1741,13082,80376,765,9922,675,1301,4484,545751,1656,4212,995,650,1993070,95389,14048,23320,8495,44344,43321,39595,45985,21117,6230,1939902,162,580,2277,10,5231,127,6701,1753
2024-12-07 08:00:00,96895,28871,4282996,61959,104833,23218,21649,1622,34945,2088,6256949,9732,446,4982572,404,44370,4891,19818,816,2062,2686,64869,5403,49878,113773,70489,15027,3192746,6190,50503,312661,7399,632,53631,6842,14907,16962,28060,57298,34663,1876709,45740,27496,36264,15099,22638,35153,20784,39111,2921267,6496,21195,27112,44165,39200,3533,4087,4125,5256,4530,3505826,2565,41413,96445,6483,17459,5746,19720,3853258,941,63063,17553,2921,1564567,16408,23902,116850,13038,2,47497,20814,6182033,3834,12625,616,4398,674,8898,1052,3417998,390,2309,7948,5891,15898,15207,6315,4288,5434,2748430,31148,4566,10429,100,411,2030,474,248,1535782,1,6768,28164,26458,2458,24021,5583,0,8605,1278,3601134,13477,17490,5280856,164673,51932,28653,879,19926,34184,13071,51107,15448,7005242,21411,14579,3704789,26467,19200,10244,48863,18082,18886,20345,14942,108446,2120,28341,1471046,87239,659221,17595,28979,1525204,2157,7904,1271527,23043,19625,2283,1660,88397,4921,0,71909,8167,17250,25313,919,3835601,51040,39635,58839,45063,936602,9950,77,23519,18981,1502,13153,15452,592,11341,7992,0,0,36520,6170267,29039,2725,6056,1394,8427,24747,192,30530,3,718,4218508,3508,104,5665,4790,45515,16855,12883,41363,1117,36986,881569,50,13178,1611,64032,1617,2264194,12234,35946,93167,12542,8458,98,21050,519,7940,4040,8049,45991,13296,5038,10845,67692,5719312,213,1224,7718,1224748,12863,14779,83,1330,4865,3542,535,7073,18500,860,4892,631251,1148,4311,19,702,3002577,99893,25408,11472,13524,19785,54625,75750,29948,16332,2774,1855735,1813,4365,303,1347,4173,1077,11979,10731
2024-12-07 08:05:00,208120,23355,5415319,194659,55564,67250,41591,10,53434,5990,5828149,16486,3179,4459776,1261,23552,6007,18501,20076,7,242,66261,2628,34437,76499,37323,37473,3402858,25255,42534,332232,8315,15852,58012,1413,10660,31485,45715,44531,29668,1934117,61542,44993,46611,17104,22268,58223,46584,48262,4368941,4400,26947,9039,22622,21601,35,9881,4443,8652,6053,5424425,454,26602,13511,19106,19902,11591,12480,3765119,460,9824,4776,18973,1607271,33552,16582,4396,3971,0,36280,10246,6322344,4044,14225,1357,2231,1264,7750,12161,3183430,2879,1247,13189,6693,2225,27905,3666,20822,19820,3344250,57602,4655,17487,4,0,1391,3337,0,1218957,0,29420,105477,10435,3461,14777,13620,10,1183,585,2790105,15242,5874,5071281,585710,16293,119639,1368,43538,25621,15360,61691,24312,8460542,25175,12753,5202180,32357,29591,7008,87726,31397,59249,15294,18305,71751,8542,2038,1484876,654205,437939,25058,12830,1399076,1309,5137,1778130,21057,7808,4,5744,73579,13854,0,23320,27073,28580,44638,4133,3351187,11838,47191,86782,25456,1102775,20403,2148,3310,17630,710,7703,6027,2065,6312,97,0,0,18111,6232789,27735,369,2218,125,4375,23933,2711,33983,6455,830,4246772,2831,0,9987,3740,19416,14345,11524,11635,81,14297,1095510,45,32303,48,65300,2920,2359549,111950,44302,66260,9053,208,386,75355,4033,1129,5392,1174,41436,15464,20388,821,60014,5400773,2732,768,30031,1154720,16880,26344,702,7962,7312,7113,822,4492,4301,1726,10001,757714,5435,2542,1887,1092,2204019,99086,70670,3902,6582,28883,47080,77796,28233,57817,2861,1763800,8667,2667,386,1251,19139,4881,28352,3615
2024-12-07 08:10:00,276771,38310,5827934,115623,41661,40028,25410,394,127846,8938,6088330,2245,993,4774208,3,25316,282,27690,5195,199,513,124183,29488,514859,198011,70919,121891,4754570,17645,45009,343414,3405,9030,123830,9412,18370,19609,26274,53958,40206,2513788,57058,41299,43683,19078,26193,33564,33750,88714,3814904,10,77312,2366,68283,59194,98,6303,4620,2726,1577,4873120,8408,9487,12764,3229,1321,2809,6838,3695220,8084,34432,6001,5076,1629501,29949,5273,34253,1543,0,71519,7811,5164597,1452,43182,13658,11509,3672,3313,7748,3195949,12428,8307,9927,27249,10172,56749,11448,14997,25206,4265039,78916,4720,2580,695,0,1543,29924,2,3020184,392,119282,30585,10311,1420,2490,11139,4,6945,9394,3491431,53494,596,4848391,83162,23160,170586,531,24413,33046,22040,53031,34444,5553166,25145,6780,4788060,31929,27663,4852,119519,72532,41180,8464,8347,57917,991,7246,1692148,676704,178924,230510,5358,1808154,794,9185,1255781,24491,8363,875,2568,37876,3032,0,23147,18712,12642,79291,708,4090007,13705,12318,17287,23616,1109160,50476,11,2868,16591,1095,12396,24027,951,10644,154,5,0,20843,6198223,54023,0,2286,931,1091,89434,1321,12557,190,2579,5773164,7817,0,5360,6129,93755,5378,15075,137047,7483,67455,1975703,14581,29183,149,41507,3173,1572446,1587,10717,25949,5559,206,777,10599,13524,2364,1473,1023,37834,17567,6316,1687,25850,5333232,8046,2123,39676,1057928,20569,28292,665,4784,13283,6518,5701,1457,2470,5218,4519,667542,1236,8344,1427,13841,1908742,246908,69007,8509,2297,48828,70364,22507,105529,87245,2573,1247733,9173,4651,961,478,12157,1560,36034,13402
2024-12-07 08:15:00,56166,43515,5253502,105046,25439,22880,55395,1701,35700,32138,6517161,2728,312,4670333,13,48760,7213,23291,790,75,468,137073,37339,74029,86418,132299,134510,4204954,9072,143116,325116,22552,5735,67489,6574,18152,7433,43801,49782,25084,2949421,48705,25025,34182,19689,16039,49867,40056,32591,3595632,1906,15737,1796,16492,3257,0,7776,1784,956,3197,2722897,16249,19717,29154,348,2195,971,2834,3463151,664,47987,7747,2069,1960460,14264,659,7842,4115,0,108388,6340,6220259,13607,723,7336,29754,1931,6055,2073,3090866,20731,1837,17551,27804,37066,152721,134105,62959,40014,4699249,196684,38533,3451,2098,0,6031,21063,0,1947073,0,12183,29493,5126,5669,7345,7045,0,853,12647,2366178,7883,4518,6319003,111985,69187,39873,2934,32343,148497,75070,191416,74020,4523681,28476,6075,4510994,26272,32583,0,72130,29931,26015,8629,36168,109788,3631,4140,1567011,214279,317137,127074,10881,1484806,2215,2105,1296549,11773,31983,432,1625,15013,6255,2,40682,11915,10234,7265,2569,3007228,15935,16481,19079,31339,1767396,20980,62,1962,3152,1817,8742,11497,1029,5307,338,0,0,15403,6109942,16924,144,4164,125,1382,28427,2389,25708,69,3010,3458790,3151,0,160,1424,23491,4124,23946,67412,11925,20868,3779492,4160,4559,24284,35118,5551,1500526,1121,14231,35742,14109,237,79,13341,225,3957,1728,454,15860,10269,22073,801,30370,5322762,8497,597,26807,1155144,28749,37876,12,19419,6550,3563,2143,67694,2681,6408,3326,848139,25311,2173,20047,1702,2210515,88635,27658,5665,3043,52433,65522,58435,38941,29739,14119,1574245,6863,20629,11797,4746,22311,8729,51149,11335
2024-12-07 08:20:00,34169,19028,5224654,101966,22151,14373,6551,143,30223,4485,6671379,10351,576,3901196,1794,23539,42,15754,150,927,2599,36406,2391,57367,69618,18276,54331,4481807,14640,29632,160566,27731,2332,38009,8374,16201,7011,10717,48612,42453,3034848,44884,52026,50997,3493,31485,46417,24888,27512,3275496,180,17364,3871,19986,19545,0,12281,3299,5,1808,2483453,24492,15257,20762,4536,1034,235,5046,3909842,2755,29154,14631,11417,1469074,20008,85642,89434,1287,0,140936,170672,5330557,4997,2228,8267,8435,6763,2179,10934,3295773,1884,1689,158699,19848,9787,36663,69403,18161,14224,4126333,76515,3699,11348,190,0,9795,5776,0,2008482,0,28645,15264,3846,7676,4576,2384,0,5836,22262,2374723,18047,8769,4854133,100307,13963,37366,2179,33949,24973,32690,59498,15868,6829730,21203,187,3764626,44888,50291,0,58516,31261,43776,21418,22738,76185,2666,10501,1315126,161819,420955,32058,9765,1378816,562,11759,1481802,31507,27060,8234,3964,17216,4802,3,396650,1973,2079,9582,75,2842162,17822,8131,19770,16363,2359597,46196,1847,3516,14533,5567,11859,20355,752,6610,327,0,0,31700,6165421,30298,459,6667,4096,778,46207,1894,407487,2437,1669,3426279,11389,178,1312,5280,73784,9604,33674,3950,1792,38736,1913415,12451,14670,822,42741,9772,1901120,2235,67612,70275,8889,481,0,12266,2930,546,2126,3789,48437,17947,6948,4176,17280,5302949,815,499,23736,1066732,16719,49430,0,5850,17613,2170,7672,50317,1483,13818,609,909693,9468,10938,3840,8146,2986479,123302,27848,7354,4642,126878,77680,72055,61186,65888,2858,1666216,13426,2086,2451,383,43889,14453,37334,10576
2024-12-07 08:25:00,62894,34997,4892556,70298,32762,5249,8230,330,10607,9225,6321069,9853,1319,3539917,0,22684,379,17659,0,27,0,42917,2442,37023,42952,16596,21633,4907752,15979,30835,188483,6079,4810,95806,12106,5372,15113,21699,67665,11568,2637020,38354,28486,37730,28617,21725,58784,28131,23303,4203909,107,18758,2129,17295,13305,150,4487,26434,387,12075,3090824,14004,53222,22503,14398,3816,4381,6130,7430088,5575,18323,6125,19819,1574263,73231,8967,35176,2075,0,68828,5331,4824555,4756,1786,2937,3186,2705,6643,4133,2836594,1540,2732,35881,14122,5997,57887,23718,28653,38877,4650755,112863,15963,22628,2923,0,10526,7073,0,2226557,0,14518,84685,11439,51540,14374,16655,0,773,9124,5723175,9835,2149,4227882,31418,29891,38779,663,42342,33936,25600,55849,35661,5513043,39511,1544,4641443,30022,41195,6,99826,39803,23923,20516,18663,91667,6119,7430,932774,97494,1090061,8010,22117,1238114,1914,6761,1057516,26639,29661,4978,2419,46571,3556,0,27676,21832,7552,14564,2542,3416841,16742,7643,15793,61109,2768172,17272,19,5477,70409,700,15585,2969,1551,5393,5781,0,13897,8995,6107967,40669,0,4729,4141,190,39026,131,12501,0,875,3436902,7168,1,3449,15678,41357,1455,68944,2584,41449,48274,1964162,2590,8070,13629,51221,29076,1526703,2724,13073,29597,13632,548,214,11443,358,1496,727,1674,33931,8247,1294,3289,1189,5232244,4575,49,9707,1160097,21748,33578,48,2319,4626,3301,1116,85932,2518,2407,1520,1316567,1912,3465,1529,3370,3077438,135505,35231,17659,21091,81885,92495,67679,69633,39948,6070,1541996,8903,7426,3873,2479,67719,143650,27509,5251
2024-12-07 08:30:00,36330,31343,4944132,59642,24665,35271,35537,219,17165,21149,5993428,15270,252,3407417,189,25898,1759,30871,767,1376,196,63896,777,31464,123104,49692,35966,4283481,19884,33255,197866,10343,3053,49242,6624,18200,6585,18059,49240,31639,2449480,57914,46251,36086,5226,66280,52497,42070,43216,4057155,21,19376,1668,53371,13864,0,3422,11346,4221,6694,2752023,12892,29246,32957,4451,2199,2564,5381,4902920,1335,21775,6114,66057,1788656,46523,325565,33170,14527,0,66222,7429,4771825,9708,20725,1462,49,5114,10676,27893,2702016,15,2285,28374,14177,9480,33385,11450,28117,24956,3762968,66499,13347,8580,520,0,3784,9801,0,1332099,214,4541,24739,4224,3639,4348,1966,36,342,3334,3758797,13604,3423,4136597,43493,12804,31992,8052,22675,176604,31778,43336,22735,6107201,25390,8907,4542251,39598,51935,1196,99355,91646,47707,76290,21356,70187,4385,6991,1308750,84020,522839,79691,8395,1527123,4096,13998,999989,31984,15410,3395,6658,25732,12586,0,22737,7619,978,29017,2385,3332901,25098,12819,16535,20551,2389789,39673,194,3360,8161,2319,4487,12349,5502,12738,1475,0,0,8169,6095123,23447,228,1709,45,9612,30010,2462,13962,637,1569,3524958,14604,0,2726,4862,33818,15056,15371,5034,23030,11679,1964942,2028,20794,237,51625,16346,1733218,1368,22250,51163,18880,4934,1313,10797,45,4588,1464,799,53196,13193,11451,399,1636,5336041,4288,4018,5390,1141871,11583,38922,475,10764,7752,4191,183,29280,944,104,3562,1274501,1300,11254,86,2923,3123294,305592,32419,76187,23903,73101,62815,56980,59616,62620,5657,2186775,8058,8667,6250,11137,56608,4774,52672,6277
2024-12-07 08:35:00,62132,18665,4426476,62451,69679,28915,47623,164,24192,3668,4815266,14787,308,3100062,452,28510,990,16028,23,520,1826,87451,6312,123099,338174,22426,30171,6141276,17887,41228,185398,29523,18595,41487,4602,31898,28966,11847,35903,40526,1959761,40450,54123,85594,2721,27832,63999,68871,43054,3450821,330,12824,1099,16175,9141,5727,3174,15623,5330,2942,3001945,14049,6863,22772,1008,3871,7298,3263,4563002,651,13365,26215,254089,1607049,59617,347461,11117,54044,1985,139576,48078,4922453,6574,24189,1416,1593,1464,7127,2885,2624114,1374,9890,12003,31619,17436,102016,19155,18187,13206,4262675,313766,14967,18915,9056,0,11971,5316,0,1694654,0,6611,130698,2207,40748,6375,5836,0,1497,6684,4064792,45124,1258,4351027,219702,18637,24649,8620,19376,112314,39069,51586,44637,6862896,36349,6113,3923428,69562,68375,0,54301,28105,49317,18225,14516,63404,4617,17622,1058697,72410,477368,15303,8491,1883095,2751,10594,1323072,67094,18924,0,12774,86804,18517,331,49665,19472,3224,12455,1117,5706263,25151,23059,27941,16336,1011775,35733,46,2116,6683,1988,16331,3716,2150,13312,8156,34,0,16014,6783750,39407,1281,2011,657,12760,30576,1447,16554,0,651,5783480,13320,4,2875,6220,46808,520,23370,25249,644,9783,1799539,3348,21413,555,21796,9502,2011288,581,16411,39493,13247,510,938,4062,117,3343,3134,2624,32109,11062,23335,20551,3395,6016413,5391,3263,6752,1542565,21049,43828,2514,1009,5527,4504,651,41970,628,1998,2369,1055895,4803,7564,41,3384,3499913,249936,97018,102297,36170,221156,216705,31508,72986,67179,3080,1852531,9129,2315,1894,1346,4550,3030,35361,3402
2024-12-07 08:40:00,77304,43592,5652287,54905,53593,26710,23812,59,17371,22082,4811100,13140,335,4693898,878,35589,681,16873,158,5,630,93212,2084,162270,60346,30678,29321,4578329,6900,83117,194460,1193,9320,48224,8119,16396,25090,13514,49473,34646,2384492,40667,43828,148984,18951,23821,66592,103483,29972,4224082,4925,39016,2205,38745,44849,5681,13927,5049,430,2871,3017427,5582,16778,25249,1704,5914,3926,6315,4237698,430,17209,4234,125795,1510457,53362,387231,12470,1263,0,63710,18747,6661200,19319,19692,12917,2439,10447,57937,23448,3696696,5685,8422,29810,28543,22895,44974,9261,11602,16467,4139223,72641,24091,7036,3233,0,4139,1335,0,1857919,1412,943,24566,2861,1561,2328,9271,0,3450,4288,3186800,16843,21389,5675552,308489,13429,69216,1107,23461,400768,17869,62551,16860,7110847,43681,18354,5018907,183314,41191,1485,110446,33332,65616,7231,14619,77920,2123,19896,879978,51501,825468,14225,34620,1812378,13642,30198,1018783,20567,56457,568,7834,31462,41721,4318,7746,5355,6278,13970,171,3550082,10012,5995,24815,12106,1479738,60974,0,2684,5721,889,12050,8101,2306,12257,2067,3,0,16486,6012375,29678,169,707,6600,11033,8068,1242,23497,288,1900,4516753,2318,73,11862,414,54272,1626,25179,24576,1748,22522,1833621,722,27702,1710,30140,3798,2356416,8744,92697,29624,13472,839,16,9894,191,3500,5186,3674,18057,3224,24921,3991,935,5778852,2604,781,361,1941712,12829,33983,19,1426,5943,2618,288,24599,926,715,2321,929148,1043,2464,3072,5356,2784258,163899,47948,40234,20279,137984,107190,61644,84165,29396,8438,2724912,9404,4450,2437,2003,33648,2450,32036,16391
2024-12-07 08:45:00,54655,18487,4604699,71952,34463,38114,36329,33,37629,2883,4996890,11674,2895,3989810,832,48696,12155,22178,1669,2329,8575,76012,3743,48631,55310,14985,24237,4108237,8449,41059,163620,200268,5448,41401,7904,15449,12694,20907,53851,13382,2073589,51653,47022,46720,11869,7966,52561,35560,23065,3440156,49,54995,19807,56004,32750,259,16527,1278,259,4834,2836672,11706,16364,23258,17726,12380,4992,8091,4675861,1276,33990,15049,101996,2865369,41373,79363,3467,2950,43,84374,10094,6307659,11995,34130,8217,395,14294,39036,30198,3734508,2007,7811,14016,8442,6437,35668,14033,14864,10787,4477493,50311,4386,5357,8567,0,310,6337,0,1453078,0,11393,34050,5339,119,7936,1364,0,7675,163,2483868,19269,4125,5531715,283001,36685,566292,6382,759251,104233,17283,48318,53494,6869201,24042,4910,4210327,45376,29905,410,86180,27336,36992,8463,23521,78784,3650,8884,1026057,70395,581160,15479,6305,1669919,11783,21877,3044241,71426,17817,1426,13454,13964,22498,3190,40710,11955,4839,4627,1344,2812937,8596,19172,33310,25058,1709898,52929,337,5084,8897,5435,37632,41857,12143,12499,20,15,0,18107,6273904,20139,44,654,12668,366,29486,675,36303,624,626,3360214,6820,1782,51509,9444,42698,742,33345,13069,357,16619,1758904,444,32865,914,72678,1345,1873114,618,63656,177275,24188,619,87,2663,66,3860,30239,12894,42248,12966,11588,18590,3335,5353515,677,495,5022,1134968,19331,61017,344,1688,8251,1652,2254,36808,83,959,275,1254855,296,1997,14,3349,2610025,144777,85716,46579,23426,64030,112396,44600,38965,24508,3426,2847721,9879,8001,2752,6743,23321,8839,46630,8034
2024-12-07 08:50:00,60756,45243,4114868,54712,87829,22365,45366,19,30678,6250,5392746,5063,659,4232992,2549,33402,1926,8658,3046,7283,4838,67142,8804,25737,39401,62079,46613,4174501,6370,58708,181916,13206,8009,139856,8601,48039,9612,14760,96720,67870,2943412,46210,54962,40087,16363,9466,118585,45091,28602,7393279,8672,72267,24718,37850,15723,1115,14600,3757,4896,3191,2585998,5273,15215,26501,13769,2606,6136,8491,4495080,477,33098,18213,30756,1355519,49467,14187,9707,4127,0,39450,6880,7000162,9367,5898,3255,28167,7063,15006,16228,3761133,4447,7519,18406,6917,6488,49671,20793,22539,15275,3563296,21812,9843,17883,16355,0,34,1303,0,964812,0,9379,31310,5236,324,3729,2253,0,1351,421,2234864,11387,1227,6661547,86319,13581,72192,3135,33002,88734,6532,66397,34609,7925788,29479,2567,8358305,42171,37047,1,99719,38521,37733,11930,47254,117506,5679,16712,1006808,93245,820890,31187,19074,1361730,14091,15933,995678,79668,31144,3816,8843,57878,22901,513,11734,3895,3517,3564,2233,2599531,9678,3617,11675,7927,1052318,65452,182,17372,8638,1888,36113,5834,4596,21100,618,22,0,22525,6197178,26092,615,3617,57369,4513,12516,1934,10461,2385,644,2841814,4532,1440,71114,3653,60510,1668,18909,20190,3363,14643,1615509,1430,11607,6158,58631,2611,2125660,2183,32092,57025,14379,810,51,20431,136,15935,25327,1393,30542,2869,12149,10685,11351,4610074,345,267,56149,1822453,22747,43441,107,4088,16589,7574,320,17867,8,248,782,1135392,302,8646,949,1547,2792628,171325,33659,56372,22693,67793,54139,18490,85517,44674,3995,2632352,5725,2284,2288,1367,6227,1941,23899,8051
2024-12-07 08:55:00,52457,35494,3539568,103377,60367,29038,40426,5778,35820,22884,5359226,14803,1329,4084493,1037,34929,1594,4665,1033,250,329,41493,2312,43042,54012,17896,24889,4776707,7572,20371,273628,30898,8761,64723,12247,32173,11400,33795,27706,21287,2373233,39481,33137,58615,10764,14099,53670,39109,20645,3522485,16296,16929,691,13547,9603,1466,4097,2407,1755,5034,2012886,5032,7963,17138,3730,1773,3466,2849,4296844,247,15552,47235,21260,1199949,15182,6188,8089,1975,1029,23284,62429,7450510,8009,31138,4212,24788,1379,57829,11510,3401946,5358,12712,17265,24234,14351,44526,25832,28101,26212,4388318,38603,5325,16419,7781,0,0,392,0,1235473,0,1567,357513,2094,60,4532,3188,203,4236,1710,2834389,18870,3004,5697716,9429,9589,48286,1105,7682,35304,10857,51436,8735,7243433,34539,758,4210576,36987,35588,5298,85153,21592,32767,9968,39976,48246,535,4071,1307901,80447,243448,48013,14131,1888566,516,21886,1266808,19401,10239,461,1064,57857,4749,123,11005,2124,6661,132741,67,2913308,2155,5310,7310,14631,1266078,61419,0,318,10859,1934,27821,14064,7772,26415,1312,1,0,26434,6678317,26292,702,1776,2394,733,8515,1934,10489,1631,997,3423535,4671,0,8278,4875,80640,2768,15341,32829,1211,12228,2658076,6569,57776,4281,36901,45865,2508220,1592,21676,40970,56560,1694,0,11242,541,7581,3008,2604,41696,9176,6569,2543,63985,4215996,5986,9549,7384,1496692,10423,56118,1,6553,11616,7270,1782,17777,795,1109,3478,1572296,3625,1057,622,6300,3028067,165722,22651,7169,8996,27943,81928,10764,27355,18376,42181,2607971,52363,54661,29444,974,54247,1587,81509,33790
2024-12-07 09:00:00,106574,54088,3934957,53630,102067,43945,40143,18641,30747,2162,6180788,8045,264,4693456,506,38446,3989,12381,929,7854,583,31126,2892,32787,30407,16450,33731,5435776,2466,23825,182468,6963,4843,129826,10996,14082,20902,51965,33146,24072,2257080,30117,54990,30848,20092,12939,30470,35150,19665,3487041,25,58074,444,154787,14420,58,2486,692,340,18675,2249758,4861,32627,34542,5356,5070,3056,7931,5270634,1891,18427,7088,2942,1851675,29334,4596,35092,5731,0,134009,12523,6617055,65541,67766,178704,10375,2410,74486,143350,4118224,6021,5535,11423,20913,16682,42331,34726,13162,19019,3750618,48967,13446,5776,2558,0,0,770,0,1123005,0,3525,300812,9357,6469,3418,990,0,5122,4000,2246950,42597,5329,6039778,29207,91917,72831,5578,57120,28630,19340,46047,15135,6240281,28662,3104,3952612,35446,37799,596,90014,40146,35370,13967,8798,87989,1100,6305,962465,54981,598503,22948,17136,1215496,1179,3280,1063135,27348,16955,7,2241,21888,22328,83,18089,14588,3658,9653,2229,2990039,10833,12486,125080,43869,1423643,70987,15586,14852,8163,52018,27661,19615,15579,38671,325,0,0,14725,6378437,21599,244,1373,11759,3403,8293,1537,5993,823,2925,3607216,7447,0,6956,4783,79543,3101,3022,27827,7050,3420,2188182,8756,35395,12180,36977,11169,3367882,2340,18593,91065,66016,1611,1,11348,0,16976,12394,858,63583,2562,6024,396,59264,4685979,1722,446,12302,1742737,7208,37079,482,1925,10994,4129,815,18051,1361,2645,1462,3233809,1224,4680,860,8109,2477550,78317,26282,33823,18124,30501,39792,23571,45585,13812,3612,2693632,37604,10914,16016,264,13215,3227,239511,20913
2024-12-07 09:05:00,45449,56906,3711001,83247,33045,19472,35656,0,58905,1487,5763327,9258,310,5981024,6,389139,776,11964,320,6768,1556,39364,2269,36693,67779,14067,37162,4489868,9163,40662,141254,12527,2306,250507,20334,9938,4436,63089,36015,33062,2372157,39258,44618,46076,10626,16878,38070,42316,29172,3821077,2751,9221,46,12484,5316,0,1028,2095,6,112266,2306045,5739,16912,4260,322,13399,1515,13427,4253385,2530,20590,22606,5140,1323807,13621,4481,19217,2047,0,55390,12260,7346382,130330,88374,193403,4942,3006,24433,129954,5303505,2433,1768,13538,31618,11019,20881,8239,10712,20323,5506871,36746,10815,2999,3877,0,1416,3010,0,1836167,412,4267,38297,13279,1039,4294,3401,10,17169,2900,2801768,33678,6735,6394035,39024,8757,15228,7704,41307,36879,14670,116713,27994,5677216,21880,4064,4287864,43681,25910,6,73709,17269,38588,11093,4785,74383,7383,7536,898365,103959,693473,24612,2367,1452737,1372,5188,961799,23222,11728,1340,1046,49429,12271,0,44752,7089,529,1192,7,2952314,17777,8624,37232,27671,1354075,31194,15434,39895,3859,1814,16429,11547,1065,31226,64,0,0,13991,6266242,15904,163,1383,11113,1832,8904,1153,16571,1719,1786,3594891,2546,591,3126,18594,87782,393,13044,22554,6288,10878,2401693,9192,15572,4825,32138,4140,3187198,1564,21588,52702,25210,1446,127,19163,49,2927,336,753,56464,7903,12876,152,45552,4828151,2526,423,2261,1758551,12248,34751,71,4200,15652,1643,2048,90110,23,0,0,1539866,40,2123,35,9835,2162799,93097,29055,22799,19426,16321,118345,7586,22675,23212,5661,1871270,7134,9337,4475,1441,37117,1080,26861,10820
2024-12-07 09:10:00,42677,48867,3624942,91210,43975,39404,41177,70,43143,9803,5886006,8598,94,3779928,2192,34783,840,6755,204,175,3879,81502,4886,51806,26580,24840,20222,10766859,6433,45251,172543,16344,17936,98774,25631,22279,52547,110148,24527,87795,2696930,42195,65788,75579,4003,7431,27652,22459,10700,3746081,0,11090,103,21779,8826,206,3837,2775,1548,2544,1933017,2077,7467,12776,1628,7258,5947,6661,4296701,7127,15293,10353,34696,1682417,123601,5033,14146,1497,2491,84506,11522,6577360,19456,45338,7955,13258,3324,25958,34372,3714270,3820,4210,15651,16251,8895,3231656,47046,1874709,2692460,9001413,1237793,30738,2156,2019,3077,645,3205,5801,1752532,107,3340,11559,15800,4252,4378,16968,0,1046,4167,3574480,23743,1322,5392542,126346,89560,32654,3197,29772,103918,26828,174868,25093,6398427,23661,8090,4343101,48471,41821,1050,75959,17064,77427,7172,17894,139126,3574,45230,1241333,309252,357679,19944,21422,1687894,4026,6429,1399141,41314,6278,7,2913,57527,3557,0,30108,3868,2429,18234,139,3968160,6220,8644,24400,29040,2121403,31203,2083,39382,6860,2810,30910,8657,4046,4253,660,0,0,55110,6179251,20065,109,734,10957,6557,7292,7612,31396,2371,73,4552468,1394,0,10728,36350,69217,4916,21639,43937,4442,10281,3601261,5111,30685,524,27481,18413,2427142,3473,12770,28831,20115,410,24,9139,331,8565,4016,4296,19013,1910,13982,2319,9426,4810364,1154,919,4559,1684161,5098,15564,0,3170,25919,3987,987,34504,2,365,0,843497,208,5061,0,5848,2520685,121037,17670,9695,28597,48072,67853,30917,36734,9114,20762,2619153,5293,1788,4768,3728,45131,6805,29651,7282
2024-12-07 09:15:00,49912,52698,5017605,61393,31278,18049,36257,635,24057,854,6519047,7017,368,4559686,0,46524,6868,7067,721,522,5855,53852,2725,27198,127571,11870,48260,5900110,4125,37065,134902,18853,21763,100362,6810,4147,29086,66041,20492,80581,3449510,36472,90998,298940,2388,27844,46861,22454,27909,3525209,0,25124,427,30390,12269,0,2839,758,707,6987,1896861,23820,4948,17624,1257,5656,1192,5652,5372755,12912,90253,7969,34360,1881969,132636,9139,6016,1134,291,48762,11625,5799832,22619,33866,83899,368,2739,19090,37399,3478274,29313,293,15459,72787,7373,19918,21403,12423,18856,5483702,40049,8392,13626,2664,3826,172,10139,5918,1882311,916,5828,25499,22606,566,15051,6200,0,982,145,3264645,15713,1688,6398516,28101,40359,19214,3403,43135,42350,39755,65901,54710,6352732,37014,18178,4072163,261154,34439,7712,74533,17535,94600,7754,14432,57257,5090,4334,1360008,223411,267282,40943,73534,1789379,6304,463,963715,15852,7913,786,3053,17934,6192,252,8873,7466,3185,5146,3492,3411183,6133,21603,5954,11468,1849986,49875,14414,32835,6985,2,64281,8795,272,9114,502,0,0,29962,6244954,38253,995,6646,10205,1685,2595,3138,6476,1458,931,3781758,1976,0,9131,13168,38750,75,17028,18726,4922,8834,3079713,5207,36591,730,27266,2188,2756490,620,27452,36054,25652,4554,356,13943,0,5425,283,0,70088,1846,286778,420,14656,4260335,1421,432,4508,2113483,5570,22055,215,3706,42960,3617,440,25725,20,321,0,867900,22,2792,988,2993,3036853,69007,26419,7194,54075,51780,62756,31633,48713,6164,6718,2045400,16038,2514,2666,3007,27641,1254,26847,22990
2024-12-07 09:20:00,32774,79768,3355837,63149,36808,16726,16640,2379,16953,23856,5866999,8446,441,8103175,181,27341,8558,7017,0,1564,288,47511,22916,40637,24763,45536,21992,5170658,9409,36588,136260,304480,5749,103728,22261,22923,64629,49668,52582,22905,2746609,54966,36076,581804,6149,10165,74273,18855,16472,3760996,14,69558,3019,78822,11712,2672,16082,1699,5643,4585,1978852,31172,6281,13717,11933,9112,1682,3139,4065588,5227,28102,14135,15883,1490329,45759,8227,8985,19458,743,95936,44901,10055616,49194,17326,92275,35,1568,5150,57150,4212254,1677,2025,2463,28675,22830,23403,37190,10574,70624,4173708,56844,15964,5478,1356,0,1069,9465,490,3370526,461,13729,26209,18203,10815,5635,5476,0,6142,6967,3218740,17600,17225,10145817,10407,24744,15309,2378,15523,29668,20256,309927,26174,5423085,21086,3654,4206144,585186,50037,881,59977,36329,29887,5491,12001,42291,1607,3496,1443516,98804,127299,26855,59716,1691122,9433,13349,933124,40907,15449,3936,4930,29251,22634,97,10151,4642,1700,6988,11858,2884813,5896,4687,8312,60362,1546454,51714,4599,3805,13541,4189,8977,4250,3868,15200,358,0,0,26359,6184588,25327,41,1241,297,1075,6905,1470,7633,1934,27,4289911,84,2244,10903,8486,41594,1074,13256,29693,2650,12832,2232400,3738,9613,3154,47281,870,2868846,12953,8114,44221,34385,7522,57,43732,361,4873,2804,49,36929,9969,158203,1965,12643,4320994,1744,3514,920,1512108,9530,20842,2,6181,54408,17630,2502,36313,278,204,765,1277577,548,729,377,4618,2512606,62870,44592,4269,30269,55769,137409,19484,42423,34285,10465,2294950,7511,4148,10033,86,31997,1634,26355,12064
2024-12-07 09:25:00,83828,89499,3694607,70261,72699,49525,32399,1363,33238,18900,6226891,9472,601,4238678,177,44716,6303,13270,215,298,1171,43441,1993,25131,22453,27445,19745,7350348,9366,34349,402349,30886,2672,75904,14077,12371,9113,44796,58736,38727,3134681,65709,30923,426829,1566,4311,46216,48160,23148,4364665,0,42689,15337,88196,16474,880,45697,3220,1319,8229,2281902,563,8855,15574,2713,4474,2434,14229,5611476,377,20534,24745,14485,1671927,44746,10811,31150,12907,9043,85458,13807,6512756,6682,8516,7789,2662,1666,8285,14569,4317733,6690,228,2818,6034,22908,9068,32919,5620,141827,5176842,39977,3863,7747,1373,8,2760,2720,1008,1765199,0,12463,10321,13822,15505,13234,844,0,4607,3592,3200314,10438,4014,7481765,16636,11709,33354,844,26945,33366,12462,92485,30600,5297968,8005,2441,4563522,377072,71571,1852,86505,20047,92906,10502,13968,84845,2129,13256,1403397,71695,199262,11992,26233,4353194,1899,4062,1023936,14742,9392,3413,1061,51885,29849,0,234078,2155,1423,11060,4523,3977066,70874,116630,56436,96308,4125411,203622,21,10485,5167,6472,32155,22112,761,18968,2713,0,0,20936,6227862,29489,1359,12024,1112,567,5481,8668,6840,0,416,5865280,12634,0,8034,28343,39406,883,13752,23561,5290,36938,2156285,3360,18513,569,132863,9498,2533249,2366,51176,160895,63124,450,184,71708,0,2551,511,50756,125526,53335,33947,6341,31839,4602932,1075,202,524,2375012,7871,19306,225,300,30920,12168,2964,73334,3,46,0,1116720,7,4196,0,5917,4566111,112638,11057,2027,29422,24423,74193,9869,20416,25113,9916,1807663,3780,2712,622,306,19086,4303,40328,3077
2024-12-07 09:30:00,54820,20695,4351761,71603,45033,15322,26164,38,23621,11427,5265664,11017,181,4584276,343,29140,6913,36074,311,1284,318,40001,2599,12629,27095,19846,22715,6925701,3005,29661,158731,13898,1703,73926,11936,4340,6988,13005,15576,39802,2971978,36270,40042,40278,7405,8300,61742,32911,11214,3267862,0,26858,9154,20434,12204,2444,10760,3615,195,9005,1581094,255,12611,6510,1953,11600,12722,6705,3918339,3663,19813,22468,10381,1512948,34471,11264,10788,2968,204,85100,2562,7019031,19235,8694,6130,1816,2921,6024,20752,4947410,3517,512,6396,52979,15995,14964,69046,4474,101613,4466833,45800,12039,3711,7104,0,2607,5284,0,1000270,59,5744,23690,18904,453,5133,1616,0,1559,1015,2059949,9511,2476,7785709,30288,26413,71964,2026,10614,76450,65951,141891,85401,5113614,22903,7020,3669176,51929,26566,6968,67455,20159,41798,16811,11283,50411,6955,15286,1403701,24283,305924,28630,8323,5224279,1704,8830,1028512,38498,10790,3324,6959,144319,17354,36,125628,10888,4375,3815,7276,3261262,53271,181397,6956,6680,2606872,56900,122,3778,4652,1682,12284,11811,825,6238,98915,1288,1508,45749,6677642,28904,41,3570,3616,2540,5656,14792,9874,182,1359,4167636,200,637,6530,33109,44709,660,33036,32693,1014,62258,2750488,10255,10128,1614,29672,5631,2096133,443,20285,37915,8224,320,2536,6541,0,2210,1383,1230,118281,22421,3827,1391,12229,4364626,994,63,311,2263400,8484,13176,163,758,30840,20973,1113,55760,4119,1088,4274,1064586,28,1365,0,3138,3409495,96035,11731,1667,26639,31908,63154,97812,44470,12073,856,2466874,72070,91980,76624,420,38479,729,33440,93240
2024-12-07 09:35:00,47183,36049,3037075,73897,45381,13421,15430,771,21365,4719,5462943,22271,26,4703816,0,36485,4171,19793,0,179,256,40446,687,21319,34278,29717,18499,4623494,4157,29850,93533,41688,4098,79083,3725,13204,10108,8780,36267,39330,2691890,28448,78698,28479,8951,73032,112363,30908,16356,3467696,0,40678,1282,40853,33362,1635,7640,1296,4274,14534,2095395,5150,12263,22365,10013,6078,2666,3773,4069399,1932,21406,4831,9985,1222656,14124,1673,13870,2395,186,99523,12812,7621081,33400,13917,16911,1598,755,8214,27026,4178669,4196,143,7668,18139,24992,32670,59295,7133,32245,3881574,87610,17511,3640,8962,0,1134,4242,78,1291914,1,9353,14859,31953,954,6237,4761,0,2928,478,2978861,19895,15721,8498931,19466,46208,57716,3048,25732,60092,24000,143610,31824,5803977,42249,5481,4081452,42391,60747,1422,72647,19516,42521,70698,50710,77692,754,49294,906444,51426,526347,25838,33032,2264216,315,7717,1242195,21982,17493,1125,1861,105079,6548,63,21134,2961,8326,6828,693,3763723,8036,22109,15865,31756,3354309,72133,3392,2240,17569,6379,14333,12978,6790,25644,305,1001,0,20506,6576660,30442,802,9749,11997,2663,5376,1689,26364,98,0,3271358,1246,0,6715,5419,39753,238,4370,68603,4379,10334,2089464,50,38724,8054,23149,5066,1666968,1910,8432,24516,36456,3414,42,2749,0,638,806,2138,72577,13661,26830,6574,43846,5472124,730,1580,5327,2754639,1371,28862,1,2326,6023,16892,1267,15693,3104,0,4305,1737442,95,3620,1882,4494,3064966,107275,23007,11534,27749,35770,141379,23881,21119,22659,20936,2397601,5025,16495,16434,1809,37547,1375,21352,24010
2024-12-07 09:40:00,41202,11368,2993304,101857,34062,8471,2556,77,26046,584,6082657,6020,463,4804293,24,47034,9752,16164,1150,76,6948,66412,3032,27846,46345,62572,13880,7016127,11976,30051,178315,34639,4014,53293,9394,2576,44080,24953,13543,9409,2492846,71500,45989,37822,9929,12773,48929,35257,42277,3038604,214,16343,409,43824,4116,4654,3814,1761,6097,3612,2520284,105,13489,111736,4574,7333,1369,7478,4248777,0,16052,16662,3657,1592226,20599,881,7030,6955,1462,56377,15247,8722941,33976,6907,15070,952,4337,12700,28182,4640583,6029,144,35565,28858,25372,29012,17669,7230,39249,4688104,70220,48672,6811,13247,224,589,4798,411,1251283,0,9663,21013,19993,120,23504,1195,0,870,0,2555220,10911,4865,6946070,96798,22097,35529,4540,35764,32619,57929,103700,50887,4785352,19516,2182,3446322,52149,41650,260,105785,68827,24037,7233,13236,65205,2280,42140,1411064,99649,265539,12094,18710,2101473,3419,33297,1296368,30052,139031,4103,9185,56971,15344,164,18616,2169,2482,7826,1104,4005370,14002,19197,17717,17132,1224850,191652,135,3233,16561,2520,41083,33212,809,24430,2319,746,0,58905,6123105,49029,1854,5469,14530,12075,11406,20696,31530,14845,1601,3891588,156,287,4985,17931,50057,328,20505,380715,10701,19261,2021012,5465,23322,3173,33870,3840,2097928,1425,7612,16767,9534,189,60,4895,118,3450,2057,243,39522,2340,4711,29825,15057,6576287,2846,9777,1453,1920129,7706,23262,2313,111,8278,12238,3497,42438,3604,205,336,1294667,76,12269,364,7021,2592970,104123,21826,13882,19438,49294,117203,34789,56708,12326,1543,2156171,10249,1032,1917,1674,36344,2939,38019,9651
2024-12-07 09:45:00,30047,49774,3878692,56745,57331,10811,29198,12492,18900,28730,7565317,20359,1892,5329222,256,41003,696,20740,1250,1862,6846,257991,3625,23009,65075,14067,56477,6913107,7931,27949,781889,22811,18823,286344,1383,14803,11666,33216,46796,20080,3428941,57949,53329,70614,12340,8969,23976,42053,27659,3770677,2571,12141,15234,28681,13068,1288,11887,6744,12157,1172,2429440,0,6631,36644,368,7038,1874,3909,3800639,0,39162,8695,6599,1386451,24547,3730,5005,645,1596,57773,10955,8409494,18003,11165,7008,12814,5739,27931,34067,5369237,5486,1487,13832,7822,17965,13027,26889,16939,12744,6023058,47894,17790,6621,19093,0,105,6726,206,1200526,0,8479,48350,5875,1507,22784,7925,0,368,480,3217318,12385,6065,7386527,18172,29210,20165,1214,9242,26420,27505,39703,23523,5199393,52962,3892,3932002,61178,39610,28,68363,23711,56759,15516,41739,95365,1828,10114,1284068,102958,354927,68295,8574,1602772,3070,11632,1117349,27704,13884,1091,5538,32626,13027,170,18029,1401,1388,2373,379,3897857,11288,12476,3743,11319,1547940,56931,334,8758,16553,1583,40287,116510,2192,32630,4064,166,0,4882,7017745,37933,1682,738,13310,5289,20293,30,25793,209,470,4434351,2017,50,1682,46253,169578,8074,10302,347969,319,17855,2554223,1210,35443,0,23416,6825,1825723,5667,26349,22167,12616,2747,1113,14557,0,135,339,3147,50617,11167,2914,250,2155,6199144,1835,1526,1742,2049772,14258,24978,299,1141,50517,23523,1412,50381,76,219,1244,1164400,1044,5123,1442,2700,3350524,166007,29520,10510,21736,97899,117210,35523,30076,23862,6002,2171258,2215,6354,6687,4883,13243,3766,23840,9960
2024-12-07 09:50:00,19723,12503,3424345,104628,80736,8305,20880,1124,27027,3200,8236937,5650,14404,5026707,16982,28021,10274,10488,9818,35617,46637,61325,808,18892,45073,18825,19412,8544993,14373,30297,234355,14316,5620,68534,2960,24567,5768,34837,33090,50878,2883975,59488,71743,75940,2066,8969,46771,63144,35991,4205944,0,15246,2649,37800,28331,1470,4042,11690,15386,10097,2192276,1726,22700,37578,399,17941,12068,4219,4801290,4384,8779,28255,2330,1737042,32629,6642,7838,14720,761,94313,23343,7767974,40371,18329,76867,8910,19617,24937,35443,4921648,32491,140,24542,13304,4035,36647,7267,25296,14178,6676947,48196,24070,31564,5934,0,1659,14346,2,1447624,0,2746,38854,506,6559,9007,14715,69,1454,3031,3690059,15772,3226,6850918,29707,14848,33341,1635,30051,29297,21435,39311,36845,5108359,13260,499,4709626,111646,33852,117,82483,35055,44305,5554,7920,52838,717,10304,1313106,147398,349291,3802,30990,1511997,2338,6402,945799,8450,15590,740,632,28466,12803,43,15392,2586,3033,92193,270,4316868,8065,4966,10292,14614,3111129,529329,651,1189,7964,1066,118754,140357,3788,26919,6722,0,0,11799,6238539,23783,4281,2955,14400,38,12915,80,27088,259,331,4453153,2926,71,2137,22774,308656,2321,10313,307923,1790,10861,7195447,4396,18325,5,28868,445,2345944,220,23699,47733,8387,126,0,32137,0,942,1908,183375,27056,6989,9969,521,4542,5531346,352,1532,1493,1627524,11463,33392,2202,2896,14285,34563,3695,39191,2,8,0,999078,0,63,50,249,3474014,107683,31906,8176,27431,45105,51480,23058,22904,18328,17384,2178780,7792,3911,1099,150,38123,1330,37374,13595
2024-12-07 09:55:00,140142,13144,3577378,97550,52374,75735,64940,35,47690,9699,6461995,46178,32986,5603962,15966,73255,23564,65321,12769,47381,10305,27369,4183,18205,14876,27948,21148,13267730,7731,28190,80557,9903,25127,146301,7631,10735,15030,66926,93059,16685,2254187,68598,82610,27224,15456,16792,65832,22467,36564,3779828,946,12766,1502,45375,28240,4725,538,15447,16284,4672,2890596,0,3884,90644,152,7731,3148,1466,4377514,12856,55512,30689,8596,1772839,23451,1789,3804,6048,0,53602,20662,8490445,29778,11057,30689,2136,1560,10350,26708,5077410,6987,10230,20069,11992,14021,41850,6826,29521,19761,12991638,94147,27352,40254,1977,0,3346,24405,0,1473633,0,21313,20022,480,18658,21064,7910,3678,4797,563,4572919,9051,8195,8496116,16623,42475,47483,4399,72584,37530,23626,107752,35333,5342491,35345,4855,4301896,17104,29215,170,85247,22714,28284,23764,12484,36168,5372,6353,1615494,92135,68391,8003,11373,2088112,2665,6330,1031207,20335,6705,1625,3624,33336,14720,0,12657,12632,10910,9085,395,5583132,4998,10383,9518,6183,1530767,373419,1650,22133,8035,554,223953,23433,2366,18437,10966,0,0,8647,6226950,19147,7565,5995,16947,1787,62083,262,5615,1024,336672,4461894,83854,0,1,1601,389540,5687,15006,266935,4171,15600,10505376,3061,144638,265,44303,2073,2687082,5832,14720,60068,23416,387,6319,20832,0,6958,5243,48,37806,4375,29265,11818,161,4908337,1061,4163,29444,1694686,4735,23301,0,3021,12945,6637,361,43068,0,0,0,1122842,4649,371,0,3015,4440438,71950,37811,2969,32271,34258,39363,22644,41401,14516,10882,2239963,6997,23133,2359,568,16904,1574,12526,8969
2024-12-07 10:00:00,138608,117361,3626524,79409,39698,84900,70081,178,79293,5639,7439053,11464,38036,4833485,9382,13751,12053,23010,19255,17977,15325,21924,3157,27972,19768,7127,16672,16901645,4218,15756,85467,30917,21445,66824,9773,17328,23985,27812,39649,27750,3677019,41080,30738,32056,23803,9697,36987,31334,15033,5542256,683,38392,25198,30634,53477,813,6104,767,1688,2318,2614707,2483,7410,527221,580,39454,52087,626,5185638,7655,74468,28106,24875,2755824,57500,10191,45511,297,29,62782,19471,7824021,21370,31133,4639,603,1536,33152,49950,5015924,7770,2833,3625,28278,25218,47703,5135,14253,106832,15472572,70784,12064,15634,18749,0,3992,10856,19,1870604,0,21030,41949,11865,3393,26446,6549,13,6471,1,4358045,5236,7934,8276892,21847,29553,32029,1709,25438,24944,13903,116466,10401,5847640,22490,2998,6568450,89108,28685,142,38826,14122,24756,7336,7356,55127,1422,8910,1467663,78812,258812,17991,78306,1575198,1563,11409,1340386,19360,19631,723,21050,29346,20797,479,20835,10973,5717,9065,4434,6086277,12730,56262,50536,36482,1808928,187696,873,12821,9271,402,27273,9646,570,17731,7353,7,0,11217,6574156,9145,9791,1515,34785,700,11008,1868,7951,0,2976,4786131,43231,0,0,16548,332270,8287,20635,80019,1210,8634,13443404,1383,23253,1620,23170,5194,2155540,121,29116,45055,13708,47,5,4781,198,749,50,16,62144,5148,14457,1229,519,5204412,9540,14242,19010,2288016,6439,20849,34,4352,13403,109363,2410,44493,500,209,870,1083878,4388,1637,0,9352,6066183,326157,25725,5058,17536,47278,108591,13230,28070,34812,4361,2263695,19225,4432,388,43,21681,2313,39636,13161
2024-12-07 10:05:00,42423,80677,4097512,69724,120077,15400,10890,316,26935,66120,7513860,17337,21224,5239702,6699,21900,6303,20722,2545,6469,7551,22171,1254,58406,60266,13266,14038,16516154,18719,14335,174597,14589,51680,48260,5133,9642,32563,38021,28407,27890,4145829,37976,109416,131544,73690,5759,73329,55672,27000,3775079,3455,20120,338,50820,23131,1,3217,1217,1583,1349,2715016,0,45711,49300,33545,22227,16786,14080,4670477,0,39920,22475,7668,2755308,15188,2416,3579,482,0,60276,20051,8599837,20399,44876,6842,843,4590,31404,25551,4302145,3141,7494,53998,23381,40447,98560,30832,32552,58221,16332708,123973,51590,13123,10711,0,2429,6920,0,1707855,3006,4485,45971,867,7252,35683,1206,388,16544,3973,4215101,8923,4880,6884885,21648,37300,45357,3106,31958,61948,34493,72514,39415,5807035,75264,11178,4589635,31512,49740,3335,96549,11399,116933,3953,12876,36535,2818,10478,1345049,99167,300038,16631,16949,2052067,2375,15393,1508604,13995,11501,1722,10114,15345,48100,25,19090,5029,3717,3534,741,4935479,9011,7895,30280,8690,1628257,103230,405,13886,7433,1158,36076,13311,110,43085,36721,0,0,30175,6704318,57063,9561,2140,27151,968,16663,119,4555,13232,308,4584581,3766,6164,2402,39355,330280,5476,6837,49891,5491,19566,15077427,9122,16839,624,29060,19321,3032492,11489,26023,35213,14868,1252,52,15716,0,3162,111,321,12432,7720,19936,177,23053,5266877,4260,5340,4745,1841189,5065,19635,187,6190,23723,31426,1018,21264,586,1436,203,1373235,526,8339,76,7837,3647101,295667,35787,3074,15837,111150,99351,51253,97229,23757,856,2172409,1663,10430,6113,4086,13581,8326,40047,5521
2024-12-07 10:10:00,130564,26219,4562776,112429,24182,58874,3316,1370,26789,10140,8034853,26746,55775,5281216,1148,35245,16506,21184,6372,830,4683,58951,1481,44230,58730,17911,18156,18871881,5148,38903,153681,194383,10311,41369,13055,7343,17043,25253,20063,18331,3860321,69453,142232,72669,28370,10291,38572,40169,30690,3933232,768,20695,2347,49836,4944,9,2078,23,261,19015,2513118,31,15275,11813,958,8052,3311,3752,5534641,0,20852,16725,9815,2384499,38869,2136,5973,1469,3535,71555,12529,10054257,12231,8433,8996,3108,1980,24128,14194,5379885,9248,123302,41553,22842,37798,60082,79440,84854,293313,15631369,119101,51189,21755,5428,0,901,13892,9,1611294,247,14148,90519,6448,16926,23320,4532,14,9706,511,4280513,21275,6574,7872984,20057,13234,18062,1569,78159,24897,16188,66938,13362,7237789,34814,17834,5169164,31672,98869,4902,61627,13530,106696,8676,12389,19918,538,6717,1417144,89068,181257,13699,16674,1349613,1821,13584,1211115,45906,19575,1462,1854,36372,7973,1309,20572,14488,29496,20226,24311,5778110,7708,8924,33332,110774,1300393,79265,1122,13319,11174,2860,31028,12476,1907,12529,5034,0,0,17286,7141225,9468,41831,2827,21051,906,15827,1210,8201,45,84500,6577362,13318,0,176,81,37031,5954,12062,59123,4251,28823,12850249,6222,26661,743,28358,5857,3040123,5479,8667,41581,18084,4080,1463,10172,13447,4301,1033,39,11656,10427,3230,13381,33785,5674123,1060,2888,3742,1780854,10027,13228,2561,5453,20232,10053,314,30809,837,1410,261,953740,20846,124,338,12869,3503606,162159,33843,5479,12112,41279,64026,17616,44251,23229,8923,2535449,5114,1517,3357,2013,15191,4941,19119,4343
2024-12-07 10:15:00,39346,32715,3716538,68357,35423,20853,17848,1999,19616,14970,9049069,24174,24695,5515130,25264,42568,1583,38025,33737,5546,13288,23173,1117,26288,236430,19704,27666,16711389,5694,24281,146899,104707,17164,118187,4010,22616,8344,32069,40565,34268,3619176,29266,42648,34918,10052,7534,67575,15881,10367,6105432,622,13674,269,34020,8043,0,15106,3514,229,4580,2820732,1741,8463,32247,1679,5305,753,6188,6949561,0,15476,27203,262735,3393324,168323,29459,6266,9020,336,87114,18749,10483441,20527,23012,6536,1658,642,84767,23100,6133128,6012,3673,13307,9534,10883,53679,13360,33611,31307,16507487,89478,10594,41839,325,1685,5268,15661,0,1681475,0,16178,58954,5813,2783,6424,2267,0,3946,6541,4030369,31747,6184,8367140,31899,183201,121588,2538,17156,54211,22811,164284,204686,7563476,65230,14897,5233182,16912,15248,3513,86306,8878,32994,7950,15665,86420,270,6712,1424263,58184,249639,7502,13252,1834529,13615,4565,904038,52260,6193,390,2127,23612,18944,24517,26972,16354,8698,23124,3483,4144202,3053,9368,16099,19854,1725474,112317,0,41542,2307,2073,33234,14909,1269,31598,2301,0,0,14425,6978645,13548,40738,6840,11187,4409,14308,5384,11705,1136,1355,4445837,2551,0,0,5663,187794,5321,17970,49895,10725,17000,12981856,14275,21070,2677,27655,22043,4083038,3098,11733,95579,36908,2078,5,5202,10273,11357,3341,1222,118960,6511,3872,17648,46578,4839843,1500,1663,27511,1645233,46796,83635,267,5543,11308,6103,1404,38218,54,137,186,1182640,261,314,73,4289,4459837,138315,134231,13893,15138,116592,202954,23458,223766,60838,9316,5928852,13663,5784,2930,1484,23005,3410,81932,5255
2024-12-07 10:20:00,48166,41825,2904417,107278,67506,42623,22200,0,34385,68852,8810548,26542,24430,4861563,2010,16774,38716,39794,0,187,2032,102653,50737,37081,11936,79337,21293,13849902,2834,181070,129032,531032,40947,103099,4779,861,13422,30438,72121,15134,3011595,114906,32017,48407,7832,2223,51868,48479,7108,3701896,0,9871,20543,30245,19519,46,3261,790,4,1037,2541898,98,28411,16047,1782,12055,1478,14103,5260169,0,18440,31802,13995,2379985,22632,4486,10879,5436,447,46466,18998,8229215,18564,1949,16687,1795,3056,9320,17409,4373100,7923,1589,19311,8333,1603,36315,2324,30376,27795,12830589,48045,13320,55681,3247,0,1772,77348,0,1301824,5195,36817,50174,13741,16731,6428,20918,6,295,4923,3480035,23515,2017,7902981,23860,11743,26058,8931,14680,35942,18262,57750,27439,8438106,30288,14670,5174981,29552,28364,0,162599,9872,52354,1543,5175,258962,1275,47055,1009085,72858,770087,8538,40091,1883962,8357,2753,2713940,99442,16623,35683,7024,39984,8502,0,17375,3220,12522,19052,443,4176590,3079,6941,8715,7832,1654241,90902,2880,27319,15668,239,34770,29414,1319,20250,592,0,0,36746,7079442,32664,4582,6643,12483,8632,6259,28590,9508,4237,1347,4078956,4097,1,1252,35470,50732,4931,9585,18654,5157,21672,10647826,778,14594,115,21212,23584,2639893,2344,11389,34046,43858,1564,2231,16473,0,5432,677,19,32266,1266,4084,537,27710,4842750,2942,9061,1307,2255728,9390,36436,1908,8089,21384,9538,659,31789,0,1021,87,1432015,0,9656,305,5053,3299755,137190,21517,11303,16536,22937,73104,49889,53697,18041,10228,3219592,8431,4096,1428,1687,37054,12960,63542,4475
2024-12-07 10:25:00,111842,59147,3417919,52733,43414,6794,10500,1179,71100,40808,6943617,46755,14382,4549688,0,18989,2131,28195,3115,422,3472,19118,822,8972,16676,6821,23586,20235992,4301,16793,106967,30137,10997,357453,10870,8308,13321,32834,209031,34168,2863930,50675,26344,45625,8497,5967,66914,55640,6876,3858611,141,48422,7485,22234,31882,0,11243,11902,179,1042,3671713,30,14948,22055,254,2977,2980,11423,5169501,24,58954,38593,14375,2440430,30666,4703,15475,4801,1824,64081,21035,6847683,9852,8571,5622,215,7470,18446,17884,4043765,11582,3730,699,11587,5431,24487,2133,3640,36387,18097189,43228,6041,12989,1287,0,163,10503,160,1184374,1144,21966,76688,11940,24345,6624,63396,3,1582,41,3762614,15007,2274,7429193,85975,41133,58387,1827,23051,33940,33840,46087,9901,7295643,42690,12780,5069873,41982,30467,1163,83274,15220,51173,9824,3646,91177,1533,13367,1031718,79886,571224,17190,26028,1567434,2947,12899,4327567,17726,7245,709,5477,30548,13449,18,4281,1432,268,8382,218,4664532,4597,4890,7668,30863,2158243,101410,369,8266,17977,9878,36487,14409,325,22711,984,0,0,30598,6643099,23778,172,2111,16566,427,85574,7038,3195,8873,547,6413490,1709,309,7733,19789,16340,5678,4652,15882,1918,6781,16557998,1860,13056,0,28703,16579,2882544,1109,10247,19584,16629,1596,464,6875,1,6419,9161,1434,36884,10716,6049,2476,12569,4979641,2306,82,695,2679708,9694,24493,68,9170,12029,11219,3411,35208,353,758,347,1536162,10431,18699,229,23121,3120788,96064,31613,4003,11559,39127,218314,23296,29737,71090,41252,3894245,21389,56373,37257,2154,49879,1488,34208,9373
2024-12-07 10:30:00,29724,24270,3321146,49577,32797,18472,19444,0,19322,64238,7602329,125685,14209,4884120,0,6007,1293,83615,1,1,1812,16777,4977,11427,28691,19475,25757,16118603,5632,22029,208496,15411,32212,77939,12249,2703,15229,90316,14273,24074,3409241,80683,27290,29529,11194,26205,41965,37766,36769,3420457,912,18500,2946,84799,45798,3,6200,798,1519,2769,3399406,115,13173,15973,3477,7498,3090,13888,4998491,69,31476,17175,98025,2221455,50593,19236,35434,1264,0,69050,21290,7995939,12524,18891,10799,1327,1229,9765,9755,4257319,9018,881,6929,13787,4506,26018,8189,38677,33323,14286226,34542,9060,19143,3554,0,4729,9884,68,1398517,88,6015,43734,14229,4267,8377,7533,0,11082,4224,3653916,15567,5091,7016292,14430,21209,13062,9089,11452,132636,12141,47717,13605,8659952,30856,16878,4380992,31808,42335,7050,87390,45144,34946,21689,6772,93366,3490,10917,1092635,57545,664890,11465,31261,1941900,3547,7427,1686714,9492,37004,603,27271,40856,28282,1853,10740,1035,4808,748,158,5034930,3930,8113,10297,19307,2440057,117409,1319,21811,9388,3508,47320,16007,8025,82906,1767,0,0,8850,6639603,4925,290,2586,13268,7026,2741,2809,4333,5516,982,6560845,210,75623,1250,7645,59971,3841,13329,10908,8071,38956,11950767,425,65346,321,37063,990,3100738,5040,19256,47007,10076,10093,88,11755,99,6478,1426,3561,45153,6972,4101,1156,26955,5292918,2870,9176,2657,2836628,6661,16795,5119,3246,12093,11423,231,50272,1307,59,3117,1168697,20246,12127,12,17251,2792254,90750,47450,2362,13783,22511,52811,14578,32113,44062,18608,2012448,36907,23200,7327,771,82095,2037,38048,10449
2024-12-07 10:35:00,18504,23384,6256409,94542,193667,20512,12694,632,15860,7681,7375430,68130,28431,4811881,3,5303,12081,37608,835,2359,1470,21960,21340,9931,26832,11063,23583,15179440,1784,30518,133018,3819,7354,110747,48677,7773,4043,28944,43973,24540,3138548,39205,21877,20869,7839,6379,43053,19537,24025,3564305,4,26634,1941,18078,26475,985,3424,1470,3687,6555,2473134,0,8037,12559,1541,5829,18981,5995,5116738,14,14979,7771,4193,2138190,8511,3476,7540,2499,0,25547,8483,8169809,20620,7137,7102,301,3792,15406,15817,4795328,322,605,21281,23121,16207,28823,12863,16600,75401,14485279,205342,8421,7033,595,0,500,7734,3,1341794,0,2518,25503,15585,27761,11273,20535,745,41875,7374,4010535,22614,48382,7048954,45159,23072,22013,2911,13026,39621,36323,62591,40853,7401629,14057,29900,4448945,18390,8223,13124,96141,19184,19384,25020,10115,121070,1827,6770,964463,70878,675387,20599,31294,1981843,375,2698,3711396,20584,33260,716,2056,24065,24393,824,14934,54082,1388,10020,3301,5910497,2606,14757,13641,17343,2871292,163759,9,9509,14637,608,51024,20396,14882,35648,928,0,0,28226,6216210,28083,901,5347,39434,9237,9120,4667,13204,303,846,5472518,641,1557,1082,2954,68325,4044,55601,10283,816,50728,11761251,33,32300,2846,29126,7195,5539370,3278,15250,37949,12310,466,40,7600,39,2551,3677,1127,28898,372,191391,826,8926,4640973,3274,1154,1992,2389638,7526,27901,22,2795,37846,6047,1,62279,0,0,128,1489288,4700,15772,0,2193,2959229,108126,54740,1946,18251,38399,121587,21972,66876,98355,12800,2292728,18368,428,10136,3033,33048,11256,26654,58701
2024-12-07 10:40:00,56063,32991,3009022,69598,189574,15195,14370,59,14180,96527,7264530,188523,1397,6008721,114,8941,2189,26811,577,199,5345,12699,4258,10631,16290,43278,15037,18726776,4582,13673,91563,32849,5832,166765,70359,6143,6095,7677,49581,37446,4586813,26082,16878,36339,10899,13864,69473,22151,13703,3897252,5278,34633,1399,20451,19947,32,6524,5216,684,11366,2776637,25,9939,21138,897,11103,2448,8841,5828125,9025,20514,3931,7464,2794794,12265,6032,7927,1145,0,41365,5234,8669736,10130,15283,2940,467,13308,26604,13285,5268727,541,2189,1466,8473,8189,31062,25832,14635,20045,17577259,36396,18844,5624,0,0,293,3118,0,1097603,113,2112,60936,4529,12887,45473,1025,1916,14903,2524,5117583,14767,5576,9399441,112801,24663,73394,14850,14490,84938,51324,42906,37489,7168175,38701,18298,4963829,22337,18032,10828,66541,12903,39272,17795,46814,56770,87,7377,898706,46570,605861,8016,24068,5596944,1610,3961,3281199,109303,49225,3253,2646,64820,8456,660,8573,5421,7189,4717,231,6204921,4498,8467,18216,25865,2429015,46758,6617,18133,14344,282,22303,26951,6978,100851,449,0,146,270290,6453762,13553,373,5474,17038,2252,3020,4446,3625,1892,328,4967202,1334,0,6054,29360,60844,2935,4609,19578,9486,25696,15086780,1036,35279,521,69216,2920,5886967,3226,30218,109426,42825,111,0,29223,0,2824,377,3360,23540,5534,47619,3,23269,4982058,7837,14269,30535,4274079,36207,60914,367,11770,12753,14783,262,67536,124,1020,0,3301885,2429,20574,103,5340,3177714,170729,30451,7489,24229,23761,109402,11227,30771,17288,9235,2726538,28282,42215,5710,2327,17835,8498,59067,24081
2024-12-07 10:45:00,82864,66606,4167080,79163,131832,30845,17524,661,42651,27250,7046491,184214,4881,6715667,485,12001,4409,31331,1753,1697,2736,18529,9691,23649,14637,22258,20050,15349901,1832,25825,62400,35311,11379,144481,24570,6608,56446,135611,30681,207648,4354158,20056,33448,23968,11548,6728,62365,25515,15112,3921712,9970,18848,3895,21176,19552,24,4679,3330,1003,1676,2486358,4,14909,16660,845,17128,5184,10827,5993267,2187,9467,5047,18553,2676206,14016,2850,21935,6876,0,77306,13768,7522050,14790,12884,12451,86,40455,89058,10680,6120317,786,1740,3514,13553,4837,25316,15486,5653,6308,13482068,28063,17179,6954,109,0,429,1203,515,1659174,0,682,20739,7054,1144,24834,3240,1667,7318,4522,3174523,14131,4851,9635394,20920,8756,27166,77,23283,25233,67052,48368,36267,8211472,57321,28590,4640955,16922,15622,526,65541,21105,48877,9680,18218,74056,2232,13140,1278102,33836,230745,14876,120634,6250594,983,23380,2529672,37966,29804,4893,7955,50134,28024,0,26073,7378,3065,10425,2403,5073970,39494,14738,33231,53806,1721059,36585,4036,10364,27314,20006,14601,23136,12994,71472,1826,0,0,24354,6865136,9080,1060,3342,6992,1867,22657,5734,13615,663,4756,5667578,6994,0,8291,7508,33829,2719,6664,21789,26985,16259,12235019,2366,31751,2996,30943,3412,2671814,5012,11850,59497,17443,1402,63,17501,101,1156,78,2102,16687,11327,16478,29,3976,4820126,99,1245,4222,2700833,10423,43206,143,2065,6343,895,22,61563,1,218,111,1389964,1647,59020,40,2527,2839881,184850,17770,4869,42652,21105,64681,26820,27595,60564,2710,3550793,51852,3910,584,8,93776,6990,28187,41139
2024-12-07 10:50:00,81094,55076,4192683,98160,91106,12837,16829,816,41747,9112,8560759,55193,8642,7145547,0,23579,2655,27085,0,0,66,16847,4091,13717,24183,26919,23122,16710453,1634,12653,95748,23692,41877,93230,8105,3979,30728,35784,27181,72075,3225537,51676,158149,31178,3574,133,46925,7314,5307,7217053,3574,16937,1915,14509,9195,0,3367,7846,1182,2834,3214364,0,9720,28678,2430,33426,1109,8811,5146826,0,9880,13625,31548,3539732,21003,16812,22012,18966,0,341084,26450,8058323,4288,11365,264,16963,5885,57278,16279,6506368,926,3425,22790,12548,10325,23190,1414,26420,13113,15361842,51074,6805,18646,1789,0,2086,3267,2256,1232078,0,4264,36201,7067,3140,15376,1927,2,45370,271,4800581,48706,33036,10063408,23156,21901,29425,833,25735,104511,18720,63495,34722,7432493,46021,3422,7132305,18846,51824,1945,546284,6627,147415,368,21928,71874,8630,20366,1156036,24879,403018,19943,31478,1851516,4354,37500,2364473,32536,31351,2857,21100,42550,18541,14,44838,54132,47638,17158,12099,5797825,22933,25899,37521,28255,1831985,107231,82,35663,19955,1615,24606,14463,23172,16878,3771,23,0,12229,6525840,18636,991,14897,11140,4205,9449,9717,19240,4346,352,6283488,656,2467,8200,4131,75910,2746,37350,18154,4307,25370,13326443,1108,23351,4332,119360,2386,3814911,7328,249123,70696,49767,440,464,135261,0,5342,1248,5190,23706,9091,5610,3353,20855,4424691,10939,17611,8622,2459238,11511,33792,1325,178069,39082,16372,1597,42306,1,205,17,1577569,38,6942,56,1925,2983111,148667,22949,6514,22595,63523,60227,27598,16203,35765,45083,3205921,67620,2750,15528,1267,138793,12174,30324,41258
2024-12-07 10:55:00,21571,20389,5181846,67365,12823,13192,21935,28,21920,8572,8172166,44577,1648,6444144,93,15303,2296,30211,269,4408,0,52985,1504,20997,21056,25087,15114,9275524,9272,53876,140925,57214,16809,82028,32005,4450,34009,117723,9311,63901,3030482,12385,43661,25071,12993,5257,72694,16051,21227,4565817,1514,41976,6609,27481,15766,100,4467,1954,87,3706,5194595,0,16307,6506,7570,34572,1528,12144,5950095,0,5445,21443,5329,2347652,18890,5176,53810,5588,0,68698,13401,8817151,11285,7683,9805,2928,6897,19622,10257,6021727,5347,8584,27107,5111,5684,13079,4394,34855,11427,9453791,33171,39640,35595,4,0,1074,348,9749,1600215,0,296,52972,5995,5416,15397,12503,1253,53641,0,9263984,508064,41764,7852611,19703,14129,11453,2713,13580,16157,10250,27066,15664,7575723,43726,5483,5204780,17232,34472,405,83913,1465,19761,21575,24295,50991,2779,10125,1051387,502217,304802,13787,25525,4293425,6035,51718,1233670,27225,81984,2244,19037,124208,21778,0,9702,2106,3012,18689,946,10596975,40131,7593,15200,24091,2312213,138999,1811,20015,60002,1485,33427,68867,2497,7357,13,0,0,117009,6464124,30380,355,50888,2835,2931,21369,9479,10769,484,952,5684619,1448,0,4353,14754,52171,4224,29645,25038,8301,14147,7165042,4159,31765,4308,43727,4783,7474111,1465,79259,39482,15062,691,3,145637,0,10396,443,8949,14826,3310,3764,192,10109,4237288,4547,2772,13739,2603097,10932,33363,4657,19859,34255,5153,3957,96950,648,15487,3108,2192696,921,1020,1502,5960,3865925,153217,20064,6658,33864,247825,149330,33118,48858,40970,1719,2032000,25484,7705,2577,1210,6797,1829,99823,25796
2024-12-07 11:00:00,28864,25055,3824940,91118,15730,26922,17239,275,29721,19832,6545877,26068,962,5428559,190,6136,25,43491,640,325,454,28009,703,13551,25203,16059,18267,7889108,9061,17394,93315,11800,15942,99123,32983,2557,67043,276832,9814,28482,3038677,28009,73155,42453,41337,2996,62554,19483,14343,4190823,1757,33427,1881,20523,14446,3729,3532,826,3447,5826,3474921,0,8670,21080,2,2369,462,5345,4054907,8,26098,16235,11834,2729635,38393,3442,5934,1609,67,36719,9474,8177444,11617,5925,15057,225,3568,31237,4818,4376617,5018,2529,8567,12967,13174,43322,13000,19392,14716,6245536,106749,17891,72599,971,0,618,1062,11897,1833579,176,1866,100396,28704,3647,8168,5930,9768,12412,2966,3883105,143765,19978,5804722,37421,13577,60332,133,35232,28640,18412,46238,24752,7719249,29086,7739,5054490,29268,48363,0,110260,17150,50361,31522,18199,52521,642,5393,998227,62050,655018,17919,13657,3701053,3757,23310,1338482,13957,16023,4617,4406,119362,35764,0,18456,14006,2570,11537,1745,7449212,7658,8813,9787,17873,3134038,195360,1264,22941,12996,9755,181718,111167,2208,11955,1402,0,0,24934,6427943,27715,1957,46385,16683,10641,16813,8491,5661,22,270,7515314,5400,58,2337,20342,51986,833,20338,13565,28640,25920,3600862,2229,14720,2893,41113,5927,3925163,227,4941,23260,18372,1038,53,3628,5,3896,2207,1,22545,4624,1413,74,32291,4209442,9696,1400,8712,2319246,5512,25787,810,5426,18306,2239,252,65958,0,340,414,1813853,3282,9638,0,5789,2251590,125436,55849,51550,27354,18163,52811,95705,20186,35067,13175,2006550,6035,4527,2494,964,13869,6276,28015,4852
2024-12-07 11:05:00,17120,36708,3921460,71204,46693,64898,14752,0,10481,7406,7236947,58378,7242,5320061,2139,36249,14198,26103,7028,281,0,23411,5338,108041,93400,42373,23270,7750859,46669,19703,68499,69662,102225,106228,186586,21315,105566,172105,59001,48574,3635316,48569,38682,43464,42710,28785,60383,41358,22046,4256687,2229,14598,852,34519,7657,2292,2559,1956,4979,4877,3852957,40,33061,23444,723,151641,77023,48129,4868615,0,9206,10063,69874,2122917,180982,8177,11272,7982,82,54989,10853,8488413,16704,11836,1957,1085,5190,10284,9713,4650246,3645,11728,119816,6624,18941,56825,3421,73532,51706,4995466,78849,6273,17575,0,0,1172,333,152,1377093,0,5295,63884,5807,4402,16936,5910,0,9475,0,4723344,58430,10849,6849618,48172,12670,27793,2852,19587,96306,12389,26633,15623,7354157,53385,2768,5436771,26990,21188,397,106260,20491,41787,35789,7656,93898,5261,15407,1403904,56787,368352,21112,11836,2885653,3189,73512,1245192,25967,115136,450,48933,378313,53372,7345,25204,14466,2130,8517,1796,6730845,10767,18756,40157,15856,2255165,382098,5,30679,25888,1636,664662,101603,12362,18337,895,0,884,51129,6522695,21528,40,24442,15474,3202,6531,800,6530,9664,126,6303493,427,0,805,3481,80323,8234,17018,12146,7111,49147,1939668,4064,35771,3304,20135,1764,3685456,27732,7058,46713,18351,1791,14,9872,29,18239,1626,39,29259,2605,6463,55478,13689,5139904,9624,41,8015,2682900,14415,51650,4241,4334,14178,1080,186,52604,6593,629,1377,1694440,826,8894,2988,2891,2855686,108973,95093,1757,14835,21440,106556,340231,61362,56365,19945,2335950,8105,4098,22910,2709,31398,5147,22785,3652
2024-12-07 11:10:00,29178,13368,4322610,79364,25301,21745,4184,0,22603,792,7799678,168453,44129,5050910,14915,7292,2849,38423,0,2186,727,51273,2399,103015,21797,12122,16554,6338412,12842,17495,95670,75641,163337,80194,97516,154363,98555,419578,136204,26739,3610570,103064,29630,23584,33837,32746,50329,14538,64539,3369181,1363,43867,1327,35285,26575,3452,21283,14945,4215,14441,4969880,0,16973,94284,713,5869,6535,11174,5084908,0,6244,20104,22652,2298717,51065,8516,12987,6898,0,124138,14245,8669740,9368,9074,4221,0,248,11518,9485,4810238,2367,1157,13868,232836,27928,34319,16080,16006,77458,4581764,68768,53678,6387,0,0,801,25,35,1495019,0,10232,43440,2512,32935,17858,3903,1696,1460,702,3229264,34936,4874,6849726,85475,15603,6145,3565,17921,31353,12586,36418,7113,7814868,18189,2961,3796173,38258,35150,32,108143,40926,77622,42434,11368,109045,3147,1561,739586,42641,794262,11277,9975,3158581,8177,49203,1276534,36377,107168,23633,103062,112772,56514,1848,30708,6771,2476,11849,827,5104908,18964,26260,45554,17335,1803620,543741,280,18453,47418,3569,435691,72203,2282,7915,882,0,2587,7362,6741231,7463,724,22068,5257,1148,3073,9931,23569,4139,0,4841027,3161,233,3684,13005,103578,8439,29726,14961,34011,37667,2012599,27574,51683,7632,24137,1724,2386494,1879,12645,39303,33772,2236,165,15659,2373,13135,2689,642,21568,2292,15400,11782,7232,5490364,1482,7305,1502,3901270,18604,47483,346,3839,7636,13778,1975,164469,20,1485,56,1671809,33,225,0,7279,3362315,251004,22516,7180,27071,81268,147931,182386,58228,16100,8692,2569172,5111,4553,6213,3468,25300,5560,46164,1137
2024-12-07 11:15:00,25107,32655,4761880,50307,56830,10345,18436,412,16771,4291,6928303,69065,11430,6049330,138,12959,1051,23513,820,234,11440,31718,14205,10404,16287,83623,14546,7498939,9715,26454,103438,143630,44366,92933,18063,104166,55010,327677,209834,43327,3412967,53624,36670,39839,37327,17485,105585,30299,8766,3190819,6395,13110,3144,25444,23376,1,2542,629,545,854,5103442,0,5005,7533,1200,12067,5428,7954,4364321,0,8651,21054,18406,2003293,42013,5365,12984,1275,0,88164,17375,9579193,18022,20348,2823,172,3744,32019,22619,5821398,2703,4072,14394,11732,6802,25784,27873,8570,51302,5553010,74939,20635,1611,2398,0,11860,12257,48,1436584,162,8443,28262,3090,1636,6066,7556,869,8704,1709,3242005,39142,5926,8843728,173192,17215,26959,6554,6711,101193,13977,49658,20272,8073376,55733,11644,3671966,50570,29667,653,108999,40215,23092,12400,21525,114116,1751,4559,1372540,193732,286206,74242,42455,2712142,2579,16749,1803269,44048,29106,29802,12257,58374,29646,0,24384,5884,3103,7016,2384,3319941,24183,8953,3951,34279,2055942,359621,0,14062,213308,8760,231718,236515,10197,10610,2913,0,1152,7610,6309739,9265,37,19253,6901,274,2891,6767,12708,1234,0,4374554,1729,233,5822,3816,107579,24528,18120,8406,12623,45965,2932165,1170,16825,158,43231,560,2363644,813,18987,47677,39917,286,13,21467,5867,21101,500,26,27016,2337,14949,8247,999,5863991,109624,23539,15062,4043896,48863,60168,65,1127,6565,9951,5635,82705,1232,9401,458,1827718,195,184,3657,8814,3333716,105429,12811,2418,31562,31777,112845,23806,53788,5824,8886,2975055,7739,20309,22133,17396,27894,32021,42113,14018
2024-12-07 11:20:00,49389,64436,3256211,122902,75727,37149,32038,92,25386,5117,7838277,44458,281,6161495,0,8759,1898,27505,0,263,6928,27707,14083,13958,27582,35594,25598,7684372,2726,14443,86190,10919,5137,103252,2911,4155,24313,322519,18422,22001,3629146,26882,16817,16643,24213,14261,140421,30368,40696,4494531,6107,20205,18040,58681,23110,0,8682,321,226,1533,5413118,0,11738,41432,905,7223,653,3194,6982841,17,13199,35427,15310,2209165,62412,6198,30932,11944,0,68996,14392,8817565,7363,18687,2497,0,2627,30072,18837,5298783,326,910,18192,44398,3809,45664,15207,36576,191695,4340835,192178,8031,6550,5149,0,26372,36851,1005,1178762,413,36005,61432,4043,226,8804,11704,2690,20694,1858,2995325,26511,24424,7695098,19964,14957,30498,5669,26598,32504,9768,37309,14746,7268513,63641,15622,4822692,13255,24789,764,89922,33120,32243,15891,14280,70947,3866,13854,1001557,55525,555181,15089,11468,3430772,1698,15052,1182087,35474,30811,16216,2433,34359,28555,5123,17112,2450,6681,992,3798,3444711,19461,6049,7136,20706,1870926,283886,235,12668,91964,463,425435,212999,2805,13683,554,0,191,7205,6903761,14320,62,27615,10504,2828,1884,23848,6980,1143,0,3739540,308,383,8136,2129,59418,25882,85135,2545,2328,28631,6767424,6311,28686,0,83259,5527,2539797,256,72156,61400,30286,595,558,43764,0,5974,1580,2649,23578,5631,34176,273,3913,6365939,2584,618,4552,3769979,2242,31057,403,2725,3228,10038,432,64247,0,207,0,1625287,2303,8640,98,5545,4558494,181949,52322,4225,29009,24867,475719,8135,39210,42456,3114,2535444,3650,4792,22449,4991,10541,16870,71967,7968
2024-12-07 11:25:00,20796,34744,4508925,59623,116983,10709,25807,6796,24295,42201,7912439,28450,8789,6217108,74,6635,2652,24763,3259,7312,1418,21719,4331,40273,16597,9983,43266,5995216,3751,22622,74721,24546,153773,337374,20017,18602,279070,474513,36134,51416,4278834,115985,72408,10961,44599,59666,146225,45259,45818,4923067,4847,24084,2406,37442,27432,424,2240,852,170,10587,3905361,56,12653,13987,104,2130,1101,329,9470647,2,162668,20086,17614,2515364,116235,6122,204392,5323,0,62899,12786,12369387,6443,8967,5279,0,4400,21738,11552,7662558,2716,698,10180,8784,7482,53336,3038,49943,51681,4745227,42785,3741,3164,348,2,9700,755,369,1467506,610,29906,25081,4897,2248,7461,2440,10,1074,1430,4008324,7912,8383,9590546,95380,65504,15047,4769,11106,65294,341255,435869,18253,7959094,54991,17650,5616408,43033,65926,2859,104532,106178,81123,43552,19172,286418,3485,9532,990725,78487,702088,31217,23302,1574510,1729,28880,1638687,31906,33392,5136,3013,58774,26890,0,34882,3178,1992,20347,4924,4320253,7639,27722,4633,12836,1672479,146128,25907,448719,204284,244,153896,742675,3383,47468,454,0,377,10373,6439511,17480,499,17699,6384,4439,2760,44798,3578,43903,0,4773226,8630,0,58820,14320,37236,24963,8319,1279,12391,29428,2116817,0,15072,0,113821,4408,2798161,2763,111348,68137,20960,2246,190,40977,32,1785,416,327,18959,4942,82144,1040,6193,5139865,1954,4335,12151,1802212,6285,62803,2094,2891,3397,10538,527,70363,0,793,871,1525708,651,2860,2518,3021,8269457,107827,70358,5244,24661,163869,468021,40778,112406,18361,1556,3109656,17389,13565,5437,2607,7901,26604,138478,7469
2024-12-07 11:30:00,22503,41529,4299879,86371,94350,9202,29753,1151,14857,8972,9386299,25973,20446,6178884,4536,12837,62,22115,662,217,3473,34700,1807,16684,21495,216787,213284,6592912,3255,365214,268369,11451,69061,54260,8288,8184,84539,173124,10256,61007,3565766,172340,47288,8122,43565,24733,77182,30506,151560,3996849,5440,24187,23585,77193,32938,0,44662,1599,289,31283,3794596,29,40297,14068,2110,3315,13018,18670,4568974,0,49495,9371,47182,2316776,268326,1786,71978,4774,18,154363,27975,9636905,29065,7137,4391,69,5050,12211,7531,6618542,542,608,9997,4890,2591,38566,27296,48629,123845,5468294,95721,1910,2204,5674,0,5255,758,187,1565383,787,15977,27884,6985,6667,13883,9262,6459,9136,12751,3111020,54808,17045,8761924,93249,11288,18943,1733,18684,113171,58533,26684,21937,7961754,65339,16375,4486283,56010,66889,1699,143108,193435,62297,40482,16990,82576,2338,4971,998565,55625,575205,17607,7953,3209534,3284,38830,1779089,43861,68426,16925,12678,113593,46747,0,20824,2728,937,26334,2389,3791934,11087,4858,10975,53549,1904043,380539,0,17400,7507,17774,316974,960983,3026,260376,406,0,983,9133,8611086,9241,1367,8350,258275,2627,11193,1533,8118,6715,0,4951825,3478,145,89404,21710,63773,12010,24682,10663,8348,42587,3070650,6564,87531,771,48441,6038,2878496,2735,34895,51940,23210,416,677,24847,1106,5401,4883,507,40712,5016,56521,3102,13413,4909374,2540,6863,13984,2058790,22576,28093,2518,2648,2713,6433,2034,77967,801,791,1194,1243982,1376,3060,1286,10969,2669108,122051,44305,12185,37589,26190,136612,23857,53592,46455,5235,3060720,104415,4782,3199,3135,6213,38731,144489,12231
2024-12-07 11:35:00,57794,29043,4470623,32448,78173,20497,33727,170,35919,4733,7178712,24798,3035,6001179,24,22173,1863,30234,933,727,2353,108326,1157,162894,54201,73441,17410,6951207,16515,45572,185468,65597,30061,253600,8636,1432,16423,55325,124877,121421,3776632,48666,12302,11172,46753,10799,85370,38226,32918,5458563,17166,55929,5005,57906,43201,21,15204,47741,22,3040,3092908,340,7183,12260,813,4491,2082,4862,3946844,0,8210,20797,6229,2617221,77355,2182,25527,16556,0,83051,14640,8933173,12629,8318,1285,4868,13256,13886,9042,5636409,535,5,5451,7297,5830,25835,1645,6276,12059,5345382,69030,8923,2245,179,0,6522,808,106,1654253,0,18509,23996,2338,10785,5968,16956,0,914,634,3159931,13930,2816,7842190,108471,10000,9951,1453,32148,49850,28180,53852,64874,7858591,70264,17997,5883353,22823,41074,10284,156706,54961,25522,40802,15675,84535,2330,4866,825859,51123,706588,17826,11949,2221729,7539,26041,2770199,23625,27688,9430,41488,64375,22553,1584,32394,9941,10236,8310,3732,3618291,22380,12280,24806,52958,2310132,151685,1445,15702,173147,1915,202753,782644,8844,117421,52,0,0,14317,8120953,16707,22,9780,230552,398,10645,9815,32617,537,282,4806375,3507,18,17095,20400,182458,10643,23521,6065,11715,26928,3543396,5694,62507,30,51104,51215,3062944,2599,12878,48348,23683,1558,184,8952,0,2419,102,10166,49369,2509,14731,54,1266,5010816,3565,6324,8766,2363329,17295,42472,354,7165,5346,10054,1235,51393,1215,1,1868,1474889,201,895,0,16416,2534467,108419,22832,10908,32571,50428,115237,30575,63481,35634,4600,2553754,21127,2246,49332,12896,3584,27938,38286,3826
2024-12-07 11:40:00,122077,92163,4602825,29936,158781,27846,34399,2214,58626,11234,7381360,19777,9426,6019328,611,20791,572,27687,942,1013,4360,15674,2421,48051,69139,24514,24671,5952978,29646,19424,91975,127158,50317,307782,11765,19822,48002,282730,32713,16253,5934735,278460,37978,24503,41654,3735,139400,135882,251661,6367229,26178,42322,10819,73778,23897,284,6834,4313,1655,8416,2851384,0,5886,5939,108,2316,3041,9873,4834927,0,8117,43999,14192,2332336,64415,46461,32183,29475,43,185983,51467,8160583,10407,17591,2853,6,7926,20478,28819,5317868,4815,4218,13176,11228,5750,28389,4340,15621,24361,4974317,55688,4225,19947,232,0,7880,16801,21,1618653,4867,6701,32106,7770,13365,10810,9915,0,3660,241,3932170,22988,7282,7747764,47304,18179,45731,6965,13851,65133,12801,104762,16522,10788601,60306,15155,6326244,9183,22881,16328,358389,491377,29157,13671,33155,112978,8853,5455,1276580,53439,252824,17427,6497,2074974,11867,44010,3087965,64746,65956,10140,33787,108486,44251,3462,27769,6185,6885,14069,8322,4351176,11743,9840,23956,24753,2035578,121499,628,29184,177385,8277,59366,901931,2043,15444,695,0,0,6772,7584819,7157,717,10672,13481,2540,12613,26637,14916,3044,439,4360574,9113,661,47224,4263,39535,120,14304,0,2253,31849,2091153,2439,43338,0,40956,5278,3305433,4794,19227,64034,9672,1516,84,27837,0,61636,0,6,25540,5917,23191,97,191,5404174,5580,6493,18071,2612052,22220,52770,8575,4849,3580,34015,1616,82873,774,179,230,1430600,1611,6458,1129,64426,2858427,266598,62603,1969,8146,17257,252736,8445,53033,36910,24821,2712461,44634,137057,64842,12178,23560,64340,216161,49389
2024-12-07 11:45:00,13304,13237,5060360,50178,123808,9823,22368,81,16950,4580,9570789,46460,6531,5098452,0,22953,1091,70282,573,0,3459,29857,2258,56216,20712,13047,38531,6602102,31421,26426,138362,76111,26981,70008,15495,3963,38507,441360,14976,26959,6544222,129631,36397,37472,43054,1711,225713,22638,71417,6956184,18301,24545,2463,84472,32257,849,9995,4012,3178,6592,1877407,0,35478,37349,1817,4083,8783,11315,6489939,0,36001,9589,18645,2455933,69115,19580,32447,4247,3,67014,3351,8291107,6897,24559,3923,0,24238,35501,22788,5006144,8115,2150,8083,37739,14347,48530,11035,16094,17167,6674882,63908,33605,8003,32,50,3114,121,47,2177213,0,10568,17021,2237,11921,28942,5450,0,3226,741,4595877,10791,1572,8034753,9868,5596,24073,895,17235,83176,15678,99383,8017,11549039,66606,36713,8381334,64095,26604,7966,169641,27407,61865,2504,16691,76219,5986,10255,939907,68401,384119,22918,47488,2376759,16705,8681,2011028,31785,35441,9192,19923,51840,79647,661,18842,1961,2387,12540,8345,5344667,23822,9252,27478,48001,2075576,99587,6543,24719,143275,2748,58061,903767,3372,29806,2307,0,0,3068,7474544,16246,190,38764,19245,171,11609,562,4471,748,462,5186554,3815,0,41594,29079,67663,328,19404,1683,644,15504,2735104,1073,26490,1,53526,5327,5076499,2852,21291,35203,8825,227,119,8740,0,59705,411,172,13898,10347,273872,2223,1351,6059900,5018,15576,685,2839028,26239,56495,445,1796,12131,17394,7037,89619,0,14317,3907,1544455,786,3126,3087,7231,3948793,194374,21166,20035,8915,144952,286125,77337,168263,20875,5168,2685530,5751,6375,4008,1240,12957,17006,13709,6358
2024-12-07 11:50:00,24692,83112,5141358,88899,58067,7938,20993,806,10316,1779,7639669,22454,16388,5290425,1522,5397,95,31763,479,43,2185,55031,4382,14574,34250,17841,7888,6537714,9654,15966,164839,2946,25289,41068,13172,15538,188156,202674,32982,139416,4027227,42753,34747,29575,95844,4148,326366,23943,12515,6393567,25308,50553,5260,47669,24287,1048,7306,4471,11298,22392,2275834,0,16082,26639,1680,180,1057,5799,5686562,0,21521,14723,24340,1818430,55568,5446,23196,7240,462,90833,21072,9300132,12525,12246,9297,1481,11692,8689,15165,5210340,55,1914,28664,9760,5181,30197,15290,24066,56139,6472241,102035,5199,10407,1125,9573,3553,2402,3,1771364,8035,5717,60673,2491,14661,24264,1903,1,631,1308,4027053,18637,3627,8211811,59639,9438,34928,182,23212,12941,7500,31040,17421,9427043,119953,23290,7271023,15005,26907,6212,242306,17788,33050,6897,42154,28611,24702,20087,1100947,180372,521323,78203,26053,1496145,5741,29901,1554858,29415,59686,17401,15791,96054,46851,14,21071,6267,3157,11269,1993,5289895,5368,7925,33054,5204,2582844,120658,222,1498,60025,16382,298666,837540,4585,67559,3446,0,0,63718,8837023,10545,7166,31905,500168,7149,22018,2233,20612,1672,0,5730242,4448,5711,12733,19150,225671,887,70364,1268,434,44457,3136039,2684,51627,40,105881,17057,2623460,4533,82674,92945,13724,628,13,35137,195,85233,2011,7171,30936,446,230846,5485,7244,6465487,4257,39335,1272,2399717,34249,55822,26065,11640,4665,60293,2382,107741,1141,720,2777,1776088,2595,6741,1842,7346,3296363,235100,44819,5466,29328,55205,188859,13236,96190,31256,5725,3256097,13856,840,950,2134,24318,12528,25465,4514
2024-12-07 11:55:00,18142,14464,4119424,82980,35933,19087,34779,0,13743,4556,7352642,51814,9211,4986461,511,26008,10482,37668,24081,2837,22769,52213,1380,31209,15277,8032,8218,7244121,6397,22658,140357,13937,13188,68625,35836,32662,53935,531420,52762,45668,3678315,54100,55209,50879,60383,3689,249979,37634,15168,7327849,11563,35736,1738,26941,28211,1625,1874,9412,5118,135683,2538539,0,11164,20024,572,5555,4554,7169,7229703,0,24185,31310,6156,2342608,42319,7038,20074,13145,0,114315,106566,8763647,7783,6709,4779,0,8598,37584,57590,5704947,2629,2929,13675,7134,5015,33937,9901,18554,24786,5321190,91069,4161,56256,66,680064,5179,4438,65,1987243,339208,2900,46070,1931,33544,14441,1106,0,1840,0,5265640,12769,3509,8314376,14666,23447,28037,568,39892,377650,12152,34126,32252,8389347,106289,23669,7919960,66721,17722,11324,519976,17111,51183,3886,27359,119682,4164,34845,1169408,220817,547121,53094,194048,4069744,1575,14572,1959001,32609,24277,34579,1783,85322,46182,0,31219,4118,7098,11025,546,6276489,9341,22797,35660,6251,2189684,143832,426,952,56728,900,116027,969625,8997,80338,31948,0,2078,53268,7629741,56076,16181,19632,165394,25794,11920,1870,8811,1081,2343,7390853,11460,2649,12930,21932,108825,10840,33886,2351,3563,57808,4423051,2500,29777,0,34583,9499,3587836,1462,12134,36671,29912,3273,2477,18307,115,73479,121,1350,21648,1197,24120,363,6765,7072698,992,5215,25982,1869506,10170,29895,6356,11432,10615,10209,2923,18185,1764,3008,3559,1571152,5539,12516,897,4150,4424382,235922,41108,21791,37208,22226,184290,22802,40140,34816,4997,3271502,5545,7483,11118,16566,6764,7763,23664,4876
2024-12-07 12:00:00,22813,44043,5034572,63439,32630,23998,24681,840,21594,56922,8140700,57259,17385,6213013,24741,29461,5927,52812,19294,24772,7430,32711,16055,28911,28061,37454,36842,6735147,11516,51035,202690,7844,86584,49085,13079,7432,145808,149095,31230,68457,3797661,191775,47258,24034,54327,3576,125141,31251,207888,8043747,31273,45894,6539,49123,23931,1299,10988,11358,4663,155439,3204719,223,17770,11415,11152,297,7331,4970,5995874,3,19438,268651,16939,3039875,217735,4988,170247,8509,0,325648,251653,8003113,7832,5919,3081,0,5716,13159,6163,6930535,573,3728,52532,44437,92459,50892,30446,30956,41257,5598712,73711,38830,41288,1559,36600,566583,2266,20,1870300,621067,18076,13970,6573,11964,5483,26789,0,283,1544,4511205,12857,9225,9686573,88970,6821,44638,1274,14723,339199,8520,32920,13448,8350656,91721,14076,7809442,13486,27168,27561,306377,14077,34572,16442,12185,136243,6480,30961,1230379,68494,311395,13658,34119,2140272,6751,28243,1886098,10102,60622,12383,31347,33964,42851,3051,25948,23777,54727,9030,5116,5283934,24052,8536,226490,71409,1611919,100276,596,3352,31432,852,57200,654745,2975,86218,17919,0,0,10843,7603648,33677,7975,12665,14176,7167,19241,834,11935,575,2519,5903378,6595,1,25934,10354,137063,22908,35306,3132,7757,32641,8381126,7011,32143,1060,147421,8118,3629084,2428,76072,83211,17076,4056,1810,6098,0,66513,911,3209,24830,24760,10440,731,9701,6331142,12660,4036,19013,1813331,22414,28560,1688,3722,14185,3226,684,24453,1650,3533,3118,1399440,7164,8326,4647,4375,3491929,195303,21024,6010,28244,25871,112233,3230,52172,72130,8522,3903647,8706,19748,41952,5452,25733,7466,29586,39761
2024-12-07 12:05:00,71229,36988,6508767,52103,42968,21665,23797,2883,47592,27441,6004002,28240,10476,6522149,1150,19187,3948,47977,486,2774,6233,11336,5679,25276,11877,9451,44858,7525088,3506,11357,108957,6197,72569,113282,4666,4643,48469,502091,39165,58370,3198823,57449,72655,125517,73155,7661,407147,20673,24025,7164209,7105,26549,4590,41775,13102,421,3745,3798,7462,25112,2980253,0,11432,16394,660,2297,4865,5163,4020436,3408,17155,27636,85297,3123598,73159,19024,27467,1457,0,60308,31011,8242575,12278,18548,6818,510,23496,34216,48742,7599033,1199,2040,17162,8997,51253,19528,3708,9606,23417,5946710,53867,3488,23569,313,447656,33102,2090,2,1838648,306750,19644,103322,2350,27704,8758,10885,0,442,1516,4083871,357810,12624,9089456,38400,44155,14822,2381,4520,31654,10055,63119,37958,8778271,221800,22699,6415092,119981,91957,5577,332772,21553,25285,16401,15070,66517,8295,3657,1094571,61230,448380,7597,27170,1974134,72,41696,1335819,43551,105186,12846,8412,83754,56769,2403,54979,2387,56031,39097,44111,5989046,17117,25893,476631,136638,2168770,150480,91,3218,1328,804,48558,16015,790,38338,68,0,0,16857,6666370,8735,71,21430,22844,1604,7940,2817,5076,351,0,7229213,1251,22,8807,8704,98996,8896,47595,7275,7977,64401,4197907,7543,38450,514,120989,6930,5355930,1269,62564,85960,16835,3264,718,19830,0,46193,534,2191,7656,131,7097,811,32326,7416347,20253,43740,24651,2578938,18016,57297,1262,4366,6711,20655,1603,8953,604,4799,4864,1543957,2634,9042,715,10991,4061596,96412,30837,2694,15229,36547,60139,21904,36692,38754,16485,3507900,28189,20353,18724,2608,52092,16820,43563,20514
2024-12-07 12:10:00,43789,45050,6481781,78450,49424,20737,36214,750,22128,11939,7985216,30457,67216,6057132,36756,27398,19542,59990,12943,21917,17989,60247,1824,11168,9038,22386,27532,7308227,14682,47350,102128,29134,42293,107146,3725,10212,36963,88236,47763,18637,3287956,94378,13784,562233,55853,11830,347831,39938,52204,4935674,8184,28480,12408,16501,7947,292,7351,1083,3292,5360,3851165,386,10935,13073,162,6868,6153,14972,4536584,0,25234,11488,19484,3725437,68731,19974,24150,1860,0,41587,20912,9083378,8819,49048,6570,137,854,39818,27471,6820340,515,2472,3161,29282,15733,93359,16572,23975,45967,5991163,165250,11970,29015,4908,11501,8254,9420,585,1636665,16417,14035,101261,34678,27071,11395,23868,0,5614,6338,5529360,16627,6572,10427774,42805,27036,29406,449,38174,33916,36051,99163,24916,7763115,112773,28277,5697816,509935,13893,5532,287418,22903,23262,13101,13923,53503,2001,15443,1376848,87884,409291,30894,79963,4476416,3503,22272,2520357,70195,86095,12050,23273,119539,33909,24,79047,19578,9822,13381,11246,6584290,48159,39310,73565,101877,2004532,88181,1367,7514,3678,2169,53984,33668,9392,49362,2414,0,0,20471,6761490,16259,2679,144366,52338,3294,17866,3935,4956,6965,582,6674537,2653,10578,6345,7544,167021,13541,98636,8452,4947,76275,4112691,1282,107976,209,135436,13098,5199858,1969,32738,44273,16748,6963,327,12496,186,30768,4978,1246,17653,16597,24475,5013,29494,5543911,23844,3198,10859,2780620,95551,25691,2471,7207,17398,5439,317,1952,0,1277,799,2139480,3519,5749,3465,5915,4823999,142858,102523,15310,20674,35030,81215,40561,72438,33224,9503,4438781,7040,8710,13295,3080,86539,10001,33959,7667
2024-12-07 12:15:00,22955,31976,6962714,62731,48281,16882,25609,194,18341,3080,9039837,3541,5925,6699475,12730,8006,6254,18748,15381,23737,11674,146393,13189,24153,11574,30542,12907,8157872,8778,38514,106265,67982,25311,172347,25468,11816,27364,58295,71441,24963,3522892,45026,67952,563553,35868,7546,301549,26175,19592,6075337,20941,13682,12082,11303,9512,53,7100,18822,274,1474,2589919,2754,5637,29117,3992,4967,1142,5703,6008333,1319,28995,19667,94499,2715595,1491263,16103,58302,8887,16,100556,43528,10345980,26668,33689,6492,4,15254,15798,72201,6340337,2428,2954,14014,23218,12307,102601,3389,16202,55197,4977748,121212,24445,25367,754,1184,6576,8865,15,1600303,1936,11616,56791,24912,23152,12488,15447,0,3224,436,4112393,10509,1979,9985457,62950,132599,26408,44116,12797,121039,16279,49596,102414,7576667,134704,44490,5775166,555918,20019,36442,318038,17876,48716,6591,254259,160121,6055,20128,1473507,145809,520296,261072,94569,4196070,4914,24481,2352343,76856,75194,6018,11483,173786,54738,120,101002,18504,29888,38907,15541,5837871,41151,19188,26927,39307,1739745,146543,37,4844,21387,3353,31647,20838,4651,64745,10532,0,2270,29017,6480334,41924,539,15970,294525,2498,25210,17619,80860,4540,241,6738311,965,1136,5600,14090,118916,17635,58812,2876,24108,77861,6602612,2819,22832,147,191123,1778,5120799,2247,73067,93525,9857,259,0,28849,5,27313,790,2711,14118,303,26899,15098,15558,5985060,17279,42199,11976,3446603,51711,181074,37726,1557,13145,15796,6064,24885,963,51,1331,2954762,836,4615,24,2583,2932475,141844,45268,3316,6505,101258,35725,21655,155115,26865,17535,3921278,26932,6433,14739,6319,11261,11767,43051,19223
2024-12-07 12:20:00,41242,32346,8182214,61568,68517,11529,75386,491,17286,9869,9811600,1011,3708,6548204,17983,79159,21273,26440,47824,20945,22429,17831,1520,19620,37798,35465,187276,7465192,6809,42915,258641,114098,77307,376268,15319,2906,70069,204001,45483,17127,5455141,208948,43193,605836,70501,10271,231335,42406,50752,5536602,40288,85477,2060,170669,26805,1999,2374,762,4313,9179,4765934,121,23354,37145,6828,4123,48958,15812,7513246,909,21024,44302,17075,3636160,379305,14213,21800,3756,4343,105027,47004,9754181,20956,10915,17104,0,11623,15769,37671,6661465,7160,1728,12561,11402,8912,35582,2885,16892,32919,5489164,76145,6727,30265,485,129,2778,6415,0,1607907,8114,4646,103605,29629,17140,11035,21043,0,669,152,3828957,15905,11608,11122173,31236,7722,19709,1332,31375,64220,7574,64842,30952,10170280,123651,38241,5882264,544713,45802,26101,422091,41514,44138,10964,31750,43714,10327,8525,1162675,27432,332845,87461,18040,3822151,21034,20312,2359572,54765,38195,10445,19708,149743,31990,494,22427,11289,5750,6399,16239,4992444,15790,3980,15283,42747,1737654,168782,2593,113148,44342,1139,81440,56394,16205,77504,10263,0,0,19673,6798205,15320,297,20746,225120,10865,9650,9371,10460,13249,1774,5969415,4178,650,19192,34584,119392,25628,32410,15074,7651,48323,3003469,24152,45909,293,173370,1880,4981775,188,226910,99102,12467,2358,4294,167910,1047,38989,1045,71,17456,555,18169,9999,23663,6169384,36577,34760,24757,2838189,100173,74771,21,6739,14370,18376,5018,162164,46,613,0,1678336,835,4300,40,20519,4803498,144439,128559,4228,15268,31618,187541,32016,246705,39000,239618,4099482,28230,239626,90309,146350,14707,10088,50540,17137
2024-12-07 12:25:00,28431,22362,7951359,44746,63198,7355,4310,389,10361,5812,8509664,724,1841,6614681,3660,25363,14419,28343,27447,17068,49075,19852,6720,19527,52649,16237,45295,8762862,22698,18774,154873,47634,48889,306337,60404,19503,212997,499806,39715,27271,4992189,76624,92961,392443,96603,6299,166420,42474,18041,5667997,36441,34191,8851,21720,14174,56,15252,899,6639,24303,2948893,8,23514,45718,767,2931,3651,12490,5175167,415,4538,32301,37950,2933739,81553,41667,30441,11240,298,105361,41087,9645947,24018,36575,12780,124,5685,13672,86384,6544739,2743,1947,16498,7172,22195,23076,10179,9418,24677,6622598,53883,11625,6110,4624,0,1313,6542,0,2072418,10699,35032,32147,5325,1913,8252,3184,199,318,2928,5733675,37616,948,10922728,16739,9188,103296,68,10998,116857,24316,292061,23870,9539723,105350,35716,5640409,299011,100544,13875,419313,66538,155411,12065,91876,51632,25374,23347,791499,49239,679249,16503,26633,1914483,6381,18978,4015830,40449,34500,7608,18022,207462,157931,1447,55388,6600,24860,76059,11396,6292858,45353,19149,66588,62961,1735871,152765,3623,8158,34478,20687,64893,46103,58064,60495,15189,0,0,11751,6740750,16392,4356,5142,236253,6946,186613,8614,9287,20447,591,7126909,6369,17171,24081,1700,125215,33275,122648,62352,25342,66917,4700095,113843,61366,22540,135430,3919,4410321,5243,80126,67431,34808,1514,105,64852,0,120716,5680,1593,4404,125,11929,1914,28740,5700881,17420,5597,12037,3149364,42967,46305,10293,2700,15015,16739,2160,130943,1666,2012,2311,2815230,8088,33631,676,21722,5015717,115345,27071,4076,29470,22457,126133,8546,46116,30171,195308,3674744,12042,307050,12710,9405,29085,5790,90915,12326
2024-12-07 12:30:00,9965,31792,6134653,33574,42544,11052,50358,0,10270,4977,7878735,201,2400,6065087,3497,16156,2027,7115,3201,4279,6691,23480,1731,18817,32096,12625,17485,10731175,2673,26965,90625,12079,30209,296412,5804,12896,62505,254407,38244,8899,5101897,131426,58853,445289,90031,5228,240462,99238,47511,6313283,28531,19360,538,20506,5705,639,5442,7883,2843,14535,3049383,282,9210,9145,4833,1292,581,8148,5482280,190,4126,31441,87084,4313709,107629,43429,41582,7091,23,157932,9678,9822782,14976,58594,7025,42,293,37360,61299,7213539,1039,3124,11723,11421,7636,12376,2803,9696,21836,6610632,48595,4910,4656,1196,0,2244,1882,193,1273976,7041,53155,34508,12866,2403,4681,35940,0,5111,2366,4890523,30627,7990,10521410,95044,5451,38525,1246,27412,34503,15845,34001,16929,7968674,87770,38480,6364748,280908,89571,9941,330716,11865,232436,10831,20786,232918,2026,10093,456654,72777,1056956,15982,34834,2608333,20443,29884,3408199,29911,42252,4825,35520,86305,13541,1039,75826,9408,16276,41330,7100,7072389,62605,51840,457015,126623,2125756,129999,54,5482,39425,4793,35847,18031,14859,28382,8079,0,0,29823,7001287,13589,318,22231,61552,8158,7291,5473,8573,17511,2959,7737165,6401,22098,12820,107,79469,20148,58100,74473,2814,36140,6507265,10853,31224,4485,75091,2316,3254213,8689,28214,56411,29183,130,0,11143,0,15477,3410,1680,15335,473,24831,1124,15166,5289783,8514,3150,4867,2823856,45321,60838,130,4200,14679,2146,3494,32889,951,2657,2687,2305895,5439,29448,953,25023,3567379,132846,19413,8778,32635,47386,55978,29326,55022,25275,214413,4105488,5876,95290,15785,13573,23213,8362,42825,5729
2024-12-07 12:35:00,12036,5239,6575919,73610,11822,4518,2338,68,15492,2278,7875514,524,9409,6219054,6011,12213,29980,6697,41863,9503,9028,35869,927,36019,24287,15065,6796,10857910,13730,27689,82270,2879,16600,124824,41413,7622,58643,260108,38809,20976,3533234,90834,29008,32609,93610,6980,149776,37072,36301,4571692,12348,20289,2436,16181,9862,1663,6842,7195,9152,16986,3461943,98,6142,10986,86,4501,21227,8156,5548656,0,10000,10141,23044,3037383,69678,5113,306309,1436,0,58831,56792,10082052,25990,8866,8777,4799,10846,19284,64593,6888674,1613,1803,14404,9005,4845,12483,75674,8875,96108,7011111,50571,8344,32670,451,0,749,13027,1204,1690031,8408,13837,79316,12278,2538,7213,2155,0,11821,4165,4979383,8088,9517,12440956,88160,16876,39895,2511,42785,47416,14298,42316,39663,7889788,78562,10154,5335274,15343,27234,5195,271688,15744,55074,3129,16694,75921,7609,13249,847380,56992,607485,15902,24708,3064813,27186,23362,3481273,68530,37634,2916,21632,109145,27946,0,36057,9010,6601,19491,5144,6376242,25308,10204,580107,132985,2626535,86846,259,15592,34968,2906,83326,58549,22460,20415,10505,0,0,30221,7372993,39993,3798,15785,306326,17860,24163,832,12506,9542,1947,7730957,5374,7817,16276,24033,111044,2797,57068,7869,8732,40245,8430382,21889,25517,2340,51734,3917,3248615,3733,17185,54339,41138,957,2154,11852,431,23080,6736,10374,4119,8641,143590,11440,12995,5881306,4559,5369,3580,3231869,21927,64094,678,3227,110244,10880,2611,57062,618,649,1103,2345074,4209,3134,458,30660,4279684,231777,39528,3207,15725,10191,64001,6486,32481,23647,8047,4812844,40452,53790,28143,8321,44087,44832,67334,40922
2024-12-07 12:40:00,30799,33121,6095384,76287,39031,4186,6083,0,11368,4480,8862589,2071,9043,6516228,3434,12640,7748,3752,7980,7256,2225,17639,12575,17010,43788,9102,2827,8611289,5949,5905,67845,2659,21108,53261,10571,3530,35436,251231,43002,6156,3628143,108715,22915,31247,124175,11058,96891,9323,17459,6121872,24195,47348,3465,19188,7453,131,9869,9874,1096,5592,3062116,0,20161,6702,2934,3028,5643,9229,8510771,0,12478,39748,30509,3430758,370063,13457,68947,3449,0,447778,31153,10136770,33027,12990,16302,30564,6633,24304,26797,6375144,7003,10575,1504,12487,1132,12554,9287,3616,10221,8380263,87869,2701,13710,1015,5641,391,6997,1523,2401374,3760,19103,41841,8050,9055,13156,84747,0,368541,1632,5751576,55858,36788,10438959,255568,12809,59935,5889,24978,18330,10791,134275,33822,9182363,157927,34742,6225636,7487,24258,8393,288323,31008,23378,10173,13359,173576,4348,16317,880614,56585,455139,8865,24331,3062965,7852,22087,3116598,15520,48038,1387,37590,154050,44858,1763,40831,6372,10855,230878,173524,6814785,20424,20264,452198,62133,2891103,96267,465,8043,25908,5507,54455,33825,25594,25337,6820,0,0,45281,6672873,10215,3893,10472,46622,6484,12286,9530,8550,13817,1320,6843867,2736,36137,5162,1035,186220,15024,32695,14207,44846,38103,6717665,10851,66901,4300,50312,1589,4895848,407,22460,41151,29729,3307,757,21610,0,13413,831,12243,7947,411,134523,1133,16716,6990294,28001,8267,10293,2596202,12720,12366,134,7726,32441,4468,1703,81092,709,1261,549,1756482,2021,1631,817,10844,3099534,504457,48312,5545,21345,51911,252824,15602,67407,21668,643,3739714,3341,1676,2686,11618,10362,2294,31886,3461
2024-12-07 12:45:00,29222,43305,6030159,70323,32871,6496,2617,1189,8408,19173,8693009,14,729,6075644,167,7637,1451,4215,11554,520,7434,17288,485,18583,22908,13286,5393,7879555,3357,15126,59562,8499,22252,204193,13193,11539,29589,364721,34810,12415,4774821,63834,25925,32605,59045,20313,103352,27355,24057,4427763,14901,30959,1521,44595,22158,496,9428,11062,11136,8622,2900544,86,4833,12961,1147,1108,1950,3306,8146333,0,8247,8557,38998,3645149,76118,11848,24235,1584,2,186479,69373,8792994,6244,13000,8726,14847,5412,24493,14835,6393162,29195,8548,18565,16188,26844,37931,12860,13759,24664,6909645,36190,12378,19579,1022,1932,2506,2808,36,2434315,2186,5447,50693,41877,14455,4116,11181,0,30289,6078,5946450,10829,4574,10679999,28305,34927,149822,3706,28488,20478,17905,60097,37696,10912160,73888,26595,5366990,5815,32085,11267,204608,42513,41055,17196,5973,67294,7622,16570,1074634,93080,198246,18455,19673,2306081,8423,26631,2164636,15422,43801,2429,15653,65107,23583,0,23272,14946,16035,26948,18938,7316133,18850,16904,461308,23022,2892041,87278,141,5110,7127,1041,38705,11322,1921,5927,4030,0,0,15692,6306661,14286,4591,6728,22605,14167,15176,8974,10813,15582,284,7401561,8248,25944,151906,122925,127423,2354,24587,30774,2493,18114,3138794,5003,23334,4105,164329,11857,4950322,485,64442,83354,20735,6553,24,32196,0,2641,4008,1007,20584,1810,65039,122,10972,6305517,1799,4578,10881,2212737,5916,48421,4639,20003,58843,3711,184,30135,15,289,76,1522174,3668,3059,0,10928,3130262,422190,19936,7767,12587,125128,362446,47410,109395,46408,60738,4229293,3180,224117,41053,12289,53281,3351,69180,8473
2024-12-07 12:50:00,27657,44085,7592388,71961,42243,4790,10156,10667,19348,70105,8145589,2,19,5975931,85,5203,1170,16084,2042,1122,3451,54510,5722,216082,66275,38363,67069,12189870,9100,53175,378045,34002,58187,337480,54279,855,34552,159619,153001,66831,4089288,178636,19664,39654,45996,26748,119164,20990,19724,3805147,20885,28113,2289,30305,7352,15,5974,42368,391379,3347,2976219,431,4813,11296,169,6361,9642,3166,8426386,0,6030,6275,153221,3309772,105751,44535,15945,1703,0,35186,10349,9551331,10930,10267,15601,18960,1896,31640,24063,6899632,7058,2583,38112,71888,41595,62819,92089,34631,43721,9286634,39348,101030,12376,2230,2798,6344,2740,1672,1956415,3374,9071,49263,17952,3353,17589,1949,0,67689,7311,4717704,10270,15428,11256815,43263,22821,20994,5525,31367,34939,7892,20840,23498,9541985,133481,37048,4694682,18407,16351,10288,214216,34675,33098,10103,77972,53780,4285,6639,758730,31761,490638,12315,5919,2264908,4103,12250,1993146,11638,40647,3782,15699,69779,34352,1888,63487,32659,5700,26210,15657,6441049,39903,44629,374359,27532,2905346,42537,9651,2696,2510,1697,53920,33801,1991,3785,13701,0,0,21066,6766528,24241,2590,15543,3945,8650,34678,9959,27027,10660,1519,7828210,4259,22403,1951,5064,116589,285,154479,12071,169302,41593,6359059,4513,21842,10381,217963,4072,3734488,238,153086,134145,34108,6610,1135,73957,429,18279,6379,0,15297,92,32626,3839,1242,5894231,4326,3715,4243,2422346,22551,82462,1198,39707,58686,2146,86,37448,3170,3058,1450,1364822,6156,1532,5774,6316,5193746,218717,45774,9533,6107,94751,208581,78671,43624,17331,30087,4022610,10813,415819,7450,3755,28105,404,42181,35539
2024-12-07 12:55:00,16150,21803,6784195,61340,49897,8598,10882,1187,10660,9807,6146565,102,96,5546664,385,4573,2925,13246,6861,2115,1481,50120,2704,48804,24988,14757,10784,10346837,14152,45378,155079,46256,52792,76070,14551,3781,21013,110606,18662,42472,4765596,621836,52601,8028,72411,57482,222599,34412,9858,4468735,31142,32684,4382,72737,21549,3295,8019,5702,259,3202,2895983,241,7235,11919,4294,9579,28377,3220,6935062,0,11004,9844,59751,3454540,86563,22996,51115,1696,1082,43566,13448,10580534,2655,7021,11592,5698,4422,15899,14433,6269507,10040,3948,6882,8131,9447,80282,26058,19172,10155,8205502,139138,6337,15645,426,1451,3314,5935,6030,1867720,4066,25732,26941,17368,3364,178494,3750,0,8749,2315,4726876,15778,1136,12182599,179260,12377,11834,882,20341,20527,11053,27963,18765,8785543,192311,29204,4773116,5691,110929,40731,304454,23671,25106,50251,48113,217345,727,50842,1156227,251510,483875,16882,26880,3078615,4961,12953,1804978,38558,48594,12035,10624,71240,29627,1228,20832,11282,12353,12728,6392,5665002,14813,21814,460060,19023,2848585,196561,0,614,68342,23028,349418,129126,1386,26421,13599,0,0,7599,8902482,24463,9841,8230,3383,6783,13882,18105,10657,6756,2423,8189691,1706,36897,3961,5393,129152,20264,54371,13602,2502,76464,4994802,21438,117240,12519,108881,4255,2989528,2978,260921,134899,13289,1962,55,192752,400,22343,3697,19,30866,74,21914,6225,1685,6389444,18429,13748,1076,2392412,6766,53179,5558,7936,13244,8850,37,114889,0,695,91,1299869,6584,47038,40,3441,3587782,115620,28823,4751,5105,69129,46052,35333,28806,19467,71924,3231858,44097,300841,19477,7763,80957,6725,99703,60050
2024-12-07 13:00:00,20877,18180,5837173,105446,26856,3239,9130,1890,7154,9577,7946971,1696,996,5891740,3378,3837,3528,16154,3759,24682,4829,63962,15374,8339,24054,35531,29354,8903984,8513,29954,279094,43822,20234,338500,21326,13286,15262,264404,90302,40160,4113880,570132,22412,7559,45253,5729,82858,34894,5167,3825404,47654,22570,3819,125222,63196,752,8111,9526,4541,54889,2929491,582,14802,16979,649,3468,11938,7817,7531384,29,7450,4421,87005,2834149,58798,35330,46392,9446,0,53707,13023,11579159,9592,5141,14727,8190,4533,25450,15234,7279614,61,15907,18157,26779,21963,13915,12526,10642,27882,6155844,44070,9486,6537,4691,536,7400,10058,716,2364452,2409,7373,67845,19810,1008,167483,2896,0,5036,4828,4044955,20768,3443,12248055,27074,21472,13381,552,13518,17639,27947,41943,36488,8981428,90511,18700,4142143,10768,89733,13136,197834,11826,16058,5687,25302,182744,8789,54625,977532,196735,422015,17637,31282,3311103,4902,36924,1608973,49450,48572,27341,14750,74039,25306,125,13374,4289,1765,14193,2493,5502920,6155,19599,256647,9972,1882909,102062,0,144,247626,200717,24447,24190,10834,23007,27427,21,0,9871,6269966,35564,164,1736,288,2750,8526,39107,10549,17501,5336,6669838,4753,14685,187449,21280,92670,3681,37381,24771,6777,28388,3162668,8214,19944,9925,131431,1579,2819596,11323,189374,69310,19730,1664,0,94136,0,25702,1097,0,20864,5265,21966,3386,6531,6771666,15530,3687,1591,1945886,3863,36425,1443,690,16331,531,705,83466,154,23366,49,1305414,2353,36691,434,7312,4453676,95876,42619,7656,3978,277055,58816,128687,23738,23401,12603,2857806,14191,10442,1604,1182,19451,326,38401,5841
2024-12-07 13:05:00,8569,36147,6314414,21294,53934,12634,12118,1482,10324,5624,6109733,556,525,7018793,31057,10413,4938,17426,131821,32032,10027,64004,2124,38222,27448,125197,11476,10231646,9900,137746,228408,21444,19291,379279,25333,34985,32978,100831,256402,33370,4327764,762397,43566,10942,37233,1914,73711,11315,16014,4403615,15291,24743,5061,38753,20585,146,79364,9960,2313,3192,2743111,0,6526,20536,1539,1508,15487,3963,6704028,0,6549,83757,67765,2172287,359772,29249,23016,4051,3,94409,27425,13968223,7927,6624,20720,8168,24862,8870,10003,6961378,207,7342,123670,8808,83841,52621,9869,32728,6984,7264211,40137,7401,11973,5225,3626,8789,8955,587,1810176,8144,23408,51742,8540,3259,215179,14227,6708,946,5571,4656766,15645,3192,13780219,17760,14255,31209,431,18225,25737,29084,28610,16247,8698182,90591,22924,4627263,3701,46065,7258,121680,21659,24276,12893,14467,53069,1391,32628,687322,91196,477659,15705,16162,2289373,2241,13024,1722401,46868,34898,71457,51463,100107,10830,0,91208,10457,8138,31647,3632,6232522,16430,52342,32768,20024,2378747,109408,1805,5410,59108,1959,66512,31557,22184,68518,3693,0,0,6221,6525550,34813,4590,1507,202,2136,18279,28180,105857,4308,11131,6779205,2659,362,29459,205277,64321,12639,13070,13278,3584,28991,3018943,5993,32216,8035,88887,4344,4887545,14290,40493,72367,15379,457,2,30496,414,30980,4900,0,24292,605,11039,3898,5368,7332650,38211,1186,3048,2366802,8528,150838,1066,1560,15487,3178,48,64844,293,39,467,2856954,629,10021,6,5489,4333786,324340,17423,2504,9450,61432,616181,30160,303519,20614,3676,4451606,6959,4997,940,389,10070,10715,288363,2438
2024-12-07 13:10:00,6243,68060,7269007,29565,75507,4364,4101,27,7566,7351,7697236,2707,5403,6182167,8178,3245,35055,12217,128124,18703,2549,39013,4903,19866,15773,36782,17938,8435147,19041,26409,62123,30528,74640,460401,6325,26571,47170,32977,92597,47689,3004433,506551,44469,24301,73806,23261,164367,38923,35253,4217706,29581,21605,7819,21260,9675,34,3325,818,10,2916,2370532,0,7437,13104,5054,12984,23267,5671,5515041,0,7402,15221,55055,2617378,365586,8804,33556,5123,1,103299,19893,10284312,69426,5331,118211,2220,2006,13966,53383,7205409,14327,7904,11877,8430,45440,12816,11206,14671,24488,7588544,45559,5890,2940,13654,18,1026,3635,12238,1606684,4471,18836,56333,14478,3478,184235,8515,0,1192,6164,5183056,4998,1377,11748157,29949,7406,23771,858,11215,37873,14979,79437,55765,9071772,86961,40958,5242379,5552,58094,8764,202749,30634,44578,28321,15733,118600,6940,53954,1015759,47255,488660,13250,56102,2349069,2326,9108,1470567,59809,24937,80694,10815,45787,22064,13694,42950,16474,5008,15136,3675,4918874,27032,22857,69343,38338,2160096,189855,259,23730,138571,4558,359131,84253,14191,29709,14071,0,0,10419,7497002,184169,9081,2104,36225,9060,42937,7520,30354,5208,8147,7020323,1870,19224,1352,19410,141643,8961,120344,14622,2923,80651,4295888,6385,35770,4074,40137,12714,3397470,834,40595,31409,25116,1377,0,21675,1230,12534,9264,150,15182,8329,6561,497,516352,10314176,4639,86,11698,2160277,16430,20033,905,3788,11738,1762,66,26148,0,0,0,3032002,13,4633,0,14088,4155657,111269,24452,10887,5588,54694,29824,37799,30696,35683,5367,2941461,3819,3421,1064,59,13539,11214,68853,5140
2024-12-07 13:15:00,20999,69600,6661106,72044,54692,22610,28689,0,44729,672,7299988,38,1313,5279342,6671,6692,4745,6761,7475,2799,15950,30190,2481,35959,53760,18721,14599,7193487,6060,33268,91844,58117,41092,220120,18966,47148,34655,37586,183141,85766,2877488,441963,25525,12887,41620,7971,151746,13821,19239,3762069,11760,45806,1898,45303,23370,2275,11662,3415,2937,3686,2130442,0,6998,13641,4284,5317,8567,4087,7016792,909,17001,4698,215234,2063744,218447,16819,206464,11330,8617,132164,2761,9162382,21499,1464,13908,1080,8363,18107,7331,6476552,58,7743,4294,13057,41672,23913,9957,10938,12567,7585552,20877,4616,66755,6103,4,1851,4520,8394,1823732,4264,19731,72149,8863,12810,219553,14584,0,1232,3358,6935501,9447,1642,9554962,311973,25244,33207,1802,12702,13599,17653,34864,10033,8730778,57209,15566,4155865,3410,19617,5459,200570,16162,21474,17957,10559,159812,2190,52994,988021,96786,359429,15645,15214,2985118,890,23710,1865022,106840,72750,3351,16356,113444,94061,372,24288,4419,4042,7614,221,4293267,12175,7516,38615,16226,2262483,255259,1093,10321,49967,14587,450501,408116,4300,15098,11932,0,0,18421,7461860,8627,667,872,192215,3002,2084,14239,14598,2339,22,8082397,410,13593,369,214812,59948,12106,9108,147307,440,18580,3831299,2725,32817,0,56241,2461,3758205,1133,25282,61664,13507,4292,0,12400,1472,50509,4624,0,39998,8873,11406,35709,12270,7418859,4932,1316,20193,3227394,83317,79799,1249,4591,14470,1620,3,34404,0,0,3,3403340,127,775,56,11351,4020906,166819,37406,151517,5853,93836,85288,29485,30423,29007,10421,3950755,14543,12896,1322,4141,16747,4253,47714,5563
2024-12-07 13:20:00,102972,138318,6692166,97904,80263,11020,16602,934,36192,3126,7874676,2519,3956,6332527,339,20870,6427,20984,4319,1069,12278,17738,328,24360,14598,25678,34933,6846070,8368,14316,116790,59870,5731,80078,11249,30438,27285,34765,50525,30668,3872442,67609,27108,12421,34511,8554,129518,6462,39577,3547046,11891,32981,11742,58650,28331,2452,12165,22109,6125,6078,2710002,680,16520,14640,1155,1036,1512,2646,5921596,0,4684,15074,162930,3518023,72693,33073,78741,9976,0,33774,6217,8613091,2047,11125,6921,15,8346,20115,2545,6639532,1581,2955,4783,9137,33545,39312,12263,24948,17727,7491373,47013,6583,2189,7493,19,1066,19456,0,1430072,9408,5781,23331,13572,11103,25875,8114,101,659,64,4965117,30705,775,10884844,95156,3648,32285,854,31927,124797,12815,39352,125961,9592496,64319,16893,5611632,4569,33508,18171,169910,15734,17104,5641,10450,98837,5099,26759,732599,63803,776716,16328,11001,2846580,2356,18733,1922057,107346,18146,1975,7687,50146,26563,6823,72083,10830,7516,24700,1219,5125519,51310,15171,64006,48099,2237902,348074,4987,15800,36248,7288,398074,229984,846,7793,10566,0,0,16452,6567721,25131,251,1427,5420,9552,6322,86061,5759,5322,635,5978231,7170,3777,105675,555872,79378,28454,34602,897,450,51220,3652045,817,51680,0,64250,8750,4179826,797,9989,92309,88929,7898,0,41556,27,39158,460,660,72035,10506,7500,1766,3529,6420045,34265,4583,8777,2846887,14713,47350,4455,5666,15462,8648,165,44178,1,41,193,3210786,1022,6236,19,3476,3913526,66362,24545,4686,5309,45356,82189,16174,33976,11039,3295,2964155,2471,3363,13027,1918,13643,14107,18292,4779
2024-12-07 13:25:00,30356,35535,6600983,85699,34910,24082,52962,345,19601,3477,7505467,8542,7620,7457022,3498,5513,2848,9176,339,0,6653,21685,1222,21417,17178,10787,18886,7536614,3191,27162,83100,29783,38471,47877,4418,31863,28020,53793,51805,36167,3096474,87559,22425,9532,36038,8219,130079,12335,43901,4080287,13388,23458,3168,31769,7958,191,14039,6188,1204,6135,3311921,10184,18703,11334,2647,2236,1870,8434,6983543,0,31727,18070,21284,4801237,55253,2020,190931,2825,0,57236,20851,10114748,3207,3712,957,4323,5609,20908,4053,8036348,304,9926,3587,28243,39361,36290,17682,8890,13430,8375495,43632,4451,25033,6923,432,955,9476,0,1424298,4200,5867,45281,5250,10058,7568,3879,0,13461,2026,4526281,18906,5775,11794289,193939,14710,19311,4938,14253,89063,40805,34306,23363,10186764,83770,31649,5124718,3036,14488,11033,212058,16451,20718,3635,19355,65384,11411,30737,1277259,163430,511283,22381,18353,2279223,433,17021,1557494,135090,31833,4898,11509,65141,44532,6117,56248,3260,14314,11120,4,5060585,45825,64407,62925,69629,2239476,307948,2051,7137,67654,7594,328635,233969,2391,33227,2361,0,0,4856,6510701,25193,41,643,31911,2209,36013,3787,58419,809,964,5940788,3645,8362,14097,26646,59875,23000,17502,1606,10425,13762,4262717,3040,35080,209,87574,19389,4154577,949,33871,119326,105343,6171,1852,4274,2392,23220,13,2086,67615,6141,11501,232,1761,6322773,25803,1305,1457,2781574,36409,15798,2135,11566,40197,3000,565,78881,0,150,315,2101527,10195,4599,8,3109,4388860,190110,32592,8459,6915,31148,93586,31904,55875,20415,1420,3556066,7233,343,1877,1637,30096,5653,9685,7050
2024-12-07 13:30:00,37064,38263,4966921,29796,53690,18877,36745,1535,17716,3038,7243688,11508,8838,6037738,472,4582,726,14856,3172,567,2554,25817,6348,14928,15745,50724,79569,7047827,12658,142764,121985,3367,11803,118011,4258,56480,17889,12632,100500,21708,3923721,82669,24308,23252,40649,3854,107659,12035,18789,3113390,7999,38766,4075,91045,11918,3,15628,4451,684,19889,4607723,1965,37795,467639,2008,4472,2570,17047,5489856,148,10072,6544,15251,3826806,51235,59762,15619,367,0,57236,42210,8882318,1545,361,3893,22,3109,7422,2818,5898214,11,977,102949,6188,32290,148415,7872,17013,8904,5697853,146345,3035,3503,5748,4,118,15418,1311,1213199,4310,7654,51621,4563,15528,31844,3478,0,1853,4445,4108518,12115,6625,10669221,26573,4074,68832,1321,22198,42664,21859,91927,27638,10231483,114548,19709,3571843,5636,18603,13388,208982,8933,13779,1236,18502,51610,12348,13882,862950,45576,628179,24907,18895,2071601,2064,12075,1424024,114663,25397,4296,5797,145100,49794,8018,100469,6897,8343,15634,762,4677256,26875,113382,234178,311186,1656557,271377,217,3270,86427,1374,514508,394028,8651,6851,1668,0,0,8262,6116815,59372,813,1999,3845,11880,5257,169,14955,20,0,5811881,3059,12829,2885,6526,79828,6174,23105,5794,1315,33883,3315225,519,44354,11178,63280,763,3904156,7160,28465,67413,9855,2071,50,13764,5841,10611,398,2,12685,5114,26259,2469,2838,7170382,17472,2467,38953,2696461,25302,39171,402,38529,34987,4883,1786,51886,62,1267,392,1659340,664,3435,284,4450,4093321,94683,17247,18073,5735,35604,99239,44215,51407,8662,748,3382231,1516,7027,2026,2451,34740,3191,24285,4742
2024-12-07 13:35:00,16283,29824,5298288,23641,36337,10948,21274,7,11489,6076,7456913,3737,11603,5885585,6042,10341,44129,76935,7466,11178,7324,20161,2514,11561,53675,14328,70289,6531004,12378,41736,115432,1310,10032,57633,10948,7282,17992,30788,40842,42711,3543239,46965,32002,13063,34720,11591,120174,2412,77147,2421473,9118,49747,2732,43798,18945,103,9261,3070,1551,14049,2637383,1204,62700,38794,2747,7261,8884,12881,5148663,5860,12574,21681,13309,3021081,50563,15538,35430,2039,0,119632,54442,8415880,6618,14691,16162,9,5628,17834,6406,6141865,4648,713,2921,7565,28252,13301,13198,8525,28756,5311343,36415,2811,2253,11799,1751,3659,14608,1282,1501188,1606,15610,70375,1186,10638,12467,1299,367,1480,5592,5212850,22524,1786,9809802,98325,8646,17127,1272,19086,25584,20858,23475,8935,8406589,66550,33928,2983291,1665,13821,9769,197409,50278,11511,13364,17368,101723,6024,14054,1055995,136269,606107,39241,29878,1530256,3251,12920,1629933,117059,30332,5587,8343,229633,36315,13372,97676,7133,9581,12142,2870,5478942,25844,25964,336217,202332,1379768,137269,0,9195,72220,1278,392420,480235,8807,7418,8632,0,0,10293,6002364,19227,771,2395,4607,3158,62886,5819,43043,7547,1070,6092056,6562,3395,3249,9834,44075,7326,15272,15868,14597,22976,2573333,23165,38731,1071,78476,982,3177497,10808,64054,83331,31262,0,0,28139,88,18983,1279,3,9500,3486,19458,2563,5139,6392804,18764,9952,13900,2299712,24789,37841,2097,10963,42185,14876,2340,59161,1115,431,2499,1742389,2038,2190,3408,8189,3852606,57683,5500,3342,3870,92135,20823,33249,20815,10381,2274,3793496,11525,3310,333,1391,15859,7960,53980,7674
2024-12-07 13:40:00,46397,45528,5201674,92494,50679,20555,42795,1176,31466,24029,7360662,3371,1541,5726386,3416,31293,10001,22387,14852,10268,21328,21465,8014,147982,75347,16392,46884,6799470,4695,26743,196997,7204,14012,126287,2835,33057,20783,26237,29549,56254,2855119,396099,22062,9621,41362,4674,124806,7556,28915,3479874,19389,72749,23872,94173,29024,3127,14313,8070,3514,8931,3172001,465,37355,18578,612,4007,1949,2426,5971526,2438,8290,14823,240236,2891900,27629,667252,21157,2687,19,139193,4940,8774557,23427,9723,59656,3266,16731,13485,32072,5429044,893,6179,4509,5021,2829,20024,5733,5875,34557,6095128,26338,3159,188446,14481,0,8465,7198,15487,2039546,0,3660,40599,20796,2965,13654,7952,0,1442,626,5567113,6878,4052,10163164,115770,5595,32120,15716,82586,56760,35184,56545,29034,8294722,137147,21273,3710442,5462,8318,19701,183704,16603,10089,20023,12519,114877,3506,7204,715608,76398,855526,44931,32097,1373983,370,33078,1554012,49127,37348,6413,1816,43693,31924,2905,54169,24075,45650,14860,2174,5079911,21631,28976,85132,49764,1768470,222713,610,13106,25114,7442,240066,684894,1788,5709,15522,0,0,23813,6335740,27962,6922,14384,371,4092,24855,14883,51068,3925,2564,6234555,6984,0,9548,1715,66739,1278,6295,7579,3264,69996,5106453,374,61190,0,84244,3639,3600793,7130,32042,81174,9038,219,156,22209,260,21697,11471,9153,3877,1342,4008,8409,4549,6039954,1189,3165,24207,1747507,23960,36589,1138,9506,48990,15660,0,69481,0,0,0,1417280,196,1518,0,2017,4172985,86370,22146,8071,5189,77626,51244,30129,29911,9088,4504,3220024,15263,1797,2913,1274,17255,131508,45506,763
2024-12-07 13:45:00,55482,184221,7727388,480096,329212,19869,76227,524,37092,225264,8407116,8179,23850,4411298,25200,39278,35743,72856,111136,82843,16806,20784,6714,9750,51430,12123,45222,6974774,2935,16531,180577,154715,12667,104298,7760,28078,22232,18434,37047,44848,3096587,174940,17793,9110,79398,7039,180612,4869,22024,3491494,9000,30117,2873,50138,41508,393,10526,34333,3615,8607,3476512,95,13820,16357,226,678,2667,5380,4663255,48092,10791,45449,57629,4341094,167785,34100,5845,2515,0,252587,4634,8151036,16534,1604,3794,6853,23033,7162,12437,4226718,271,2517,67004,4704,50920,97280,41602,74260,57273,5705120,128091,19160,46084,8143,0,10716,13013,667,1597682,502,3849,47321,8576,17484,24331,8007,0,643,77,3473134,2210,1175,9658971,97524,3814,28044,3847,87983,17085,5478,124756,41886,8013940,84327,53584,3732493,1259,9952,12943,189361,8052,15107,13348,3419,159835,6764,7584,782017,93018,779567,42263,7716,2120718,7319,19894,1608680,26385,31690,2317,9196,47622,43324,120,21855,14121,21463,20896,1752,3734687,11916,43547,44106,31706,1464084,104260,0,22398,271692,20374,300064,421367,1900,7566,6193,0,0,38875,6668031,256182,78,1831,1438,540,19077,2664,19024,16518,196,4847988,3756,102,2443,8274,56157,516,1698,5853,4926,45211,6576550,268,31540,2,65173,6252,3881868,10616,24209,85613,58214,3097,913,24588,459,1565,4282,6472,14987,20,9863,1710,3697,7117817,3648,1604,12781,2165625,21152,19934,563,86225,46947,1919,217,62818,10497,291,8957,897381,452,1662,56,1110,3328947,99575,18927,1987,3892,75507,85986,37926,21102,31925,2307,2849895,30708,5145,2025,17859,21566,140777,218587,6987
2024-12-07 13:50:00,122464,97551,5055594,699223,44894,10869,38635,1753,16411,5017,8334456,18877,20245,5242529,22905,53237,25875,50149,38913,38076,56943,40276,2963,12148,23317,14417,33258,7544451,4301,13161,212011,62156,56189,58769,5333,11803,227134,112387,23873,91610,2831302,26808,12412,2488,34530,1496,117586,1270,20420,3313911,4569,53056,3091,45584,26646,281,20907,9946,910,5920,2209722,194,5024,7321,2516,1121,529,3009,5735859,0,13984,9491,55336,3152774,96734,23614,78186,200,0,121230,30068,8427686,16063,5964,5249,242,13668,12516,15839,4573475,285,1043,41576,75890,38979,111868,94847,79431,159628,5108974,88050,49544,11842,9953,6194,12707,23132,874,2051017,3049,3727,72013,87918,70402,25178,54652,0,24,10911,3595803,5178,3844,8664605,172082,16144,38068,4043,8891,14454,26923,16872,14401,7363764,96945,52381,3825357,247,9503,3583,188416,13629,8895,7854,11805,205856,5533,40596,739736,95748,959159,29503,27140,1989326,546,43507,2023479,26443,62070,11901,4803,138046,118120,2403,12984,7973,10303,11806,423,4895787,6380,18624,34284,19450,1634387,85948,324,23036,304490,31529,98529,624960,7089,8694,10886,0,0,14936,6152413,21780,661,10328,5069,1006,13330,5907,17989,3192,6,5700162,2131,391,444,6709,78377,351,10814,1534,1057,15895,2970098,395,44373,0,63601,1048,3579498,2512,32285,110482,54611,633,51,11814,1,392638,168957,128,8302,473,52003,3701,659,5918185,8667,6283,12867,2437278,18570,46288,47,14294,17540,7351,157,66245,433,312,4549,1166846,9316,5545,63,2287,3173933,469632,21977,2638,9536,44585,98402,54473,47889,13804,6025,3377854,44986,11951,3816,4158,28916,174149,104670,5855
2024-12-07 13:55:00,28546,297718,4820606,393253,127695,20862,20959,5,17133,26737,7906110,30246,23731,6718403,6286,34288,35307,50906,23290,7773,11628,27444,4837,23792,9367,11850,31947,7406238,19714,20096,188175,66916,36315,59288,110069,2495,111326,114487,25619,105248,3322944,64655,18496,4903,42260,13015,104340,20793,46624,3750543,4286,72669,8571,75946,30787,2229,29693,9490,1382,9038,2511717,18,6200,20260,7409,9684,2470,3920,4013088,0,18803,5026,11501,2956689,39364,10035,196324,952,3557,73125,5283,11157105,15102,4011,4376,976,12022,7909,5021,5080252,548,819,27002,8529,13457,34375,3689,18874,36959,7025381,210950,4792,7525,8462,0,2294,2194,829,2147986,0,6901,42715,5155,154860,4975,79,0,4645,308,3650350,12000,3106,10474109,250189,37308,20102,13973,17941,32394,70201,45958,45193,10930307,61939,22457,4280777,8478,14517,3973,167192,23460,7242,9581,19175,111575,20683,10851,483207,113258,1271067,88892,17922,2462549,1497,5203,1969147,56975,38839,17650,9001,304447,315070,2555,37875,4472,20774,9210,7327,4956340,18113,27863,21466,37903,3192671,81122,267,16271,164673,25843,114761,746004,597,10298,4402,0,0,24144,6860661,55001,6224,16398,2703,4035,5229,3062,9954,1577,81,5461731,4426,2872,2899,6457,56620,13652,7477,2031,2856,9984,4143755,10941,108961,16,69070,1438,4746453,4784,19883,71083,41134,996,300,9346,1007,3701,1230,8,19607,520,94480,11271,1133,5827040,23877,3188,4523,2934769,44848,28738,207,2188,32276,4534,3421,12274,15,349,1,1211125,98,21242,4,11075,2133043,126876,23781,1370,11365,32135,47923,77503,19575,20739,3995,3103568,2802,3417,4174,3823,21186,2770,18993,6188
2024-12-07 14:00:00,6730,246672,4876348,338718,210763,12740,16023,0,6201,16713,9172640,32994,15773,5483929,3531,50594,7333,22688,11321,14674,20252,30600,7274,24782,27281,19634,20100,7322173,5944,25338,149907,76864,9242,67860,23664,5446,9671,56594,14614,43469,5593779,62963,19692,5131,73684,12358,144746,21826,22811,4630786,28162,134283,20321,72665,37171,3455,54388,11372,849,10880,2085571,8,14331,81347,25086,2962,3298,19498,5410984,1702,70116,8400,67061,2277133,54577,72203,265249,2091,0,54500,13778,8987389,12855,6120,5175,1,15738,5816,24765,4501420,2628,4764,12081,48236,18016,38528,13952,14876,215731,5757648,33272,12719,15744,7753,94,8947,7623,843,3426654,4019,4703,56828,1785,26533,58597,513,0,210,492,4096452,22881,2858,8399661,12625,9691,24265,5760,13700,36674,8728,19472,14751,12279459,132012,25457,5643323,3530,6449,3520,132502,8745,20243,5381,28988,119224,4697,28503,582443,120722,916272,107186,35542,1885689,18534,21286,2054131,73135,20897,9141,21430,87505,145544,812,64633,6480,638,105423,16638,4981157,31825,36146,30466,40027,2786708,60819,3059,26796,184091,14943,145276,640775,3483,10297,9417,0,0,30681,5740395,12610,580,9939,6823,11046,4386,8594,14636,1878,7,5373635,679,14364,10176,6578,1038807,38752,20022,9210,11513,126901,3087058,13526,60026,2507,52944,2476,5960829,8243,21486,122189,52614,1362,1,22580,1146,59315,7624,2,88327,246,133919,13136,45265,5841498,14620,7094,2311,2196432,33705,32235,4080,10754,36993,10306,3469,48285,146,4226,0,998229,0,1577,15,12227,3247357,64814,30781,1803,4690,25798,51185,30228,28603,93328,14918,2902128,23466,6413,1893,2020,34106,8601,10434,13165
2024-12-07 14:05:00,22801,54564,5411018,842694,52404,6765,3165,1,7470,12915,8474828,20809,2464,5460921,497,29855,8936,56734,2497,77880,7739,37332,1572,17037,211817,70858,22776,6991310,11947,27013,85478,13077,11362,56357,7017,4497,6264,73175,11975,45602,3789917,64071,390221,8894,35500,4658,54015,19176,68611,4638596,647,55024,2942,48870,12128,0,5859,17502,1515,4395,2117131,480,8680,10163,1117,4108,6360,3922,4091156,0,13611,38582,283881,2381958,16423,3085,264904,11450,2267,260569,54252,8896993,13395,2191,12810,0,8749,6806,43876,4961511,1262,10935,5950,21016,2198,24947,2862,7928,27807,5971090,51587,4799,21998,54675,554,7562,2331,653,2240458,5511,3678,63831,3759,12449,3223,3061,0,1390,337,4060177,26276,12622,8323329,19920,10075,48668,2028,32503,25618,9646,24426,12354,7008979,52043,8171,4733747,14351,31498,1054,138508,143706,351070,77919,7430,60797,1802,13706,971379,116428,650124,83003,16399,1967494,2502,7534,1373287,31479,31127,68632,12354,51325,65124,416,75746,4672,6300,9381,2398,5060326,12881,32375,56215,53018,3285539,120627,0,18274,188007,32577,135693,686427,17057,27409,696,0,0,15256,6746542,59082,106,22009,339542,5908,4933,8258,19118,9355,3,5145870,480,6886,16217,1981,39375,29618,4099,12530,4878,13538,2798716,753,128003,3389,45206,3168,4708561,981,22971,123648,23151,4473,31,19617,482,189234,15763,39753,28758,4205,117817,61504,2148,6553001,35527,2354,1717,1923532,44729,91570,84,14851,30084,12817,1942,24455,37,0,0,890488,1430,1703,2,2268,2423935,146729,48552,11951,17247,93688,41892,73803,39507,27663,20567,2848369,23528,34798,9695,11216,51833,20201,48566,33402
2024-12-07 14:10:00,31073,157653,4833660,656628,55124,17645,16050,1821,19419,7291,8379332,15533,845,5569419,1539,33109,3125,23499,477,6814,5945,13391,17990,16752,26071,34111,12508,7398297,5749,20674,137328,5802,12708,30536,2622,13580,16912,58972,10902,55256,2664996,39010,842943,15009,35621,38886,206079,28643,79422,4622889,667,39182,10276,29573,15262,3278,10839,17110,9658,6182,2295694,7234,20971,18428,454,4582,2873,8116,7862197,824,6236,22558,43646,2600188,39781,42095,203273,5955,2049,68696,23954,9903681,10406,4454,1434,133,698,5734,17011,4970820,249,1083,4350,25244,17559,16521,36442,13959,38048,5855419,35770,7016,13193,28303,1667,2681,1436,3929,1878352,3169,1103,29887,2563,6105,14447,654,0,829,396,4300798,73732,11426,9430950,12264,28458,46967,6766,45075,76271,24234,67733,10350,7777416,39278,4649,5004610,242402,17747,582,141889,59497,598112,42134,17547,82741,12886,17108,1109767,91665,609893,75656,12377,2648289,4060,10623,1454569,9957,7484,14080,3262,52140,75690,41,50881,3951,3544,12717,15169,4493788,31585,30462,52765,54445,7057490,105943,200,19922,66115,3315,146415,403398,3948,11122,3570,0,0,12803,7112822,24532,761,50977,34318,2312,13598,5363,17168,2549,3532,4731626,3542,5073,3174,74612,65788,3803,14779,23316,6519,25124,3054654,5724,102878,3571,57488,207,4994026,4863,52260,67367,10441,11213,271,8273,345,385469,17089,24054,41524,9472,91490,8246,1640,5670155,6412,2265,1175,1945775,9799,29646,339,14212,19973,9387,311,25024,0,146,733,1008385,1907,4434,118,2682,2395438,95211,20750,7113,18123,28442,47168,33329,40121,45540,4431,4181892,36130,33379,15529,20824,43862,27647,58083,16682
2024-12-07 14:15:00,10118,187809,5554963,675395,22624,23845,49687,6,12113,50477,7879162,11608,2522,5343362,121,26049,2627,21275,0,488,18994,230034,3011,10936,20684,16727,31852,6811858,4899,21989,162687,43438,17396,45372,9169,8153,13601,75186,26046,29843,2441292,44556,51247,5257,23101,1693,153152,9781,21692,4144609,2071,43222,2938,47993,18588,14891,14371,135394,19564,4373,4017274,0,3687,2063,1104,2192,4786,1819,5173181,0,4197,36813,16360,2122479,51948,20085,32258,29982,109,87463,20278,8027370,9666,23786,12514,6157,5568,21581,7578,4982800,5593,187,45220,13682,3182,48161,16575,40123,24732,5612653,119585,2692,15303,14445,2085,5818,4583,628,1944200,5144,3915,27804,3124,8973,8431,7098,8148,694,9313,4253952,28902,8585,9185914,15412,18799,43970,7597,19714,69031,163960,44518,31812,9397083,29975,11594,4784709,10146,61729,2043,184421,22038,24865,14929,5469,53982,9243,8753,1220910,64841,382767,48255,13411,2119157,2066,23631,2152025,19375,20066,17151,11448,42020,17564,0,31477,4738,851,17053,10044,4290513,20039,11944,31778,16485,2530527,89104,10,13281,22342,8851,29856,11507,7559,26124,20976,0,0,60056,6562371,39468,361,8964,0,6652,17026,68123,13227,3490,2565,5564825,15136,1280,615,191023,62491,10848,102395,9399,29814,20814,2757644,23741,80202,7318,50304,5916,3196934,641,10917,42890,19675,2216,342,14128,0,213850,26843,207,35552,1055,54428,165429,11267,7668261,17389,11523,2042,2090375,15278,15401,27,19732,8002,16491,708,30701,30,252,2956,843591,2608,7390,77,8805,2178284,183797,34236,19903,18085,56287,193307,38827,30154,26100,4744,4429367,3849,21454,3029,568,113675,3090,21718,2184
2024-12-07 14:20:00,12236,373123,5756394,445443,45063,16875,50046,559,12670,11048,12385020,16682,2792,5407146,80,34740,5015,41219,568,1656,32165,25446,5493,18197,32927,126249,12924,6548594,4233,25127,323145,21341,22340,67760,10626,9668,37182,110021,15068,71051,2882498,26566,44171,30137,41318,2483,75353,9728,14492,3824522,3275,27576,2480,59807,25560,0,10729,2999,13498,3877,3267532,54,9582,12809,999,785,1092,2216,3829381,2,4132,9566,2979,2035030,31086,6760,22749,9914,155,56754,22331,7628014,7771,7692,4171,9,10206,21617,8021,4362931,4271,1284,57474,28524,24316,151122,12527,17277,93438,5269196,232524,23117,108010,15573,3598,17643,9383,284,2951935,2732,3026,59293,8409,3271,1920,137,8327,3309,0,3395589,8297,11822,9526984,13136,18572,50937,9285,25592,31654,21337,75522,38116,9871786,37776,6776,3974224,10677,4987,2079,180168,10169,33325,440,21075,113480,4138,5085,674107,73280,1043833,33528,12917,2456541,8027,2804,1860055,23014,36870,22281,3468,175915,20096,2179,35546,1379,3028,48326,17182,4433297,10059,5670,48127,14945,2691624,285412,1987,3692,9235,2205,43974,68176,3605,174693,1877,0,0,17631,5949129,29984,97,21342,0,2428,35744,3449,30506,9737,27451,4993649,11675,5892,800,97,75830,2361,26984,42636,10774,23616,3437293,2085,303771,1553,44551,8428,3325852,1305,34045,34084,19845,1300,64,22886,2,81330,59589,682,73857,2470,24183,331156,321730,5756635,2852,4558,4912,2415914,3799,14459,5206,35079,15291,10071,3863,26504,978,257,486,1452878,1320,1294,62,17372,3885192,120529,23527,2705,595,23661,82623,59170,49029,55270,15407,3523161,1243,13388,2638,2733,16361,3879,30846,1052
2024-12-07 14:25:00,14614,216610,5765021,625462,92112,6624,66912,401,14657,9214,11044255,31899,3147,5320723,479,25980,6687,14336,0,595,13834,33592,10564,14803,9918,47199,10966,5781164,10960,32503,94443,16356,27342,64360,3185,10848,33852,50072,6247,197382,6557187,60198,30133,7755,19755,27863,66099,13367,33187,4846636,6,44278,2772,59258,19619,739,12859,1310,1740,30994,3662440,49,28852,25803,2162,2428,13698,6863,5995320,0,10555,9605,19065,2113969,33318,5767,18252,11701,19,74011,15162,7750400,9956,15872,2222,122,5345,12107,22692,4572428,6726,324,41774,96608,30865,48045,10072,61156,96087,4754742,483679,16361,12605,2295,2011,5017,3569,568,1514055,3976,3103,24052,17016,2397,22289,1484,1815,1790,3244,3237990,125324,985,9847243,176068,24385,17889,502,18121,43963,25297,71473,32666,8562407,16806,2314,3969190,1108,7503,232,120766,64721,22481,8524,32284,104660,3548,28454,763536,98978,946480,35376,12944,2391327,2532,14603,2714064,21861,19075,16036,27602,204406,142645,0,38331,4874,4439,12932,4591,3918092,17042,17452,35715,32438,5584052,246358,3346,824,9292,1445,223840,30588,3248,113166,547,0,0,47386,5867079,33518,516,24969,43,5788,19174,3622,22729,214,1637,4644847,2438,53,844,12182,139832,4886,25549,26383,30053,109486,2857213,3831,107234,1901,22201,11391,4165749,211,10038,37722,27920,2456,99,16097,3107,181866,67614,1626,33741,4481,2631,277289,68996,6461020,16339,5232,481,2034898,43836,49646,113,21453,15090,4832,1012,63896,634,5366,818,1087744,13350,6543,493,1239,3149590,149595,84764,19443,404,32357,122476,30524,126945,57546,24188,3549393,2504,6354,3036,198,15334,10131,20801,3976
2024-12-07 14:30:00,27770,236464,4912072,187082,456270,8890,16284,2896,8039,7022,10784390,20630,6041,4543809,1733,28940,5076,20880,3633,1551,6291,31382,2038,19133,51265,18512,31393,7335680,8351,36479,128412,42043,30749,42839,10132,7840,54177,36200,11096,55590,3844304,57157,20043,19593,33253,47785,35168,8354,75661,4442284,267,23273,8146,42700,15577,120,9283,5886,12134,10714,2224413,0,23768,12942,16092,1815,2879,9405,4702340,0,16037,41441,15936,2256647,51046,9914,5437,5898,277,44900,9086,7324942,18476,1247,10845,0,6376,14763,5602,3931482,12025,882,13415,38685,37240,89684,102939,43244,53934,6644949,120424,68783,10330,15797,6515,5855,23793,143,1528731,1873,23992,33922,682,144,34462,28,0,1405,97,3271756,13490,5642,9081986,23684,57448,20338,1684,38665,38253,24596,69320,43143,8422956,31627,9916,5795411,3385,4077,629,146232,90684,10526,22430,15287,130308,85730,36956,1214478,94260,426354,28321,31281,2497561,764,13130,2172022,13305,38221,2251,4320,126035,57788,17700,40734,13897,4370,13405,8050,4004895,7477,13287,38762,12822,2662039,99422,213,2844,10075,2158,28276,28327,3716,7802,340,0,0,35019,5793560,14814,256,18604,91,6261,5052,6438,8860,547,618,5006127,1668,13,849,22063,243968,19218,28162,20269,167251,136784,3964547,26880,80207,48692,44648,1338,3953207,11559,28691,38352,32432,10902,37,17180,33945,130143,87666,5222,30780,15938,10270,131434,4356,7070210,2211,5235,1026,2133272,5368,23822,2664,875,19070,6501,468,46763,1120,2824,481,1387210,3169,2848,2447,988,3363463,150847,65461,23852,1583,92458,143178,19036,164612,67913,3450,3158599,12764,2430,2707,712,14012,1728,29340,911
2024-12-07 14:35:00,23375,203039,7969931,452953,180994,4809,6089,0,9310,9856,13599480,38537,6624,4989325,713,29887,12588,18849,2384,2994,5501,16636,734,31966,27633,7228,16923,7822832,7388,30022,70838,20332,26775,55119,4828,9635,25068,26892,14527,24764,2605941,44899,33963,27736,29570,10757,65200,19049,11038,4320252,4014,13484,13779,33032,26218,46,15388,15391,11393,6033,1893682,0,2074,9107,36,958,3729,2350,5162557,0,4583,7083,17402,3882300,51261,2100,9137,3231,0,35694,8457,8423602,7193,13703,12657,1,14650,10257,4319,4731455,39118,700,4345,53614,6149,14237,29256,11469,61526,5298005,22065,1381,39828,16708,2081,1580,4776,0,1955452,3281,23345,44777,2925,3413,14282,851,0,8635,645,5152017,19746,12617,9735943,100712,22068,47680,822,35328,21841,24372,58206,38959,10071262,52662,6051,5389635,4130,9605,791,114735,18911,11346,10375,21988,58730,13685,7407,1464747,148547,477841,49695,29042,2080980,2345,6501,2871634,21475,16790,27893,13485,216735,14046,3362,18849,6904,2807,19231,2831,6981146,12009,8306,23578,19849,2451730,174934,16217,21030,14042,1629,119663,52650,2921,20662,228,0,0,167402,7353213,49224,900,14873,694,4511,9769,3366,5252,588,322,7989926,2173,18,281,1612,46021,11170,177561,5309,327142,157288,3582734,79243,68743,14830,52116,3534,6848753,1934,21149,567166,138480,3916,0,14647,187,28428,57774,5399,22991,6778,14967,21026,1806,6094465,30094,5867,436,2546437,33338,31989,5921,3913,25482,4349,692,19686,113,448,185,1145090,635,4040,230,5673,2728229,134446,22964,3133,334,236561,81570,49912,56340,21989,41455,3216518,27536,16403,1029,859,47019,10346,76702,38078
2024-12-07 14:40:00,8075,264596,5277453,581917,167450,9029,32473,390,10816,2091,12431669,32924,2169,4737106,49,29722,684,23569,0,0,13710,35572,1240,16462,17121,10263,25122,7664440,1794,50143,98279,12665,11638,46541,8111,8240,44063,40087,26255,44067,3056756,53828,31058,11417,19801,15080,87591,7058,30922,3788993,3613,18282,6412,24895,9769,0,8365,973,2167,3960,2184888,0,6931,15644,1121,5797,10431,11755,5173635,0,70219,18477,18506,3119798,43125,1785,18220,5191,0,103186,10654,10538485,63157,4463,138342,224,17667,9951,15623,4741288,9154,1466,14448,7982,4662,19271,9578,19375,23127,4181411,39705,10357,11635,13884,2811,15732,5291,42,4959264,1740,5191,74767,21274,2350,18660,569,2,15125,5131,6640824,13464,12224,10657931,28619,29706,23470,1764,24054,26808,21355,121384,26754,8548123,23952,12339,4504432,3838,12548,4063,136774,24668,10038,24070,138841,60592,1743,11405,547973,125814,1133225,52639,16630,4326683,2747,5907,3337708,13148,20892,10327,5496,119867,39697,0,10761,501,7962,5795,5555,6989442,6762,7408,12890,22821,4776927,81878,857,2880,40203,10248,50064,34181,5965,12884,1223,0,0,206217,6789621,105226,95,14109,17261,3834,1644,14535,7399,8648,493,8571465,2522,2542,1881,1538,47489,5805,27702,27929,68231,15885,3376711,7770,60214,615,28707,7475,7368595,16236,34730,65687,49026,1821,1425,29976,50,77463,14282,8204,14733,2101,28533,34108,8583,8013478,8122,2188,14585,2610251,9647,29289,642,7013,19576,5118,1088,55980,4,12,397,2068729,2000,1429,0,12626,3464898,172809,18539,2014,2094,22546,69592,21569,22351,9809,991,3892728,11848,2242,1545,5500,19152,7439,14990,1366
2024-12-07 14:45:00,36673,156849,6397959,369955,285916,4097,20727,986,7137,13813,8502351,24506,1591,6058969,0,35713,1774,5820,2,665,6999,24507,324,32133,51511,27198,25626,7702351,30215,26928,114052,41086,6686,53230,28425,20128,20878,66536,20407,50625,2908040,52945,35057,24789,55722,14880,118713,17588,22486,5111339,5336,43302,9509,38216,25446,0,17971,622,3,10737,3141361,0,9076,21437,11964,5666,14506,18463,5114426,0,7756,12700,4802,2564163,33502,12532,3766,11530,149,56773,12498,10608114,90368,10111,78731,75,73124,13516,35207,6076328,8984,43,6567,21922,5446,11648,2619,4408,37227,4615510,47990,25557,6360,6066,2369,4541,22333,11,2072812,959,14538,52965,9136,7289,15792,8983,0,12284,5066,4021463,16946,5874,10377033,26501,12458,16483,5350,23428,19210,14669,62707,19435,10410074,72779,7660,5109919,2057,10130,3942,164278,24993,16350,2144,14813,148172,5274,2836,303699,199666,1214978,19835,42694,2110392,1412,3901,1745118,29293,10296,1366,9123,61648,34559,60,18284,23000,3177,20889,9624,6650518,7477,14982,37556,18277,5144551,86615,0,718,15814,1210,157721,19818,2223,7895,32891,0,0,72115,6910822,61028,800,14488,982,32430,3724,21994,12111,34755,1761,7531182,1879,3574,3854,20787,104828,3868,20686,50501,80405,35472,4424735,3185,170727,4373,54783,37223,8336283,5849,24740,65033,54769,850,0,15562,213,232584,109520,14315,12613,3103,9902,21921,8200,7666235,585,3546,1591,2787445,2956,22406,0,6461,272192,16754,1588,23267,0,1726,8,6696852,328,1212,685,914,3155913,172200,53190,1274,90,14541,78996,7223,55678,19355,4437,3610433,2283,5062,2282,2804,34212,9880,16566,3275
2024-12-07 14:50:00,19985,122978,5177854,605950,125690,19322,37771,1302,23992,41492,7936282,44881,5687,4964613,475,24482,3205,17825,3207,1111,9622,32590,2174,19003,18528,32771,28318,6724890,15627,16821,86439,35832,8828,44523,4815,19490,19010,41074,17507,75259,3111829,65058,28919,16227,24732,7478,77537,8474,9610,5735169,123373,15021,2456,187582,22383,1140,3886,1168,800,1237,4152870,5,4274,10538,174,8469,2147,9372,6706738,0,10434,17674,3891,3184845,14843,2128,5388,7923,0,74470,8571,9556288,53958,23214,28245,1,106039,17975,46179,4770606,6972,1730,4081,17242,6367,16894,4481,9134,41124,5407603,49005,5893,25704,6193,2045,5444,7836,2630,1606288,0,11708,43710,25403,9021,15233,5458,0,1552,696,5088649,35310,11349,9606109,16742,26998,29444,1430,16712,35235,27741,55351,40796,7574031,65483,72012,6593946,1521,21932,602,94135,28544,18054,7691,7906,238184,5713,6992,483797,128693,979678,67908,47698,2254748,6599,14057,2570674,36111,12578,5370,19435,84304,26757,1,20740,10656,49341,8559,912,5594249,16074,40682,72452,53572,4106770,65202,4431,3848,15495,1399,30662,37917,6088,26573,95,0,0,27263,6558414,21136,47,16236,1876,1123,6942,16063,20929,15079,314,5960398,0,0,29,8181,192732,6986,32041,127800,7618,52663,3266055,15569,131733,119373,66360,4681,4518655,2578,43225,92379,29894,16821,583,10159,511,172880,30869,8344,25851,1505,9953,12027,4747,7187651,10162,7477,1253,3341483,5943,24219,1155,9353,18572,42816,6468,78143,61,364,34,4253430,481,5935,166,3841,4583914,152599,209352,1959,104,28817,230611,20858,73920,28609,4113,3058231,1315,644,763,563,45281,3476,18670,622
2024-12-07 14:55:00,30386,63367,4652770,751257,68753,8790,21460,2693,15007,16183,7917163,39553,10312,5591337,5792,19785,3797,30254,3006,5692,7118,41208,2547,194206,38096,13359,7416,7101263,72472,14305,69739,43544,17614,35815,3296,3038,26154,58048,10746,85849,3702597,55765,33978,12947,26565,13804,78861,24271,24460,5237465,865,14830,926,81941,28996,6706,4966,4397,8385,22204,5286644,0,40851,21868,2472,2229,15777,6755,5782142,0,15382,15835,4451,3164778,9316,2474,20005,6154,0,215801,39533,9015600,8527,4658,3316,0,60468,20486,22486,4816039,4271,1837,3848,9468,7004,22323,2434,5095,20350,5639006,33405,1377,18105,5342,909,12433,10945,9,1899232,1451,13040,96848,2962,7979,12107,8,0,8625,1,4919592,22524,5610,9638396,31497,20819,36241,2916,14520,37064,29585,69689,38141,12625925,62227,14930,5393467,27912,35062,544,83788,49334,16622,26913,23059,261098,3852,9203,340395,92270,1407896,10406,39129,2161520,22704,5548,1695342,327284,10118,4946,6668,1558074,14108,739,32392,16785,9772,56884,4876,5809122,10722,29908,46486,13572,4251739,77886,0,2719,28002,776,47661,12298,700,31801,5090,0,0,59295,6078898,19653,2485,11132,18739,6543,5205,19415,17085,3227,27,6703447,6688,0,82,18361,88992,9146,33430,50523,8239,44536,3520611,15066,54089,237,63894,3236,15890735,7272,44629,50412,11164,3799,13349,16969,78,37088,38588,27775,29768,4094,11474,51462,17321,6730436,3515,4415,1434,3934888,18212,30158,116,1917,8954,4241,1417,36169,1,18,0,1201917,134,10327,0,3170,2893882,244455,169277,2182,353,15712,283986,18073,151229,48647,2618,2829873,6483,4576,5514,3803,19750,1443,16557,1725
2024-12-07 15:00:00,26052,98925,5237127,704384,120861,7262,27244,122,17985,7612,7741444,80117,3017,5687551,60,63861,2123,53334,37609,116,4857,31632,3722,75695,54448,19467,11162,6936289,88718,11470,155430,40398,7319,95626,22245,34067,25770,65062,36126,89388,3489881,62879,26074,7039,33643,10777,91100,4291,20110,4707857,125,60133,2279,49492,23528,244,6446,900,3373,7397,6061856,27,4838,12834,4345,294,2230,2259,5996311,0,19270,5888,7946,1782316,8369,5176,12800,1684,0,58631,7060,8647815,5086,2345,28890,0,13731,23642,4734,5623407,115916,582,14392,3543,2840,17612,6638,44232,11413,6318570,33033,6547,3638,11031,661,7334,11264,377,1458866,8257,146112,99048,8512,6338,11364,1756,0,698,975,5154904,34067,2646,9836435,251955,8150,20237,1062,6814,30538,33933,32110,11291,12502085,51041,9087,5471384,12994,12901,3182,155281,24635,17113,24483,14777,111894,21011,9555,617744,375762,1018709,12773,290756,2060676,21302,26422,2438435,15880,45234,4386,23199,55568,112941,0,29765,19933,17596,6503,747,5494643,41075,18046,109238,15239,3000299,74971,0,2338,24569,1295,36237,41453,2680,45795,3375,0,2328,10922,4682855,15350,0,11078,197,6543,3242,25138,22914,1945,808,5657494,1195,673,8564,13948,79605,4124,13739,11515,37,32562,4547413,1204,44891,560,57359,667,12186327,1146,35922,52463,11170,1084,26,8911,43,41568,18009,22975,23627,996,14526,16258,12905,6666512,5579,38743,2177,3663343,27133,46039,13154,576,27375,22024,2357,22638,2,270,1070,3100752,1533,33951,0,716,3741414,136186,118835,3656,388,118764,345574,13958,77973,69477,1123,2116056,5142,1700,4415,1170,29805,8263,17555,1743
2024-12-07 15:05:00,30430,305198,4579870,531051,68594,7122,48730,6788,13522,11807,7044278,18420,16415,5116571,4785,23067,10707,18167,9527,8852,14326,46080,4566,21534,33354,10619,8639,8506967,3018,29761,83890,72751,41414,168017,109609,9961,42929,207761,28092,91604,3773941,29710,43677,10705,17803,12572,109647,10607,14243,4298398,625,31307,3304,38299,11932,2031,22367,1841,1288,6428,3832415,257,5349,11452,1149,864,2608,2914,7736929,3,31666,13233,22856,2138871,90168,27756,33119,5863,0,37724,13717,7893561,3375,5380,4113,21,8018,7980,2915,4467714,6822,643,5392,23589,28005,66944,70224,9676,78082,6303461,134152,48757,29508,8436,613,1406,6012,0,1126614,0,6999,75868,5489,3423,14474,784,0,625,1563,3960694,5995,2913,8398050,83201,14531,8968,855,18939,62479,5196,21790,4618,11257900,49151,5297,4815482,68797,20095,798,129688,25604,21468,8712,15436,72945,3355,6233,520336,44918,1079461,12217,12083,1569274,2296,12287,1960666,269240,8399,71824,4950,39080,25704,51031,51945,6804,5220,7286,2223,5017066,25418,24401,81245,52222,3019738,345026,1,3302,23352,7726,57214,15207,4977,88944,2443,0,23209,27626,4169869,43343,270,14178,11721,7999,7603,2106,29319,55,574,6130233,394,0,16901,4952,161393,122,7022,14504,8293,26777,3110567,298,21945,223,33735,4267,13558094,241,4267,39631,3998,762,402,4612,0,31820,7218,27634,15092,3012,9887,2282,6371,7581664,11196,5132,92,3119740,15871,19939,1766,98,15022,4265,413,15786,0,22,50,3159396,2012,25033,23,13379,6196280,164283,132299,2593,2833,31014,459266,14618,79629,70747,450,2693050,9587,46107,14078,3360,13448,14512,25620,47099
2024-12-07 15:10:00,295202,203250,4470616,390210,52461,26503,35289,1167,21382,7482,6736092,37117,16672,6512848,103,21102,3951,26711,986,2258,6205,28700,3820,33439,27171,28564,24218,8483242,6783,15853,119000,119169,42242,175184,39166,9966,215156,215800,38579,73095,4012303,26146,18835,866,20384,8346,82153,21225,19002,3387946,15538,31108,971,115907,40935,71,28701,2307,3855,2935,4293516,0,37525,15166,636,921,1261,1847,7586862,0,40686,16875,53777,5623025,73297,27895,29522,11200,0,45841,11455,8609020,2632,2714,3752,32,31070,9845,1296,5544173,10161,38488,3773,87046,11532,31258,34011,13572,118667,6809810,126730,19761,2669,2819,1106,597,7483,14,1526316,852,4139,32089,9451,5593,10895,1966,27,22829,671,3343882,23428,11253,8753722,11041,17446,35184,286,10598,51431,11949,25646,25020,10749541,48302,10464,3816447,51951,22514,13594,98783,22546,18530,4254,18697,171043,4321,20056,342548,161414,1159704,47039,12817,1686249,2461,16835,1872130,29669,20681,35612,10775,68350,53355,0,127172,140367,258088,11794,11022,5260203,26364,49568,59927,112011,2165148,111083,5130,25193,15559,5763,100139,23473,5034,25089,2401,0,3413,53510,3938612,15184,2658,48888,2051,3476,30704,4108,11938,213,105,6592143,4729,543,2236,3873,61271,6707,71341,21568,26633,19163,3325467,13241,34790,211,115266,5530,9403884,13305,200975,149354,14051,591,17,159647,83,8159,4341,14989,46407,3808,107357,2410,5227,7276568,30357,825,5091,3409758,18430,30657,3,5076,17448,11871,1129,23302,55,30,92,3170219,335,34649,373,2271,4481479,153715,32814,7762,974,85572,110454,17206,31223,60750,1429,3518117,2192,5029,3470,248,29305,1909,77647,4500
2024-12-07 15:15:00,221206,103118,4205017,528810,81314,13394,63286,43,16041,2830,6720209,29942,8214,6518238,307,49889,11115,26096,1772,3169,3114,231789,2405,9844,16824,22567,28635,7486175,635,45931,199207,89531,42435,104071,109387,1037,87481,153975,227028,96987,3497823,13585,40955,13000,11140,3522,112676,17058,32967,4366968,677,15121,2005,19132,13624,33,4607,9132,4689,2144,3967174,63,7376,15371,9931,3373,8130,11499,7644640,3,12435,6520,10042,4453943,174806,1605,50754,5331,0,44887,36189,10667810,6222,1591,1248,1353,14465,13312,7309,5797669,3254,9476,10386,32955,24642,139058,31768,14085,69058,6814657,362836,44360,5919,3160,695,318,12213,0,1206834,0,15613,39215,12540,855,3685,62,0,2125,1568,4195512,11600,9767,11706402,96076,14924,21135,3368,79857,23462,5935,43350,29160,11835354,85578,584,5168562,28225,39371,1409,80991,25785,19471,8801,44049,435981,21738,366679,513345,58927,1228662,20217,18167,2633821,6291,70647,3142630,84443,46595,16648,49874,171841,22872,10984,42221,11488,5422,9139,0,4480051,9771,22069,33550,46608,1774294,151087,4194,16206,4564,1909,124303,31667,1401,40646,9971,0,0,29459,4719987,33618,684,32704,977,880,2859,2930,14696,4,176,5158499,3571,142,5048,1787,93991,22787,36129,12665,4443,41846,3701217,19263,40052,1479,144102,8278,15315721,19109,195928,118678,53958,1312,2113,101393,0,4706,2396,31039,16987,5859,124036,11850,7558,5576398,18428,2411,1461,3751674,104186,338756,920,1920,48143,4074,1394,20336,34,6,159,3565247,492,17841,1,752,5262003,122752,204188,5029,337,147674,264985,23092,67074,81867,24667,3612611,43315,53301,70253,61919,87958,56532,104187,47852
2024-12-07 15:20:00,66486,187741,5073618,588652,76725,5721,11823,0,26163,5617,11660681,51987,4167,5923918,2338,33323,5686,43733,176,954,46775,34353,653,10265,20955,21616,30624,6645938,995,28229,118483,78400,45708,112932,244345,2173,113413,479494,35538,115204,2843083,14681,3801,7848,9072,10261,68883,15954,22847,3523297,462,33308,868,28793,6065,754,9072,24007,4849,12926,2823635,22,15170,33815,2903,16571,7910,14404,7813986,0,29330,62995,5130,2999504,20289,4549,25200,1057,0,56369,26491,8611139,16020,4349,14223,0,22008,31457,10794,5477716,2158,2644,56746,14367,3696,16654,12900,31081,83368,5230929,96320,25123,11463,6088,745,484,6916,0,1601391,0,8766,60154,6149,1169,9511,197,0,1418,2708,4252883,11136,10809,8396515,38532,11154,23402,2723,15308,34268,26657,29722,27631,11388652,60938,396,4149289,11831,9247,132,108600,16245,9103,10773,19402,89467,2058,87410,595577,49932,1040348,7889,19977,3320353,8960,123644,4148727,14211,174650,20220,20225,395988,15795,0,15241,7838,20910,11475,5493,4652463,17259,7908,65028,17910,1656898,76877,1862,27413,13148,809,41698,10949,3503,29615,2220,0,0,15783,4194822,16523,576,25670,25313,1040,11142,4673,12287,1347,20,5136475,839,27,2092,2903,58061,33121,23627,15423,5047,13838,2801796,14807,49351,204,115286,78218,11042576,55346,56661,163302,49825,9437,4244,89387,16,20110,1222,9434,22163,3801,150323,5726,6754,6282375,11227,14306,3606,3220289,12748,19964,3050,1572,21300,15210,781,16648,0,0,59,2620176,394,9439,0,17431,4912370,96425,85504,2655,1883,23373,174274,6098,51804,91704,2112,3822678,11385,978,1294,41,18591,8295,39724,4168
2024-12-07 15:25:00,112402,189664,5883844,587511,93333,14298,19218,0,25765,8836,13853481,27617,13872,6485133,145,30376,1307,9174,764,114,2043,25849,220,35186,59266,14006,39447,7578642,4237,18385,59441,41619,81834,69284,20837,5174,22321,265757,33807,58633,2832711,21357,8933,5455,20558,4354,89064,11880,10561,5749037,1592,45992,2768,57740,26440,1044,4134,13217,12793,8623,3695917,49,33042,101632,6367,7458,8644,19813,6847059,0,37432,13055,28388,4200716,64680,26242,2205,6730,0,47740,51017,9179940,2183,5122,5117,1618,14547,46449,15893,6044391,5870,903,7703,4769,4241,32833,3394,7235,38448,5142136,99736,1345,7527,10558,1104,2,6597,7092,1362621,0,15638,29771,7516,1269,16167,2189,3,14245,2102,3894722,29211,9524,10346052,15080,27918,18830,286,11193,23563,21136,58773,28763,12834806,83235,5296,5851951,8296,11929,329,110149,10725,12140,14509,12080,60530,922,4298,596482,62038,1146407,14512,32292,2965974,7679,125319,2455253,32029,180156,17891,28331,358675,15154,0,29259,8323,15571,9123,6024,5060182,16821,10614,65342,40698,2111699,112859,735,25319,18888,1838,40647,15491,1469,25636,756,0,0,14448,5857999,9896,3343,24133,8026,3712,12902,7138,30997,69841,0,5845213,4881,109568,105,4754,69618,7468,24010,34579,30614,43412,3694362,14694,42818,3653,106859,123371,21368522,4864,26170,63864,191962,18653,1544,34228,1505,5898,6297,5551,28775,1374,120105,24606,3643,5969478,19890,90,3195,2691544,23936,20811,421,1743,53228,3155,411,42698,15,769,748,1680529,484,10969,423,15925,4516066,96947,49807,3568,51,29601,35140,10632,46391,29373,2546,3029654,4743,7314,309,619,26914,6729,29826,1132
2024-12-07 15:30:00,55459,316405,5749268,450974,91341,4106,8633,359,16761,8781,14926996,23447,22642,5954127,2913,20620,11451,18938,1680,4339,895,24624,26,13527,26181,12901,14571,7781602,2433,54492,95547,386841,16136,97688,3970,6286,61017,75357,10521,19454,3011162,14340,14384,2020,77369,3278,108348,6606,12364,6595289,4624,27289,2955,31905,20526,2363,4318,2103,774,14814,3287959,0,47485,32138,5915,3426,2619,7180,9023314,0,20474,30327,24661,2722692,40993,8318,9920,7598,0,70310,30800,9287385,7403,3343,7002,0,11701,29157,6168,5507528,7566,2664,29062,25648,27731,34144,3367,21419,56540,6388623,110877,44554,8303,10689,646,1099,4213,53,1279226,1458,23098,46277,2654,800,40787,3344,0,4372,5271,3639088,29134,5128,9045047,267741,17334,22164,2899,24429,26095,46501,48520,39956,10990012,86505,19919,6584770,4779,9986,7275,125912,13587,4844,2427,24910,71826,14581,7992,1251577,60063,435777,18052,54679,2469959,6361,4631,1833162,24101,96272,15410,15272,132575,22195,326,43838,8153,4889,10082,321,4767615,17189,19462,43073,28052,2514545,123409,10700,17293,32194,2467,38572,7179,3906,25269,47249,0,0,42088,5549681,26031,18765,36089,17227,13380,20206,50210,5223,72192,2542,5452309,14142,602703,327,2630,42951,13116,47966,53065,16826,33388,3372908,5185,44770,14835,39875,1327,16493848,471,7534,66439,8106,1171,2265,7386,1033,21976,8339,369,21320,5465,164078,15374,5831,6455543,11228,2409,5292,2326806,10647,39230,219,5684,33907,5018,8429,71138,42126,9803,9058,2168804,2473,12534,8923,10166,6778544,173017,11884,33637,1732,50899,56788,10408,34580,16158,7357,3254198,14117,2638,1281,2882,26591,6016,10140,5803
2024-12-07 15:35:00,14440,429256,6970416,449449,173362,7290,6609,346,16156,1751,9329132,38698,12589,6513536,3201,33924,4839,45337,1522,912,3582,63398,853,17096,18445,10749,9025,7084305,1158,21090,157520,220183,10126,163647,4822,3813,46390,75914,23521,28388,5160294,14887,14974,4331,38581,1999,83577,16236,23287,3993377,15494,43826,2090,35944,17145,200,1446,29673,5932,19104,4932869,10,31739,192217,4532,7474,1508,3256,6135812,82,42920,39696,19369,4795625,35608,8442,27242,26507,0,86129,23804,11505807,7108,14830,9063,53886,13858,34501,23504,6331526,1647,3172,49751,8599,18818,42581,14211,42605,127644,5429742,58850,4967,29831,6803,491,4899,8186,7438,1322343,2576,4669,155514,1823,24508,3220,199,0,2452,1014,4179370,40377,18900,10857724,10376,49647,40047,8104,14430,43753,312424,122988,61047,17925752,68551,27718,4235775,10607,20170,7883,101383,8046,8437,3744,52557,122735,759,22202,725106,100804,829126,41527,27899,2065782,8741,10085,2007294,19679,57700,33603,9097,172465,38278,1129,50988,16849,22296,12114,2428,4626640,11571,8905,55386,53300,4476913,327147,2145,32405,21249,1056,50253,195771,1148,9711,20411,0,78,37049,6291693,103955,9733,51245,10243,6687,5041,26545,11793,104659,155,4813824,1322,540130,40,1698,44042,11248,32397,60423,31334,40411,3055163,17630,19894,7298,47213,1982,15102403,403,8449,41686,29741,1225,248,14738,4877,17551,2345,8093,16857,15374,69559,4876,10430,5691428,9494,1261,1251,2684886,27565,51995,1061,4198,8659,13811,2334,63177,39391,483,19193,1850593,120930,22316,9496,6354,3553006,101168,61034,16643,519,26821,141404,49739,80162,21817,4391,5264612,9165,2988,3184,167,14040,8166,20307,4418
2024-12-07 15:40:00,20688,173146,5787995,792159,217887,14532,48036,0,12700,17105,10627773,36211,6892,6747492,232,49045,10328,33304,21403,171,4201,22610,508,27132,20645,23689,22842,7857022,3718,18503,88175,43471,11070,57381,36046,14539,45975,28259,26291,18487,6648286,23169,6748,7774,24696,9382,157614,25929,18645,3586573,7727,42912,8570,79554,44540,252,20896,2686,357,16959,6815690,0,16335,28093,1025,5106,5772,9284,5100247,0,12928,38635,19005,5252644,22628,4549,8783,26630,0,121356,31568,15009218,6856,7946,13245,13,6809,18341,19309,7439891,4884,468,7285,16730,4075,43830,9183,18156,173987,5215721,56483,10000,14747,1746,3115,2234,489,1849,1681943,0,10968,55426,2684,28291,16025,196,0,2814,396,3683626,48074,66508,10710554,13377,17685,77038,7734,1009349,40223,224128,266028,32285,13308426,47525,4962,3826921,14735,12673,2868,81033,41959,9929,13291,56767,244159,28845,24222,539524,158971,926794,16576,17221,3486953,8616,7850,2405117,48618,10220,63794,11742,52125,18454,0,109977,4898,3078,108391,7275,4466059,115678,49911,61238,50788,11494180,546464,0,17781,34672,8994,45244,25436,871,17613,5654,0,0,24047,5596494,36323,5125,29307,17912,966,36577,2961,32337,245643,2473,5273266,10022,401984,26,112,64845,24084,20627,11741,4796,22511,3513388,20163,379217,2078,72736,4661,15546442,14210,42691,35101,13117,952,59,39900,1474,9288,905,349,32823,10907,2069,7245,4084,5803850,25984,50848,5011,2557709,18241,18898,19651,34325,27930,33541,8418,46544,4565,1669,7707,1547444,4036,3109,5303,21871,3034047,148047,41434,4740,2326,62394,139062,41007,67668,27435,7571,5109348,11026,10265,873,6923,25733,4966,21934,3030
2024-12-07 15:45:00,146164,132896,4074896,841551,196154,21977,33626,845,119286,62575,6643237,22392,7135,6357174,1898,29392,11424,45873,5667,4669,5515,35196,245,21473,29792,3002,6957,6869548,4762,15339,142227,49410,14956,128800,18198,20217,32003,30735,82329,28006,7229889,70257,15454,11323,61725,6607,170889,20448,29376,3698999,2802,142437,21536,110759,28886,630,30629,2303,902,22223,5845338,25,6856,21948,2459,15691,6197,6017,4813064,0,9740,35037,13473,2858368,48828,6469,10152,7769,2,338664,15769,14504783,7940,5685,8237,0,4988,27276,12934,5786430,506,620,7826,3110,7439,48975,12958,25583,45505,5559219,47615,2975,10801,2,473,1330,776,179,2279214,0,6037,32619,5743,584,9039,295,15,4983,154,3674319,17662,6666,8946018,188579,17457,30763,5951,30805,41463,21215,65278,40381,16058347,121848,41687,4507258,9647,9060,1086,181328,89265,2549,3754,18235,85202,8739,14848,625804,122809,1028454,11943,42520,2167506,6531,9674,1900251,77956,32654,57096,3884,90245,18714,0,118031,5628,7225,25532,2508,4280691,115289,38497,39615,39117,13736034,106295,146,1394,15310,1537,60904,27294,559,11389,30480,0,0,11560,6093133,50183,7302,10362,22,482,6667,7921,7188,71894,37,5135039,7933,530120,4464,7979,55171,18434,3511,28599,9321,99945,2899722,1164,320516,1112,52954,2316,18247217,14330,47948,96305,49041,3632,2136,40325,0,2861,149,2500,26954,34316,30343,387,6475,5260054,4716,22826,966,2147874,11944,31453,1393,12965,16077,1477,296,64838,0,0,58,1610676,663,4191,348,3216,3057207,116146,25966,9867,735,52222,47481,17103,27797,19575,5796,3399211,10080,7175,3693,378,243137,5723,25243,6198
2024-12-07 15:50:00,194881,119650,4625164,566630,94557,21656,75409,131,128139,42711,8036702,12333,1016338,5449017,48309,37740,17544,60500,76332,31394,89313,24688,2416,16773,22715,16150,13178,7533300,4422,9915,74698,46297,12704,517094,15292,20677,21845,30046,2327238,51778,7869948,26237,23163,23134,85833,20638,100013,13524,14164,2797354,9135,55985,1306,82260,34378,4047,10860,698,73,7223,2765748,0,6995,3466,2725,370,7997,3886,5457921,0,7354,68480,16081,2264275,31407,21754,12196,15817,0,54122,17113,12231931,12159,18810,23002,144,102,18074,15732,5542328,14921,1294,1301,3675,1604,14872,12055,14229,72353,6391260,44695,1986,6998,1800,754,2780,1477,18,2346212,1784,3123,63818,4730,2588,12139,3190,0,8584,245,4325424,21283,4304,10133504,114135,84357,29813,1398,14731,30506,20626,100208,18971,21732859,99037,56070,3730575,33616,19071,14633,110182,34456,9981,6793,12260,96628,12005,105001,147466,54215,1194608,13071,12320,2364723,2030,17843,1397623,43344,17565,15728,9278,283723,24495,0,49830,4189,11843,2155,220,6030914,10438,7622,24591,33621,3758815,88391,3228,6812,28511,20793,68560,31578,796,9907,6283,0,0,37928,7423465,11141,6491,16305,52,6673,9225,134,5426,1736,217,6058924,778,1817,0,105,135733,4366,10434,217902,7164,20046,3180323,1967,59229,18432,93999,2581,19045016,1272,15750,135613,27720,675,1,10114,242,14249,1414,5854,97203,65685,64689,2547,7058,4750571,71852,13555,6926,2444126,22312,22778,7916,5891,15700,2729,521,33165,859,235,2753,1433489,1281,9157,3,3614,3643336,87580,13841,12285,302,51919,80664,22152,22601,9185,2455,3624630,68089,2308,10187,4069,220158,26369,63785,4386
2024-12-07 15:55:00,39306,352961,5462885,456099,80318,6480,11120,5,8798,16659,7910509,61701,42749,5474768,30005,123980,6989,87931,81045,37576,42742,42791,2381,22367,47469,12236,42065,7434507,10585,10625,90564,7126,5982,33105,5347,11350,21309,20112,22407,249264,4860835,13361,13552,8130,872724,12239,177315,22980,51561,3621659,80875,113884,1439,111009,58798,7812,17612,47310,1558,3780,2902302,958,20738,25614,7964,3704,3475,2736,6867578,4506,14269,24316,48838,2232289,52855,13251,20433,5146,564,72537,14142,10930903,5180,53204,12000,3544,1618,16130,27433,5693955,9514,643,4465,4499,6209,109246,16542,24402,89471,6519391,163785,2675,2607,1931,972,1058,4105,3,1779182,0,4023,50666,6402,9121,15312,6075,0,4234,22,4017427,31091,6925,10127175,42668,235734,39735,17621,30903,48724,78835,132169,32809,15996727,726166,24117,4571322,3668,11308,10896,221622,36110,4641,27052,15387,65964,1211,2132,191255,47562,1222729,17314,5816,2004525,93,2701,1744434,33622,11993,7048,2307,46634,19513,0,11386,13078,7281,15546,5823,3953218,21023,9147,26742,47210,3584995,93345,578,9983,43671,10022,31853,30519,5943,18066,3619,0,0,22314,6102933,38185,8493,16982,0,1682,46927,1125,33832,39,848,4891816,6342,0,0,281,71300,8719,20577,26304,14717,43564,4115615,26533,49870,7524,57537,8792,16399793,2564,19855,101960,61051,3230,14,8189,0,25069,29822,81,12500,31051,282057,17275,9795,6213543,99209,3814,825,2599681,41600,15256,11948,11864,10685,2214,663,36206,9,159,257,2150652,1072,1224,948,2514,4378695,349000,39017,25815,980,59324,69833,17038,52725,14939,1983,3926762,4773,1443,29739,1696,69607,409028,69677,2826
2024-12-07 16:00:00,64914,240092,5214401,339804,209622,33688,95536,1640,22041,23752,8132016,77160,57168,5933831,15936,20054,25287,49176,39199,34194,16949,25890,8322,21034,28769,11861,27029,8188263,2006,25168,110395,34664,21676,59039,8226,73615,13491,19632,62820,40354,5575251,24504,14809,8057,451752,11918,454661,5189,23686,3907994,28828,34866,25216,89511,155575,867,21832,1091,772,15080,2835782,738,27096,6708,153,3905,35459,7142,6937052,8551,15580,68845,25691,2725389,75483,31880,18884,11091,0,75426,32048,11608739,16184,12987,5572,3837,1385,62796,19714,6441499,5591,6734,33438,14796,1943,28292,52313,53258,19930,7427906,74411,8672,4325,1941,632,19,1871,129,1778934,0,5708,23413,13508,2245,9497,3188,0,1928,2698,3728590,44131,3317,10877580,243830,151164,54841,2515,40119,104925,32656,198767,90957,11735830,439560,27820,5249884,4002,11387,6684,336448,16655,12240,11134,10453,114845,2426,7713,440456,54077,878254,13463,48804,2061162,826,5189,2835227,18247,33393,299,1934,128083,50319,0,18877,6256,10801,4780,4169,4450624,19030,8227,41135,17241,3348916,130991,3,8554,32133,4589,37685,23127,15573,16844,4164,0,0,16427,5430768,24261,46,9700,7620,448,23568,0,31005,743,4,5227656,2480,2,0,14,154533,6000,27083,37172,4764,35382,5080964,8226,46824,4772,180918,1283,8587258,18976,71955,135825,34889,7455,8,58282,0,35340,12677,193,51122,34152,220150,19638,10576,6318704,46871,6361,1155,6328318,69576,41777,27114,5552,18957,7412,205,34633,193,70,28,1166347,283,1833,40,5451,4062758,511303,86205,23447,238,140886,64577,44654,120989,145830,17290,4049913,9296,4689,100338,82124,96743,149255,136636,12086
2024-12-07 16:05:00,7361,255465,4560379,571407,40833,13413,75989,1365,41715,4439,7542256,75750,32152,6900550,17381,74147,27964,41304,62544,27837,37895,31885,5835,13690,19548,17173,17051,7454484,1456,21287,110734,28569,27636,23030,2802,4232,20621,34815,11476,38758,4174809,55395,7523,25651,727994,11679,495464,552,11071,4655097,13117,115093,1232,143897,209649,12394,697,6821,465,6681,3995702,316,15067,21111,100,698,1129,3850,6309469,8334,22545,59394,33383,2925184,48088,22722,13499,19869,0,131751,28164,11367161,12375,100905,18024,11078,1058,177746,63937,7121997,4158,6454,9680,33831,10193,16499,7108,10462,59787,6369833,21084,7353,4755,1490,525,65,1497,100,3036560,31,17915,35605,9486,2450,19398,1575,0,14028,5170,4497159,41206,26517,11375579,91943,22522,96597,1192,36520,84931,69973,109561,53604,8060105,703973,29701,5916760,20257,28409,14392,209567,12035,12167,7932,22575,88831,2463,41045,509540,210167,1209475,25928,17560,1886035,15764,6495,2748004,20139,15972,3436,14208,69916,52574,0,35530,4965,3824,35415,3178,5627266,9396,13621,69171,38126,3549996,93462,308,4938,5662,1164,16529,20644,184,10011,2645,0,0,15995,5375569,49514,798,19922,14164,1682,118706,9049,27237,130189,718,5589388,1544,148297,3,291,49776,13232,13899,11744,6397,50076,4047937,13961,127862,4696,36291,16182,4939637,13350,80526,92966,189873,13303,80,92356,20,6324,6639,1383,83818,34897,211559,8721,3640,6893332,59144,3376,2535,3255250,71968,30050,9679,24769,47355,7736,384,18614,1128,5,6955,1184654,3697,1568,302,4655,3598073,852929,29274,10822,4337,110278,252452,45014,207343,53521,2422,2630096,12377,406,2490,0,14556,1937,82386,6829
2024-12-07 16:10:00,49201,107534,4814241,607816,106546,10761,30139,2464,45552,32725,9766623,40857,21428,6309859,11609,41260,12814,33787,18736,7423,19642,20282,12705,38602,36628,23073,95294,6473445,8786,19405,212037,29396,27521,62299,4200,26378,29802,33094,35729,22923,5629101,23659,24101,60219,547771,5604,708397,61416,17533,3985979,24929,91708,5745,97696,13892,26111,16326,27292,2073,4382,4185426,1408,7428,11164,1093,1404,6535,6631,8018137,6822,6130,43354,19947,3476444,45757,11929,20171,7217,0,75793,46182,11449340,46643,84542,8770,6086,3082,197530,76137,6395877,2369,15771,28751,6404,22652,16194,3104,18477,54990,7796809,34249,25493,19623,4243,573,573,5826,4,2862494,13,16460,58856,17896,299,11007,1477,13,3978,268,5487876,41359,2813,14422631,103062,5272,57358,2725,27851,21236,39491,75830,41404,7091591,478093,63057,4785412,75334,52818,7190,573406,14171,62326,12448,25066,80809,2948,5809,410479,57726,1151392,13299,15499,1876164,26672,3035,1834606,20331,19441,5137,16065,104966,64234,112,29929,7805,7879,29920,3613,4774126,10078,15925,77362,11633,3024246,143022,815,7078,34756,6682,37397,90630,38002,83915,2073,0,2,16173,5885246,11214,415,13177,21688,580,5354,71576,15417,371544,87,5077162,748,102333,0,4363,23401,787,16155,42868,2512,57777,4043380,465,118810,303,88948,3833,5299049,50185,46763,101653,13719,6873,15,15881,1937,131496,12639,4985,11655,7845,224648,14919,13602,6126167,139695,26937,6988,4014689,63894,54381,3485,4925,70751,38699,2201,23011,2281,2986,2425,1330406,83,10305,11640,10584,4751780,147671,23212,2845,95,64771,57705,40151,32612,18146,1952,3017708,6231,562,5992,194,43667,4146,5964,12619
2024-12-07 16:15:00,39492,454614,5323407,367022,45810,29652,24768,3922,34489,7927,8428075,28007,26574,5701751,374,17088,5744,32069,6744,87366,6188,13587,4493,23892,31998,20611,73089,7650796,6353,18729,136102,37945,40850,295579,14811,16987,20976,33176,49146,10569,6581272,32726,3883,2816,606021,8181,466125,31483,27809,4367103,9932,26320,8503,47717,11502,4014,4119,9227,8275,24236,3592118,0,65414,55936,1440,12307,13390,4066,7621693,3091,17311,24575,18469,3703606,157411,19425,11197,7480,148,220187,122206,11934883,68873,19465,23692,7035,12028,29604,30228,5981539,2673,10923,15298,61568,4239,73728,36414,27656,27748,6599233,75282,16430,4686,4345,440,11,18073,9,1659113,0,1748,67899,9354,27,29943,2797,0,27,6716,6099269,27451,16157,10241294,36751,32239,61555,2588,28919,50045,40706,68965,20980,10658845,492259,10472,4758992,3057,12709,2323,335694,17499,24824,7187,5488,61003,2999,5822,85627,134391,1549511,22912,28072,2108636,19978,11416,2256920,13275,28643,15608,27591,122664,20349,82,21971,26947,6811,83405,30670,5847777,22415,10984,44224,38332,2059948,98202,55,1890,14412,7847,17049,15554,477,227894,510,0,47,15119,6099181,12235,3,5566,16935,11172,4831,5362,19417,9764,703,5560260,1230,5227,366,12297,63251,414,8261,3206,1434,11635,3793198,4937,59847,2272,63304,5198,4532040,30458,23446,170515,34694,8483,690,36152,1521,4606,2882,3,37086,4034,200850,10374,18698,6277340,84409,13987,174,4871685,18837,23914,3563,5510,21664,25897,3663,17726,863,670,445,1153497,1,674,690,5745,5028540,110531,130921,6613,394,38344,278926,36974,156283,63187,7899,3304331,17123,11928,14465,4370,64747,5100,46712,41014
2024-12-07 16:20:00,312331,134436,6102604,506663,150168,13175,123643,2318,41565,5984,9630139,29654,10919,5853495,1003,7620,16296,35916,16795,4988,6777,22514,1394,19849,47689,32129,19647,8395083,10096,47382,117116,45013,38104,51098,11716,1789,12742,42205,9450,19005,8074839,57949,33898,61078,389645,8927,281618,12121,16673,4188758,20299,42070,2957,25578,27429,3665,7557,6239,1008,6793,3891784,0,17589,66688,47663,5472,3831,2541,6892036,0,25253,20786,64270,3663126,86275,16043,11503,6180,233,230971,176242,11210322,15694,24886,27663,231,14103,24167,100332,6188768,8849,10982,18308,15275,12316,39991,6798,35814,71581,6478296,38222,9315,4645,1769,605,673,24439,0,1572756,0,5323,45171,26519,253,22253,3201,0,8933,574,4034626,25467,10775,9698816,245993,17041,55580,2001,45520,26974,35616,67692,35703,12217298,288759,70707,4844655,29914,25685,14558,348635,27628,46813,83,14239,68783,11854,6170,393416,55743,1094836,19082,60278,2492510,19157,13738,2037356,10845,30625,15367,3696,53238,31801,0,37330,17985,17150,24084,3324,4115938,21773,10446,57470,19287,3691100,75763,149,3326,97466,10807,20879,12441,753,307704,1520,0,46,78929,6388175,27310,550,8822,7356,2827,15850,10786,15916,34328,0,4235931,1200,2448,359,9969,48646,2397,20889,23172,22328,27988,4099760,10774,6838,31990,71165,4740,5043619,8515,31688,165512,47209,5141,181,13154,0,14647,11553,985,48923,4227,163320,12514,23903,5882432,64801,6440,5740,3570944,35779,39646,113,11281,27193,3454,21271,53559,116,360,17103,1386729,218,18684,113,13574,2582258,197273,90023,2134,356,167863,212372,25989,73182,81847,4391,2775041,4412,3517,3286,4002,66538,8676,37069,5726
2024-12-07 16:25:00,329100,123301,5146077,391512,145877,19586,53017,553,42281,12507,10609744,31121,5033,5497619,6751,11764,8844,31330,12448,149,15627,25992,1244,28902,25132,21554,12954,7555562,11632,43170,166375,121933,30924,117363,23312,8175,4898,44378,16695,38819,9101154,43180,16153,15766,116928,8029,263174,8069,16542,4735116,8468,22836,2924,30045,30295,2323,8061,6582,5194,4161,3726345,45,10123,96944,129076,723,7211,8132,7607693,0,113540,29588,11588,2274291,55988,15991,27424,9459,0,171489,217928,18325846,7909,4438,32907,272,7035,71019,2160,7212889,12835,19137,18353,10369,4992,47589,4404,27976,52602,6626540,51928,3540,1721,2867,554,2005,22508,11207,2464840,95,20369,84549,8966,12745,30814,19850,14,1866,393,4528096,12635,1330,9687594,91687,24553,67123,161,64275,48814,27458,41963,37824,12650885,179713,14906,4879625,1633,5421,3320,364328,29216,11013,1430,3358,77268,3609,9133,203434,118414,1539891,11491,35742,3285874,8594,5168,2849369,44968,48419,23295,16384,59854,29855,5083,40081,11779,1949,14185,1809,4125992,13524,24728,40887,23739,10662290,85148,9,37532,12576,6335,28368,14815,566,19158,2039,0,3110,26221,6176477,21259,2610,8418,11315,1730,9779,9589,19112,69,2,5029112,659,5107,4327,17596,41813,4918,24593,9050,254,3910,3852686,2614,102178,1756,150830,4064,5447563,5938,24817,241218,19849,9849,388,19188,0,26075,19420,40,19468,16574,17315,11542,17587,5699944,4433,4234,1204,3306568,6839,29557,100,2401,21455,2602,11336,36500,0,175,117,1266264,216,1152,437,19172,3051764,155877,41644,4414,1861,44460,104574,40187,88734,40169,17186,2285803,26573,32820,35824,10757,27243,30241,104452,32676
2024-12-07 16:30:00,134698,111230,5649728,631534,90822,2985,58365,1782,9597,5165,9379338,24098,17872,4801407,18602,15058,2093,25515,4907,1318,13959,24475,1864,30065,37586,13590,17828,7877782,37924,12168,136120,25426,17960,158079,28452,1954,12839,71346,25251,63442,6178107,35336,14268,4070,174545,4457,445497,10436,23266,6546304,436,18851,4815,46748,16769,3787,18715,3655,1360,13176,3794401,18,14823,36852,125899,1700,3957,8195,6506026,0,83473,62101,28800,2992302,55754,3178,36027,22468,191,214888,298310,10862140,11409,23258,30950,119,2835,11746,15339,5980677,1873,5255,26121,13607,16781,38319,11409,32966,68349,7093872,44822,8306,7358,1817,1112,16,6181,12036,1576854,1,20253,54733,11859,4568,30432,9785,0,2411,5073,3827709,15646,845,8771304,22297,44766,112863,3887,15833,23893,7322,78184,24447,10004264,324967,33006,5900778,5461,10789,9705,565801,24399,18525,11011,14457,98084,8040,12289,402366,124971,1196252,18564,36178,2157230,6827,4822,5219022,26819,17830,17668,10033,52675,23303,2579,41588,8329,19008,21096,5721,5505165,12153,11941,45599,26981,2373133,165051,16,7389,8319,1604,118015,17158,1682,17493,20307,0,211,43750,6138696,10634,2424,17275,9391,3979,7239,6448,11948,1555,0,5769571,5725,4230,0,41380,55048,9038,17918,10245,7356,17368,3002267,11132,44430,6433,114633,4098,6030422,4749,15549,53331,45035,18775,441,21546,498,39264,14677,174,34549,25525,12778,13647,13434,5555283,8551,8048,1764,2558995,6293,18656,2255,16368,46258,11358,40,28821,0,5,637,1631346,211,1362,23,3546,3834500,128189,23523,7147,120,30346,46383,19569,25600,24353,26454,2318123,11079,7851,3597,411,37532,9662,28169,4677
2024-12-07 16:35:00,63716,235845,5221938,546095,52300,2647,1847,1,8061,1680,8693621,36005,14584,6212545,6620,24643,19539,43655,8199,879,37999,77296,3301,21734,10368,23279,23775,8618957,1049,52977,212776,13865,5227,210252,62495,19880,16425,30143,73800,117504,4525430,37461,21253,5153,221658,4396,338486,6727,33272,5499742,37871,18979,3120,25838,23585,9979,4972,9778,1489,16949,3266956,0,11666,9063,116380,6858,694,6060,7697966,0,29824,30004,22502,2575928,64674,3570,11939,12187,197,171528,285589,11695042,9710,22806,15059,577,2909,18560,11532,7215933,10758,8341,26684,22451,4481,36281,14142,18763,105020,5900837,117902,3468,21292,1941,3129,218,1079,5524,2363072,222,12710,53226,3496,1672,42520,5487,0,5867,246,6086530,36370,3602,10082850,184729,14478,23519,1100,15539,49535,11368,49812,14611,9485483,388211,129266,5887604,8763,11283,6607,382639,7548,30386,9601,9650,86348,3618,8978,193009,88384,1527630,23341,10820,2245973,378,19631,1939712,32759,36030,13128,18372,38699,16898,0,33160,3936,11003,11624,6754,5450547,27619,12808,24666,14907,2470401,128027,4133,4339,27211,1513,114132,41061,1935,30286,8153,0,0,126441,6464589,38919,1797,9877,1361,3598,8344,12414,10978,14948,628,5405966,3250,745,2934,24383,119368,39472,24340,4508,7807,52082,3086724,441,48839,2163,64299,8160,5132746,1581,38409,56112,28533,6884,620,15432,1340,68990,5450,1399,17793,20112,12293,4216,36884,4993462,27330,44290,3,2308246,18090,92653,31490,12909,69614,15938,5585,49531,372,1413,392,1320961,911,11173,33,15131,4169260,145743,13221,18422,2427,47502,53211,28216,29609,3605,11003,2563725,8249,4671,3316,1920,38518,14612,63793,4951
2024-12-07 16:40:00,120667,189502,4439383,554506,146298,2036,7201,1732,10492,23040,7947882,68454,11265,7344185,10180,61085,27471,29201,25764,4756,74877,97940,803,13049,16327,39407,29294,9961666,1930,76519,424890,33184,2294,44809,189859,5845,55168,84957,29281,329320,3518878,25389,21982,2397,32150,1503,132366,3697,8046,3922513,4903,46438,12154,81772,32262,5425,5686,5969,1074,17920,2511056,0,19490,76254,91626,7685,4198,61964,7569882,0,146781,11546,12625,2628280,83540,8961,10512,7584,2,112945,206634,11448639,10245,57538,8041,40,656,111035,13986,8207788,7061,15245,41865,42539,28103,128116,52398,85991,76713,6019330,164562,54695,29535,145,843,0,3466,9570,1918937,0,15506,28398,3309,13978,45071,7662,0,746,22,4746146,35794,1982,11271058,16160,39336,14654,1236,19109,43904,22440,43714,33212,7024447,155169,3276,5212331,2948,11947,2291,242475,5246,15934,633,22049,213379,4934,17704,532895,52289,1266033,22329,20510,1949436,2034,11762,1681790,25106,27878,11792,6744,37929,15089,734,22915,8171,14039,13416,1236,4987635,24463,7703,21499,22561,1994036,156035,308,3801,11255,5637,63341,11497,1335,11941,8169,0,1209,45171,7493857,60188,1507,16636,10416,4505,7668,17691,10959,15553,2237,5770788,415,0,7,20738,133299,8005,31380,6602,1792,51244,3395603,3792,30623,2532,72956,10696,5090538,6829,33131,71624,30642,3341,80,28782,1848,21035,25996,1026,42134,27467,7947,15093,24419,5458332,7873,12667,478,1893436,19894,43607,1012,17694,28301,21390,267,42786,298,434,62,1910685,1128,15306,311,7621,4079803,185867,43073,6163,5617,57691,212763,268790,99139,43644,7177,3102602,12338,27222,23154,3478,22039,67516,180385,70339
2024-12-07 16:45:00,60551,192621,5509570,592219,213036,8355,4706,7993,48874,11132,6627706,39721,20176,6484314,8843,24786,14215,50257,48464,3285,60128,81402,5723,9992,26329,24565,21690,10391820,7853,27768,170676,42830,9396,34981,15349,20047,35820,43761,45259,80932,3383910,30979,7110,3145,25295,431,98190,3685,11254,7617287,523,118684,4048,110802,24052,29426,5654,5096,10407,16398,2968601,0,4549,20182,2521,6782,185,7713,6150000,0,49850,29946,9914,2766761,140741,11047,15753,11907,0,91981,178869,10090672,5172,59882,11311,373,4420,21545,14558,7677429,2315,14122,9987,17629,2716,27023,5583,21813,38535,6562892,229389,4980,13519,584,2287,822,696,2798,2296662,570,20525,28677,143,19218,10193,45,0,598,1393,6355738,65097,6718,11882139,20128,21640,132819,8377,132877,130650,38608,121428,137178,6573155,110522,7405,7897136,5758,9499,21,326118,5765,4793,26,30784,74823,16052,15248,229583,221714,1390923,25603,6776,1888370,4735,48739,2482919,10630,9434,6179,32018,33056,96360,0,38428,24468,5198,12326,3118,5228580,16260,14206,20536,42091,1960276,140472,0,4770,41845,41479,60394,48270,1791,70877,4609,0,30,32956,6492554,89625,1224,36151,4573,2162,9915,10287,13288,1928,252,4813112,546,81,0,215,98245,11106,37889,14295,6152,19225,3138398,1731,59153,3377,54739,514,4077056,6309,33065,41308,17265,8123,169,11911,0,34795,15078,822,13202,5481,9246,4432,23985,6084808,1500,3051,34818,2779745,9350,46910,339,14963,67130,2469,291,46882,5,711,187,1213063,4,4584,205,5256,5918937,270699,18601,3550,1763,118126,380041,172478,96577,20406,4323,4088047,3557,10011,2340,1160,10170,23340,53960,14823
2024-12-07 16:50:00,153387,103075,6488084,491057,74795,32438,31736,1390,201402,14845,8222357,29357,19865,6167724,14816,33843,11516,20453,18704,12135,18735,30831,644,8613,17488,11710,10346,8442453,2933,17858,104136,37886,13340,70894,11807,14021,19270,23471,15739,92995,4508048,33251,8008,1156,37424,338,96115,10452,11626,3298932,3602,29619,2867,71507,72431,19588,8100,14871,10186,24916,3570013,0,18749,60262,37863,9970,11873,11210,6821115,0,21537,10155,22619,3725916,41845,7043,10884,3261,0,134459,279360,9300476,27356,90752,20604,1326,56,63010,27104,9577400,5978,19251,6989,5730,12485,24072,27796,28815,202353,5625126,65387,4460,28550,2096,6379,6825,2288,910,2746903,353,5649,67233,2321,19394,6160,0,0,2105,0,6106125,26127,13741,11306156,108214,45022,21746,10728,35384,35148,26349,294180,38344,7535381,57308,16056,4453800,336,10764,2522,195080,11001,4596,486,26007,125207,3545,13069,283107,97840,1214000,12329,20978,2051959,5653,30574,1778358,37049,25562,14734,31156,101705,13380,2519,32869,13493,5709,11664,1456,5654245,52675,31970,11983,36377,2930300,172487,34731,12478,62101,1571,93868,43430,5396,55077,3774,0,10,41691,6878487,32676,4573,78876,5086,2084,20389,4713,17480,101,708,5896152,3840,979,4202,3687,74002,1256,11837,17502,737,17828,3392678,5599,29533,1294,36523,2569,3709437,7242,35409,63398,29212,9679,770,34987,989,37975,141148,1371,13965,10231,17083,7118,114457,6309685,5713,6025,1804,2755106,9936,64113,1057,2966,84722,100411,2918,173360,0,132,38784,1616745,3012,1513,15644,17735,5422308,752366,19905,34137,3355,376947,255107,173245,80875,22979,14959,3763897,10291,2562,709,318,26009,56195,38211,4908
2024-12-07 16:55:00,194843,84408,6494437,516676,111566,34075,67022,1754,140523,28387,7843562,26302,14525,6840031,12869,10520,4783,126686,25691,6141,7936,41494,1047,50955,59028,30623,11195,8739704,395,36448,134942,21794,25346,52505,4021,8390,20642,26181,23324,18026,3707398,32882,18664,15821,22241,113,137423,14566,2147,3323462,11935,23763,5357,32233,24761,32334,4244,35594,47377,6044,7330098,39,7390,48245,677,8545,29329,11835,5614737,0,17720,9493,14633,3292869,42350,10059,24730,40264,0,205026,249470,10711942,216661,31675,11168,3335,30552,46169,51047,7939196,8603,9010,23598,33535,20333,54646,10473,49199,38520,6425548,73580,16889,48583,1215,2349,5628,3517,2758,2507301,192,11274,127980,6289,7349,4256,2028,0,4147,15169,6337536,36319,17686,12536963,458805,16518,30944,4786,43396,43153,13147,77326,94750,6865084,78009,6116,3703834,4489,27644,972,213742,4117,9161,37,3259,124963,1800,9571,398341,39756,948404,16177,37998,2279794,895,27195,1863369,36678,16141,29439,22082,39397,13160,671,115479,5939,3357,65776,2833,6500208,51343,32229,48340,91480,2804080,217343,23817,6537,20095,905,52449,67248,32008,92951,8987,0,110,30646,7106198,60093,870,40999,17,137,48292,5490,19497,4976,7044,6047486,9662,2266,27,519,61096,0,18033,7353,1144,55452,3419771,1949,11783,1511,73889,2843,4062886,3082,24092,92228,22217,8773,1859,51578,0,124074,159109,7053,10276,8790,64210,63776,87198,5799666,50503,27252,16785,2163365,134786,88608,4190,24333,18337,9366,3302,131555,1337,14,988,2183843,734,3078,0,14849,4323163,653829,10774,14865,12773,490958,366791,47375,62721,32331,2008,2855314,5149,790,9544,3275,20681,19046,41083,5347
2024-12-07 17:00:00,388268,210008,5943628,591602,368565,21781,178246,1985,32436,18393,7292822,74024,57190,7375813,4680,28863,18078,72148,5890,26345,16267,39141,149,20967,127324,11663,45149,8648294,2053,44277,183226,26509,13550,39553,13853,11029,19649,24554,14848,65257,4105396,46136,14577,36821,26881,845,130581,11872,14674,3447595,222,32780,5980,18847,15672,82169,3966,68275,48892,14480,3238453,708,52486,60372,2688,1550,18761,13095,5895459,1295,12048,11637,38587,2502850,183089,35047,16273,1755,108,106488,241301,11415839,403880,83441,21402,999,10795,30731,110987,8851302,25753,3762,12681,52550,4192,37108,42969,44909,37142,7582153,88403,10500,54484,419,591,109,3766,6614,1603507,1222,11555,58099,6216,12456,13458,666,523,1493,12157,5071566,67517,24164,13696063,42948,115726,71496,4309,22728,120164,62665,178424,66598,7409965,97274,7247,3720568,5752,19414,356,351796,7212,11269,31,11369,96815,1587,36387,123576,77357,1274498,7758,21857,2353047,15336,29664,2019163,45324,29298,10307,27066,98266,14940,7852,129523,10907,11256,5530,1,6130852,78897,43050,41295,104582,3103375,227791,3370,6950,48227,35598,86401,84165,13481,92259,9686,0,76,22387,6333310,72053,25,78384,2,689,29720,77,22389,494,1132,5654235,4661,0,0,6283,151117,1467,42601,57261,3559,50519,4242755,3657,52798,3412,142558,4002,5525874,4630,54255,88015,42115,4184,50,66788,0,5001,3555,4121,30706,20490,17820,3124,36464,6210835,26331,18477,1942,2133176,52623,52998,1158,18751,43714,19644,489,138195,2,438,453,1734285,1327,3835,263,9392,4643553,1056218,53404,4116,6800,229794,123518,96463,91854,52730,13112,2695692,4234,15023,9199,3406,23537,23365,36587,35411
2024-12-07 17:05:00,245161,281569,5685448,514143,332165,48033,567631,6400,38529,6380,8255616,100659,54696,6390441,20850,26449,1784,53011,3919,85055,4118,68303,6977,28024,53415,21872,23659,8938768,5050,12019,141268,62290,194554,47799,24469,17182,35408,41352,38653,10114,3168755,20913,16720,35133,104649,11107,180383,10382,1212,3217441,19342,34816,3462,67279,25525,8710,8040,28197,6522,17382,3154577,34,86459,113233,5512,50085,61815,55409,6593319,0,16126,10945,20319,3171909,56313,9148,14191,1467,307,153151,225914,11507070,55763,20735,18848,8204,20616,20801,30467,7486881,18613,22508,13755,63868,19113,63027,74187,41001,123901,5577158,193851,31852,53706,5422,1863,3273,8018,5985,1948293,2207,14157,42806,3651,18095,28103,2268,0,782,6390,4312691,13535,1148,11134355,21607,17428,21188,1723,30879,33109,19789,25146,32558,7512964,180812,34978,3187905,22869,19932,4267,353675,585,16721,425,16807,91583,2625,21371,345578,82560,1102213,10023,15696,1941275,228,26208,1900003,16892,33234,5699,19776,147757,11850,1689,68636,23398,10022,23827,1166,5403513,35784,39544,21957,40778,3311503,581306,132,23518,12117,14650,273803,43887,1522,6764,720,0,209,16945,6393565,27458,2386,136542,2,1361,15282,1022,45225,134,0,5483010,294,0,0,26718,101408,3537,64813,4858,40873,46425,3797116,4988,44822,6734,58760,2641,5177929,5735,20518,109482,15214,1066,218,15031,343,27213,4455,2260,163856,43192,36890,6618,22484,4656933,14940,4960,8623,2058884,29233,20945,547,72310,24483,19202,3873,105561,64,1405,286,1667939,662,3224,79,2785,5033262,1250976,21401,14944,14467,117651,125546,36857,154772,99924,53606,4308976,8150,46385,451,3028,41603,8294,21480,13048
2024-12-07 17:10:00,276625,165043,5600717,345279,131745,40936,556807,415,172637,79259,7479211,79779,50746,5344706,5177,12986,21991,61891,4190,25053,6496,37081,15693,104154,77243,14606,25098,8582199,4051,71902,239877,49879,273988,46551,59575,14563,67465,58817,25640,34866,3428459,23600,61020,65171,242418,12743,200067,30770,8318,2958683,51407,32844,1988,31388,16837,22847,5332,21753,16024,5953,5656408,47,12338,12064,915,1948,1795,6035,6544187,15,27867,8412,12720,2721757,49771,30310,25190,11341,73,54836,22640,8968114,17207,18408,12046,2656,12251,32145,30457,6370709,6221,2425,10571,12765,9692,28568,20274,21452,11738,5470739,62388,4068,88064,5111,2044,17640,11311,7533,1922114,7231,16549,48006,2454,6364,28633,1976,0,158,804,3996259,5551,2419,10271077,117272,4246,30784,8985,31707,14900,25865,78435,20547,7401394,206402,185170,3455900,35060,23782,1704,225761,6948,56730,3152,77221,152729,2391,20294,427943,115043,1159745,29071,100238,2435616,2190,44402,1986510,28423,18996,14462,115768,62563,2694,3185,80128,52762,36331,22001,3128,4833132,32621,51721,12211,26791,4123708,91973,2,79832,34452,18017,45351,28041,6798,19996,2158,0,581,37916,5950851,48464,1984,277708,0,1524,9921,3837,20836,22,305,5352552,2404,12,0,18688,130944,10610,12386,11631,12742,20271,4338661,11284,41864,269,54812,3336,5550883,1335,21060,104827,16178,512,43,19046,672,26970,6213,339340,219286,38672,22171,3592,771469,5238803,9748,21512,7306,2754377,51335,126364,11643,28329,63897,67917,1135,141484,4762,73950,10308,1607041,974,4114,2174,53414,3947897,820206,15386,9338,15851,271593,535361,18338,84547,23383,32831,4876814,18065,157195,18462,4682,20608,9747,36156,8036
2024-12-07 17:15:00,137139,174081,4882871,469318,138407,206826,351634,132,208432,9478,9093526,73052,18483,5505278,2522,52963,24504,38109,3041,4702,13418,43389,804,29774,16136,20414,27995,8303871,1920,12162,160607,84789,73569,56229,33593,86454,1197730,421534,102099,125275,3417335,830222,491290,21277,753181,6518,365519,10024,7593,2804003,79693,20491,4148,54444,12550,272,13140,9487,5986,22363,4458625,0,13674,102517,1095,1231,611,10296,6640084,0,92944,130342,17561,2496401,64815,16102,19959,27263,0,310763,34184,11640835,3834,6792,9198,3047,7013,15950,4491,5799291,4831,9253,8896,6919,52997,30800,29444,23906,13793,4788829,42095,6337,63146,2352,2267,3764,6691,2281,2295499,2,7056,65879,8048,13807,12882,2264,0,2121,0,3592226,13534,11186,12931430,88863,15859,31212,4513,20045,33601,26537,88018,28532,8648779,678329,247666,3712551,37199,120609,9738,970959,13822,206240,1248,14037,241020,25008,19302,470779,124016,1319347,16944,9027,3379693,18565,20638,2570342,27701,27838,17683,2870,207565,6549,9875,110686,20533,9829,76674,2213,4454405,59304,60977,22172,34589,2773103,56261,1998,11851,12874,10130,40403,11418,5048,23668,379,0,166,70797,6512582,43672,224,33812,273585,1156,92667,6422,176877,2085,412,4971211,78289,835,508,1203,60863,4106,22152,183548,6854,33525,4854125,11001,35545,79094,78633,4504,4715659,11832,31265,140009,15780,371,379,10969,437,30712,8265,274620,78974,21534,35552,6312,9846,5292535,15468,13503,8919,2155821,7355,34025,2149,16965,42012,23508,1295,44957,2178,500,11715,1987675,16376,39363,2989,11583,3196152,968847,75720,4778,4156,145593,311145,35278,123153,23602,18240,4722072,13945,13915,7012,4557,101519,7274,54549,31136
2024-12-07 17:20:00,101082,206323,4891113,298535,213190,269465,135414,266,105777,5438,9423670,37761,20851,5278366,7837,35170,3768,29406,781,2408,9767,34938,361,16484,16555,10222,4614,7017746,4402,14703,144852,43976,42797,53830,18699,4178,56313,32989,32920,51385,3438500,200392,418660,47034,43960,1388,363099,34520,39882,3707421,10333,31126,19758,57229,26282,153,17310,5242,2837,10511,5573495,0,25650,63154,1943,16410,2770,6714,6916571,0,28157,25447,30212,2661176,60267,9454,15387,1070,4,292005,16991,10893084,5285,20339,6409,11576,9217,15265,14593,5715467,2783,4361,9244,10691,1867,35831,2145,42406,26131,5693083,57540,6884,20879,5048,502,117,1244,11079,2001907,0,26922,86491,7764,1241,11322,435,0,3031,1469,5306772,31786,11525,10223702,77555,83900,26907,7618,73963,80083,23445,52134,39899,7060730,186794,260325,3851227,77240,99847,28384,497872,19329,334837,3412,82381,123630,35584,4723,630422,269736,1108591,90287,31975,2472057,5956,4209,2201173,146313,17907,5731,9495,133746,6089,16003,165824,18987,9233,15891,2836,5813112,70293,75296,92977,75699,2354510,146322,2281,18653,394064,37810,30216,65923,1654,42613,882,0,239,27887,7418819,40328,28,66692,243546,2785,91766,15589,71911,3772,0,5916818,2307,1046,0,6996,90495,3800,25597,8840,14897,36564,3626797,4247,99133,63,81956,7645,5374886,31160,43594,159970,16845,6574,90,28597,8,10741,4015,201958,108863,35119,10194,2773,56560,5420020,20005,1597,4911,2114419,65782,63509,1339,26308,40675,33357,698,84093,0,412,1199,1306583,91,5441,8,12557,4540446,757384,29368,2641,7323,486259,327443,144122,24772,19981,18997,3266536,8055,55578,10778,2544,35408,8336,12985,16989
2024-12-07 17:25:00,193818,154466,4920464,536982,98337,84857,137094,533,78977,5719,9694817,25979,13908,4720548,3772,17778,8053,16901,1644,2015,13904,33499,1755,19561,32527,49930,33637,7209774,7144,29006,158136,26513,19005,51077,8868,7697,13624,73468,34218,13062,3451300,69209,129580,79474,67277,57866,99697,15038,72044,4138313,3470,27423,8863,35748,25321,5208,13689,4292,1752,9742,5912899,6,29056,90876,7059,6462,2063,22307,8471992,13,25198,21482,75021,3764951,100100,51516,55702,8206,224,1135000,15815,12109638,13043,26837,8958,532,61486,19689,27108,7762551,3503,4716,5645,4997,4021,38374,16558,8161,96072,6021508,57986,3777,202274,8510,517,3091,1817,5285,1950741,6,14861,150222,10912,50669,39918,23723,0,1840,365,5637934,24747,5665,9508190,17582,31680,41301,207,51483,57227,20369,97123,33271,7020597,107686,37969,4816336,3794,92908,3356,357581,90011,181521,234,374945,111029,46718,7605,928067,141117,805878,101362,108446,1860079,6102,16851,2591211,358793,34635,8240,23831,261765,17556,27931,53923,14719,3095,8620,4133,6162871,29807,46657,40998,48596,3148314,214369,4774,16594,76132,22325,176232,162641,6742,164129,7595,0,71,30693,6396862,37055,17985,319222,148768,15073,27199,7074,54014,1385,64,6264521,2057,21,2497,15550,102621,17850,37755,1974,19640,38010,3794870,6841,119015,2,286571,10342,4270883,35827,139489,221736,17558,902,388,96201,7720,41265,10535,8440,67181,18431,8083,101151,6715,5410314,10615,3994,2311,3512603,34976,34799,1708,17265,54052,22980,4181,64221,13,546,0,1690372,1227,3219,153,8060,3965451,430821,24316,16097,43897,466435,138969,27783,33082,29906,43552,3179173,14247,39322,3915,1739,42846,3207,36263,9164
2024-12-07 17:30:00,243479,121058,5761811,623953,138174,72774,75101,902,92790,9486,11890613,24631,29938,5002420,2640,77605,8073,48700,15630,13011,18865,32881,22548,58519,41618,12148,51672,9104382,3146,83552,159943,19435,4046,63273,15756,10551,4964,21792,91496,21361,4336754,42605,40247,30322,68070,17219,218821,9514,1565,3827755,16733,101030,14720,86137,56080,3254,19713,7649,747,5779,6308835,0,25077,68858,721,6953,3052,3259,6982090,8,10936,26698,64709,3424265,203588,29169,34328,4748,591,185092,16711,9304727,21775,1601,17300,4198,11450,13752,6152,5698793,4429,2129,15929,30954,13600,26978,25601,42464,63102,5154431,120793,37809,35009,1890,1070,1759,17182,5433,2365608,337,13078,55315,6070,5471,29538,59,0,1430,0,4263869,16115,1628,10638026,228957,32220,63063,6666,21434,84018,34204,126194,50837,8095802,169791,20925,4127722,11103,23085,3651,299094,25831,34449,2170,5883,171798,2917,13246,266016,122595,1145641,37498,19119,3135946,2715,67791,2445847,22999,60554,2972,44223,136442,25771,0,41378,22986,3670,8234,13436,6529405,21742,58671,77413,39127,2446111,136145,0,14056,70319,481,304725,257900,11187,29358,16952,0,309,59516,8083341,62385,41917,339714,2336,15630,56369,1913,118204,7747,1822,7670903,3577,96,2966,10743,124659,32746,12592,16461,29554,52551,3276539,13042,65792,12,63833,2706,4686389,14905,57052,293411,63057,520,2,26486,7366,35795,22737,6836,34452,10491,15723,23091,4584,4037672,6605,4481,59749,3640988,89248,121641,9398,15759,28433,26747,6461,26282,7098,5774,10388,1522908,1812,8699,1455,12051,3800692,382890,22323,16683,43992,316157,115255,41631,41439,35617,39775,3358147,67377,108743,50059,14243,91472,30480,79310,68689
2024-12-07 17:35:00,87572,253408,6573151,221436,110703,9764,11784,1065,50522,12301,8845407,35985,9519,5680369,2575,141872,2334,30794,3189,2589,5765,74565,2035,37917,26064,14290,7716,10550076,14245,50152,254117,57813,9786,53588,45254,13552,11030,29165,30657,29988,4219258,173351,96622,139460,46588,12187,123585,223324,89156,4365065,11543,112425,18886,54479,57765,833,122719,5351,3406,13815,5579931,40,26603,71457,1456,7559,3921,7965,6372816,0,8059,20764,16326,3228634,192872,43055,54796,15401,285,151234,27204,10383160,11571,5822,10520,12080,10846,28362,2220,6591432,30173,1582,32046,10013,55926,62731,11508,43071,35390,5613809,71717,36847,40832,6016,316,5674,14413,5786,2073711,418,8626,255138,1791,17600,55074,2463,0,1064,2821,4600629,20370,8951,10474180,108257,24115,63429,1406,26880,53026,22341,223409,40715,8894823,136578,19455,4911581,135706,209539,17133,164648,142988,132579,44569,21415,98441,6605,6779,531104,266355,1092660,47770,23664,2930090,14547,24032,1864466,39980,30728,24584,20202,46223,15568,154,81366,43213,11686,49193,28838,7816109,20635,103912,85817,58751,5646456,170239,0,12005,36868,5939,316656,78887,5558,44875,7543,0,150,65397,7094143,34721,4393,417946,200,3208,51547,7426,72746,20369,543,8437516,3057,5710,0,5802,74606,39959,28960,2623,13895,20867,2927496,16886,78521,6853,56452,4774,4793384,688,29010,92235,15507,4588,79,9934,23829,39028,10367,6991,96286,8763,1054,38328,10853,5284768,21536,4349,5827,2820653,106721,65120,7548,11596,29385,8990,2361,38872,7802,1509,7078,1519913,3211,22584,5108,30591,3090723,252347,39294,32084,25852,73831,147774,135056,88337,73669,36403,5065775,31544,164522,159541,69441,171648,8640,54536,116859
2024-12-07 17:40:00,62913,197407,7515656,88613,118460,15207,9109,149,24826,75984,8392506,25450,12634,5064744,1800,57909,65369,109741,46399,680,6494,24277,1495,61467,61966,35741,18714,8318327,42435,25363,218959,39070,6796,54895,16892,8725,6763,10824,42608,83890,4214629,158058,310333,260279,68154,26451,67216,66346,15720,4150797,17132,159283,24582,149947,38001,159,64752,487194,147217,13669,5239284,20,26807,66006,2866,12798,4785,12030,5534123,0,17611,46283,15740,3535553,475320,9337,44177,9569,293,155148,56330,10470085,15750,3341,9102,1004,15742,25290,1027,5422286,4784,7399,20934,22877,13407,40965,15385,15105,79103,5647746,104729,15222,14751,6931,0,9704,15264,7112,6337360,4195,13671,32738,35934,4701,38799,1947,180,12395,175,6017471,103107,26312,10124979,141313,15374,46264,10305,30270,127317,51955,87743,80072,8133366,147115,20880,4073531,176177,293118,14949,391852,12126,288910,29855,38512,218128,15027,13749,224211,215312,704804,32713,55893,3351417,5336,54649,1680858,41009,9192,15233,33884,33496,22775,218,59716,20034,16798,120686,9746,6866568,31034,20656,67054,33595,2174924,131767,4090,13041,81643,3418,48341,74482,15466,29988,19896,0,82,37949,6375607,40491,733,247903,1786,15188,53663,11236,45520,8001,815,7652326,13431,3606,356,2688,119346,38242,19200,14601,5564,54778,3009125,9616,63720,1247,83616,32576,4430024,16801,38584,95010,92678,2050,28,23569,319,41356,25676,8606,104436,24141,7901,20956,52658,9584009,15614,4092,16189,2621222,97217,129914,5663,10306,34068,15529,7521,37454,705,4828,1669,1629119,11907,13392,290,48746,3212800,130514,35790,30417,12210,31974,90840,14673,60871,42164,53280,3466194,44850,38780,50232,45152,124537,34860,254032,40557
2024-12-07 17:45:00,84872,249834,5179971,220707,170753,19881,28462,3542,22954,8099,8352435,43334,18392,4222445,2660,18913,97343,171304,9791,8205,3575,18252,2832,29624,51285,8393,26260,8651260,16650,13740,147887,38789,3969,48242,19798,1685,17629,21851,14875,24301,3597524,19570,50348,33870,87846,5812,87459,15372,2982,2984149,7941,33642,1177,40759,33133,188,22317,3614,3783,27409,4115942,397,28894,63240,1220,1395,2567,6099,5031672,0,8880,20643,85693,3462774,344404,10689,47967,3033,0,158295,22772,9541847,16846,37,8860,790,16771,30009,0,5628634,47525,18881,112691,59836,12022,125377,53491,40155,102860,5992841,199304,41354,13835,4307,5840,8725,18888,1091,2188237,1826,4947,26777,53215,1297,64983,230,200,21657,1070,7051462,5553,4935,10480052,104686,20572,37041,2565,27406,26516,11954,81880,30563,8272926,203804,14626,3018454,28492,32747,24100,341574,16580,24153,1255,9795,261687,4197,19984,205368,160292,872437,29656,36139,2599520,52349,31519,3764209,23479,43677,14506,43756,176441,24792,0,57313,39511,30300,9962,163,7810319,31247,22117,61981,33665,2316959,75503,158,7385,25140,3311,234497,92787,5423,22320,10909,0,139,24583,6516274,67735,21139,509014,5809,1514,30948,7946,113140,14232,9092,7056605,11331,2767,7641,176573,83791,12866,48180,6724,3348,59844,3165974,3288,76237,2398,93452,14482,4834550,19426,52173,124492,30852,268,2077,37471,106,45179,30473,3330,56769,22915,2338,29116,11584,6884234,128339,4978,63756,2653354,97316,484852,26072,12476,44891,16393,5178,40033,1060,2509,1387,890284,3501,20615,2326,6087,2226079,235481,20582,3086,2583,25396,135157,26853,40448,20420,49452,4022743,18379,360361,30063,3055,45103,41987,57452,26276
2024-12-07 17:50:00,58015,347333,6026118,277322,271958,21773,41735,313,42678,5604,8143887,25774,7321,5600015,7665,40628,95615,53715,15931,7332,3316,62920,4618,36496,50497,19272,32897,7717087,6702,38383,137239,27394,2997,71604,13145,26760,7169,30576,76052,27321,3858341,28914,16554,12556,46164,11570,74433,29156,21320,2925871,12836,56002,6830,116202,61269,685,39829,29639,9711,14242,5245568,3576,17499,45538,390,1422,2212,3188,5504392,833,8897,25686,9294,4412701,670385,11003,66203,5082,0,183880,12831,9942598,47355,69,14062,0,1412,27558,147,6843462,3345,2463,21831,63077,13889,39755,20167,18817,251139,5729419,59650,21620,22941,9048,1471,4102,3302,7519,2511494,1635,4615,58124,18334,8026,291069,976,0,2184,2697,7245728,26634,7314,12755325,218761,94750,100372,8481,67817,52877,93998,108800,42689,7417983,81758,7103,3558971,7408,10156,617,225939,13495,21457,379,14179,99361,4593,15121,464889,52127,907529,15402,19946,2501482,58938,14354,2296328,36580,21711,35364,31558,216728,25159,19,42228,23158,7531,16957,1103,12485013,25178,27160,33745,19654,2858056,87334,21,5365,34126,9433,55592,38415,13140,24996,7001,0,206,31335,5121952,71979,31992,117140,8635,4416,29077,1347,93051,266,1391,12813493,2512,10110,18392,201667,216513,32991,22335,1670,4973,65341,3149920,10210,77678,0,115464,1522,4943307,17109,33441,70863,21261,122,6,20314,332,59784,37198,6149,27318,7123,14841,8780,16597,6457033,44751,18030,40749,2378897,15073,197096,4207,6192,18679,10588,267,51247,0,97,4,901540,1435,11876,232,6751,3671477,268779,13635,27096,10521,78916,44898,21839,16589,11546,81866,4234232,14033,422015,41593,42086,113696,13770,51010,97361
2024-12-07 17:55:00,176125,315613,5369977,200886,364975,154175,201115,466,138555,7620,9081692,73373,26744,5250970,34494,177435,16798,43445,3759,52253,164459,33956,3677,69764,15443,19141,25255,9572734,51528,27673,173383,36087,49188,119765,4676,11126,43805,95825,33751,15052,3230383,77490,18818,6780,62238,7003,356825,10084,11285,4184011,16468,25555,2875,26968,16841,1125,20080,42760,60394,17476,4831148,1507,14546,41211,4508,6657,15009,8273,6028235,1,7220,20919,59658,4188143,308482,5876,61070,3927,0,128836,28333,11185530,68568,13151,2607,14490,71,28893,27698,7708615,2605,48835,5192,77267,8280,29389,16671,5058,228783,5565252,37397,9631,14684,9829,2119,5776,2108,5648,3157834,3337,9143,41147,20200,17225,437392,2951,0,507,326,7032044,51040,6789,10587577,103340,32857,56175,1480,15159,48703,48585,147341,55101,6672239,385468,105894,3789986,220,31187,890,397178,7198,9812,71,23556,191972,8821,26324,363552,87510,1400637,20662,22361,2665501,3825,59633,2228518,36713,116333,20773,25537,178990,33218,347,29058,12100,8356,15630,340,8878675,11113,17737,15582,31082,3411771,93415,529,6457,22864,7931,51973,21374,24492,28805,4320,0,75,18634,4009819,64440,15589,11700,273,861,37287,2023,29241,789,1753,9040798,9785,20091,15406,289933,62060,26027,50801,46,1183,25454,3402968,3928,58143,11,107409,574,3659302,5101,76110,105599,11258,713,412,23799,10001,25688,35422,201,34266,5570,1653,14494,31500,6049870,43796,11119,4840,2125429,38985,413470,4036,5638,18388,4984,0,98506,3,0,64,770278,536,3724,0,10839,5162058,87636,32004,8336,6861,43753,92360,31477,89156,17618,39314,4424128,35903,429885,18141,26697,139090,14747,60050,18628
2024-12-07 18:00:00,489211,529635,5317171,201153,270393,29294,27968,312,52443,9296,10026086,14070,67251,5754315,17464,182845,19712,56331,21881,64364,54983,102366,25968,82986,58667,137920,55580,8790537,41104,45627,185260,25168,5571,118268,5236,16501,9074,51640,15551,26665,3545839,88415,420,3997,85321,1830,165607,6342,35930,4084412,11063,44604,12632,39721,15179,518,18101,28733,5209,21701,3411507,42,13489,17203,18308,1984,11453,1727,6086442,0,9938,146254,76548,3451923,111587,48506,13566,5622,322,496426,93944,10611170,144056,2491,2601,780,499,10339,6486,6205057,199,14518,61407,183036,104233,104237,23558,67708,104246,8023799,153793,32966,72832,14794,353,3074,9837,2313,3162670,3822,12354,92279,22927,7148,409702,35720,0,6077,0,6415448,11493,16346,11311119,50585,38812,134889,6988,49160,178149,56688,247273,141985,5345919,99269,16474,5039424,8334,11105,3951,285156,2592,13678,822,59515,173653,4853,11661,758714,80837,574079,40115,6634,2214930,15943,135968,2251127,29427,71341,24433,36738,125430,24702,161,144349,35985,25503,48795,8302,6763916,51905,37256,72890,40237,3455855,184461,1652,19793,14074,497,44421,18451,2905,20991,29127,0,133,39930,3907738,73345,11996,6584,2405,54543,79042,14353,33670,10338,3804,7605232,1066,16489,155631,99025,921666,15624,50906,1763,4988,42340,4855559,3387,32796,28,107261,6017,3743436,10712,44337,135668,25096,8928,3043,38347,24,77286,213947,747,47379,9421,21987,59789,6319,6130843,30127,2965,4102,1905079,34047,68554,5381,85868,41117,7077,1030,16212,1711,1988,5523,737251,7950,3522,813,6451,3494105,76863,47914,20235,13776,52432,65992,44751,36129,29261,53247,3670673,44411,48825,20410,25388,261784,23451,180467,63994
2024-12-07 18:05:00,103989,314557,4987481,482998,172105,20710,29977,2365,74879,15051,9056210,14825,57077,5554073,29842,73111,19818,38105,17731,94251,32347,36898,4209,40664,51700,23144,36986,8523979,21351,30192,195818,49101,7270,70709,5972,21543,10809,60801,53921,24821,4314017,157469,10254,21685,79463,1156,314377,15496,671638,4033755,4666,53287,8698,20226,27596,1784,13444,18226,2675,9809,4123726,0,11186,24377,1552,2493,1497,2711,5214495,0,4167,8076,43829,2953664,83232,14986,26680,3901,0,116165,14895,11336926,43076,3379,1083,1481,6699,14700,36773,7024747,5278,30870,19875,165908,28784,100520,42406,90006,246944,6451827,167477,6472,42549,8493,5091,1339,14497,4065,2926375,3542,41925,44146,17129,1475,451266,15695,0,3538,1944,6517768,26521,4520,11578224,37508,38690,67252,3283,9145,53540,31724,126141,19984,5726000,138206,13867,4996170,20890,26528,349,1079476,8322,20293,802,15820,107996,14846,11989,764487,199151,799087,14104,52538,3895363,5084,40503,2633382,18755,90311,9863,53804,196356,7520,147,15660,19306,15596,20075,2369,7689382,19700,64155,41890,17544,3094454,104742,7924,14609,8142,2543,39420,11490,3876,54112,7711,0,1739,23216,3095038,40091,13878,13028,0,4026,7677,3634,22779,512,319,7793140,1863,6148,135347,247171,131853,6807,17842,7037,7070,55683,4575877,10808,82437,3198,95880,1972,4418700,3973,38268,97936,15885,8406,12,15847,509,181576,231914,5231,72451,21307,36616,36175,8691,4951769,21519,67417,7154,2108953,54237,107770,2353,2987,9051,85439,5782,16321,2098,3600,16530,867677,5599,15117,2254,44760,3483820,76149,26232,39152,19603,95799,76528,42391,34174,164905,47417,2882654,15624,22487,3123,524,95286,42831,61406,4238
2024-12-07 18:10:00,213078,422535,5148052,341898,299909,64925,207594,378,91179,61733,8521842,12121,40390,5455084,6777,114177,25382,60864,24789,19236,87516,106905,2655,84340,110680,58437,59957,9674756,8741,35592,226886,23495,13984,64012,15600,38826,11400,35526,34314,31480,3847372,471806,17682,36397,65566,3312,108836,28840,10198,3939539,9140,52126,2412,76826,18843,0,12027,4574,313,18077,4954418,0,22217,28469,3594,3660,12257,9271,6870528,0,4527,69044,26272,3826641,180611,15703,50925,4993,0,219021,38656,10854455,173935,49740,21569,0,188807,87663,56372,6098563,933,27960,40103,135121,18434,73578,42011,27312,188890,6658440,278163,43028,141492,9548,0,3971,4851,4613,2919169,3432,15361,63339,2413,6676,202080,4087,0,1174,11131,7039796,17511,3905,11449152,24358,33343,88122,1396,38324,59737,22599,94280,34464,5764228,91751,23071,4031077,47927,24280,2591,809475,7851,22033,97,36185,170004,12819,24016,831632,267311,924806,110565,23472,2221300,3423,18797,2141103,8676,32594,4327,18229,101086,42210,135,43296,8639,9797,6650,288,7110154,15829,16549,71519,26319,2597375,104588,4668,15423,61092,5411,40537,34832,7639,40830,16375,0,1040,39555,4446927,85849,512,4291,4904,663,3757,481,23568,14050,1161,8389883,8282,8248,11744,65828,140014,3583,63907,323,3026,32253,4315872,2646,294792,2769,143483,11979,4702669,42243,99786,193039,31560,10129,1621,49017,857,98632,261431,1589,41603,1111,15949,33026,3210,5153062,30747,29735,42091,1900337,41878,127183,22305,12301,19519,42948,81,22869,168,714,476,804503,1704,2749,274,13932,4535992,145659,121676,26466,14809,66467,175048,38603,143247,97669,86538,3599211,16691,66499,73311,15511,72402,20300,104166,3482
2024-12-07 18:15:00,151875,144441,5425622,169389,164870,81834,225880,587,56815,8862,9367884,2528,547,6196319,5471,41984,13316,35310,10553,3970,238034,49878,4049,150728,165939,43223,25489,8366633,7654,77595,118874,66332,16475,64673,15937,11805,427152,910465,32476,154358,3993376,162227,4419,2893,60499,6258,111801,17510,34666,3756778,4481,158082,158774,112250,60249,893,265353,5046,29,23739,5097312,5,18365,55783,412,2170,12573,2843,7084177,0,7264,8564,25377,3991763,81793,15792,40280,8816,202,116190,18382,11200009,114066,33523,2314,3,232784,33131,193840,7138704,8372,2971,49404,110142,29311,115892,107338,57574,101473,5575184,161133,75200,157032,17358,0,4900,8373,1456,2411674,3630,15306,43200,19548,23764,50651,99,1448,3572,3355,7547951,61700,44094,11340634,15743,28404,44428,1101,277790,37556,10246,63076,45597,6203621,126504,11394,4278722,9406,14372,1487,322332,9073,6309,10451,23157,215882,5042,18395,841374,173119,640589,26908,35451,2499939,5360,43961,2884726,26033,32289,28436,2271,136892,30470,263,75055,25901,39211,33961,9194,7402614,32578,11053,50832,9145,2793483,147241,5014,24870,52419,21705,198745,45150,2753,30664,15198,0,306,12395,4499793,34241,1414,3867,1764,2944,30308,1945,36369,4614,4252,8779720,10289,9597,468,2174,157279,4286,47724,3202,1886,73655,3816102,8156,113250,7,121874,12655,5092090,10226,55851,159872,35456,2767,10,56895,0,165242,233713,606,58785,13045,12395,2438,1035,5785430,16216,19389,10678,2841369,28074,87738,32151,5147,18303,47005,2321,208036,123,1054,3066,1191159,4680,1628,1122,14305,4488764,404616,94318,15099,21395,136170,181137,136541,43131,80798,37842,3288473,26236,166250,14674,10536,70798,49310,79967,10524
2024-12-07 18:20:00,116135,64275,5280292,53087,83759,45288,152177,666,86280,53966,8731469,49103,54617,7354562,8514,129641,12448,70873,39616,14427,218802,20147,6797,25822,80011,10976,20325,9002609,3230,14724,107304,37571,15798,68881,7711,21763,69882,75161,38169,231003,4039319,27662,6041,2213,101597,3139,184260,14480,16398,4376301,17316,14743,2631,34302,7758,2073,5814,20080,2955,32501,4512348,0,4317,15470,123,2648,6380,4590,6716426,0,16129,25059,33319,2531755,136294,13543,32811,2136,156,94481,26549,13780815,56186,5685,5300,4530,32619,47995,108342,8513383,379,5942,14658,38591,11621,59425,37582,30136,51922,9439300,100861,19905,146238,9342,718,3735,14222,1877,2608419,3021,26065,92956,8041,5187,39384,71,4018,5596,461,7347893,72636,6209,13792898,34021,13607,31576,10812,26025,64471,23583,58702,31251,5124975,175615,12003,4585782,3931,21699,9017,415179,2668,11672,3844,30172,329445,3048,42483,639019,202081,808769,25510,31843,2430952,8174,13849,2634676,27286,10505,21702,6823,79132,15669,3128,148121,26247,29055,83651,45882,7418701,45855,41150,128532,55946,3266298,194710,1289,32056,27066,36262,48984,42784,736,578876,14113,0,5939,29092,5005551,49983,2490,1991,1888,1074,46734,1621,68779,4068,42,8515522,4566,22478,45914,13266,319092,1712,111150,4955,9581,81776,4161561,36026,35491,0,91450,5494,5299088,3020,25065,91872,28591,190,6,19015,0,122985,251435,889,102197,12130,5437,1870,3569,5031638,39282,5938,13316,2429054,54811,74470,1428,15676,196696,2594,7821,31968,32,3872,1174,2145520,1295,4448,1721,7518,3451148,446812,62369,21536,21789,314871,118425,77373,49129,30094,67713,3356557,50015,100284,36486,4620,273983,146508,48463,15395
2024-12-07 18:25:00,225957,123576,5287603,82068,87995,47236,140839,2403,57975,4885,11006501,78664,19424,8827701,7717,140216,55558,70111,41978,85824,81194,63242,21532,48185,65823,10858,22397,10640568,22768,42609,132922,42647,18844,153542,28754,13247,21655,92552,40221,45947,3992403,55228,12796,16294,86193,90,167222,17882,6841,4033659,12253,32532,2256,35464,40648,3248,13343,13458,7080,23241,3757333,987,2262,26954,343,6838,6414,14518,7322578,0,11592,13892,46374,3679769,134429,15275,10396,4692,0,81379,9687,14778237,80298,4442,24801,771,10943,19543,31922,8627679,744,8736,37939,42065,34404,52411,45729,39031,52645,8466869,126263,22497,309684,11797,0,6891,26696,393,2976402,9920,23212,113055,10055,6706,77687,79915,186,1122,164,7130831,65000,14913,13067024,52298,22621,19813,5964,19519,41921,27945,82464,42398,5969573,86606,10397,4793738,11227,12496,2575,243316,23204,23468,3126,56425,252486,13466,53654,906646,134709,757801,8801,8299,2004546,2949,15488,2533070,56300,34854,48971,3942,53741,6184,892,931521,43800,56854,13037,1216,8832791,259236,120436,157420,195191,3040782,95614,3112,29576,12591,6054,37262,23876,13508,8500,6836,662,10203,76945,5551541,46705,9285,18245,7054,2818,32498,1161,50620,6393,192,10706618,11423,1993,4253,13724,105391,12945,35752,830,28405,30780,5726890,4908,77808,67,89894,6582,5147083,3187,30909,118971,37742,1052,376,15177,140,66604,87543,228,111020,56687,26631,2746,8930,4670368,15607,6348,17462,1841029,20459,44190,8999,20969,33140,16846,4640,36364,15,519,95,1145969,121,18602,193,1997,3521786,543646,27867,16880,10452,173100,79879,31772,87390,13617,61826,3708190,12044,115354,8516,5858,327659,60026,73951,11792
2024-12-07 18:30:00,281336,95338,6473225,90990,117454,83927,187097,668,156867,4347,12172536,63577,6826,10367093,1918,53376,35650,31963,16651,3410,11724,68211,1380,47009,25304,13791,17825,9350385,75696,28062,179323,88503,13838,28670,13823,31575,19812,34450,45950,15980,3384972,133687,10800,5351,86383,4058,104157,27857,69834,4108162,3354,141481,1988,82828,91182,4800,74833,2782,33970,31171,5024949,0,7633,7876,166,1431,3472,1142,6800235,0,3207,19348,31905,5183711,87458,29493,13962,3464,0,84699,8923,15149778,96628,14355,13082,0,4080,13434,69853,11069853,2340,5806,25596,76423,21414,203538,65056,71067,67914,6898499,210639,57921,223689,7020,0,4077,21885,1822,2178910,315,13270,198422,8648,1766,37270,71638,0,2459,376,6460652,39699,18751,15386021,18697,20975,23873,1107,53085,50319,37781,60404,47885,5763506,178571,21556,4621417,15315,19377,11131,525542,24161,10565,19929,21908,109951,11143,13206,652750,169547,989253,17188,51021,2720801,4042,72207,3530195,22372,66791,65065,18484,118611,11578,0,89436,18273,6734,16326,5848,7737228,28196,43822,61999,38860,2877204,236409,13966,31642,33547,13190,80692,37863,14221,69586,25209,327,0,30117,4910796,39474,2041,9377,474,354,19159,5320,31358,5234,315,8037787,3277,2217,8208,3209,179575,4741,40967,4286,9035,37033,4786632,11447,118343,2497,154673,3337,4645576,8248,120934,245093,20705,853,1,55656,3,28916,17586,116,64148,12461,15793,2821,6382,6146566,14490,12227,3721,2527765,27944,76290,4174,34567,14700,16295,635,95130,3029,1461,1996,957247,6458,873,4323,4694,4485374,155794,18172,68373,17538,249225,101587,73275,74455,37814,128781,4265013,11006,100367,23277,21107,545094,86971,108078,10866
2024-12-07 18:35:00,131975,50592,6099875,70324,102805,28831,31736,2829,50138,8642,11296382,1291,6542,9234094,6070,13669,16253,7064,38845,8473,18475,117244,10993,31884,45321,56254,151803,8961586,69967,106920,164187,97732,30235,65314,25469,14414,15603,12180,58674,45561,4949656,71708,2010,16934,47011,9911,127816,29514,32585,6596098,9319,87541,5428,370784,534610,5110,19366,6580,4574,22495,7888470,0,11335,23314,45532,4997,840,7550,6166643,0,9547,23629,27860,2574902,63458,12970,18521,2421,234,148210,18926,12738650,98657,12871,7992,0,6,29921,54432,10454751,4611,5452,31637,53729,12527,84939,32229,30440,62927,7639833,148857,60576,374944,8480,1474,7975,16355,1795,2521018,88,12094,176551,56300,5701,96652,12287,0,20077,614,8620428,198917,276852,13905241,21855,22951,29293,1958,30833,52646,35043,151156,39822,5317479,168006,19275,7273909,31647,13032,2531,334578,27525,11748,8347,118771,165388,3790,26784,505340,222916,1450598,58366,12114,2560299,1992,13390,3960158,34908,15360,51704,18037,65268,4099,0,112279,13124,10408,320826,10121,8085020,56619,86738,54845,41354,2588176,114331,2645,26444,33060,10322,42472,12920,4850,58268,4484,48,0,34173,5269673,55937,10202,2634,1859,2081,25091,13452,44911,6838,23,8324158,3390,10906,14475,10649,160660,617,31523,4692,20752,68532,4469656,38181,77074,51,114372,9992,4487119,10604,50737,178330,19946,3052,3482,32895,889,22648,23696,315,64597,3554,35558,1878,44936,6739593,27719,5299,12191,2320201,44252,66406,16513,54711,86939,44133,12081,342688,1156,536,113,1721910,743,1010,290,1163,4600711,253050,8047,17065,9686,111194,97524,88184,100766,80781,42931,4179175,82669,122834,85899,43356,926479,135261,174670,44746
2024-12-07 18:40:00,88073,66163,6079558,32150,79407,62960,34048,8456,59769,9468,11003208,10340,3224,8431329,7801,7616,5299,19067,11436,9033,26202,35345,6214,126812,41691,40946,58432,10533162,95960,61004,256241,55687,41112,89717,20387,108367,11861,16216,150010,61036,4026735,38695,4401,8748,140743,9165,141853,23532,6977,5911201,12108,40254,3920,421777,83282,1262,6783,10527,1077,6292,5284721,2608,10416,20157,7026,7007,6669,3955,6329244,0,12853,10437,11782,3963613,62826,8791,15403,3983,0,426521,32300,12912566,10119,25574,5297,4,1108,38730,18630,10756294,1562,874,8478,16722,18048,69777,41725,12030,31203,7131580,274107,8914,384169,19175,326,7318,37798,1162,2177930,7259,31574,110821,129780,262318,190004,41164,0,14968,333,5785151,36120,18095,13484621,49409,18018,72179,4313,30794,106896,104976,223600,79532,5986203,218571,80071,5934715,19988,12852,28054,418021,18829,15249,7446,23399,232478,5724,9159,782561,203293,1208328,67684,64158,2499513,10810,22627,3712321,33723,33958,34694,5772,62478,11293,937,72165,20813,9234,33478,11506,8018662,57542,35337,59010,27785,2381716,134551,20951,50247,50340,4966,19341,20819,26739,71371,10456,3,0,33689,6426343,25364,5280,8947,175,5364,27353,8250,32170,11786,382,8542377,8801,6063,13973,19436,166600,8607,27996,15321,5652,54727,7920189,11268,44888,746,100479,11629,4304981,4474,52098,220892,17603,19324,0,28671,0,67231,22659,9593,50663,2453,55996,3376,26252,6749843,103267,53075,3527,3116337,94370,141673,9080,129972,283124,42287,5735,674592,247,657,11,846578,101,659,363,3331,4753914,244665,24156,5660,11950,146164,72917,46232,145761,51668,46619,3721791,22245,56172,83781,38116,963450,69106,54259,21812
2024-12-07 18:45:00,225273,105950,5619106,54218,71344,81942,57094,191,143527,12946,11686652,16920,3485,9412629,2576,51870,727,17622,18541,1139,4555,66888,7829,68771,54532,34398,80079,14684278,71653,56349,251375,60392,6551,168197,37835,46317,4492,48910,21060,80335,4120506,40182,2908,4454,54389,1038,317048,16100,10756,6125293,4121,137535,2546,340858,127367,29890,88153,34299,2475,31357,5114397,23,1490,27055,466,913,625,8000,5804714,37,11088,14013,7546,3504496,51333,6421,13601,1570,608,103939,97924,13196106,19554,23043,8054,71,1495,26525,18617,11939152,45,64613,18367,26646,25974,138058,41965,30999,33588,22339741,248394,14497,120203,8956,295,5159,13909,947,2314282,3074,30065,207722,23496,65878,10190,457,0,680125,0,6602574,93110,901625,14585972,61147,27890,100291,3305,14832,57676,51394,77914,76600,6482946,214774,26634,6167184,8342,15048,947,621396,6017,4576,358,83957,470397,11294,33020,817031,166816,1120183,120784,28381,3209596,3234,21460,2690762,44387,32121,46609,18092,92289,8186,3645,751000,18402,101956,598901,10467,10138408,39855,119377,84710,387154,2666585,74554,5748,7386,40332,9259,35926,35518,8659,174201,17900,0,0,56582,8316837,67212,16362,30584,383,13518,28979,5959,51849,3621,1230,12868000,1858,4159,8111,104548,155096,7949,46207,20870434,299,61142,9673244,3968,53671,399833,124915,2689,4122827,3954,23744,141107,9484,7037,13722,23864,0,9937,138766,0,36813,5139,41724,246080,34217,5686987,73298,33793,1318,4170191,32826,94944,27405,36330,72777,32704,21889,695118,0,0,80,946151,6,565,0,9765,4081657,553480,48115,24166,13429,23887,135127,30311,73118,48750,60302,3644180,57341,25638,56210,34142,703409,98223,46328,42285
2024-12-07 18:50:00,197300,164525,6607006,110613,141543,78877,137421,56,145543,8077,15621520,175,30033,8895204,3501,29064,366,51804,16131,22299,8460,75120,2206,152090,37193,20278,29313,9503641,53546,119795,173140,52945,17336,83064,7089,21910,11054,29821,25734,161955,3619398,166215,3028,592,66400,11109,279398,57486,32757,5019444,29591,130778,6328,235217,157007,1628,23898,2877,48687,60100,5799892,0,3807,19160,4404,690,1083,1224,6312279,0,7970,6558,18393,6018210,69270,26551,41038,8586,0,1386268,15381,13008887,11989,8829,15942,84,3443,16700,16277,10912151,19364,7351,33856,25008,15804,64774,40337,26752,44940,22027930,102385,10446,338782,5775,24,4347,5037,0,2692551,3715,6075,427470,230799,231766,125012,2245,0,632,149,6308680,43134,1540,14023180,49465,27285,100793,1062,76566,52398,44173,54030,45464,7195372,384810,21889,5440219,22940,52686,3105,363314,34766,7939,3036,89243,375964,18158,115303,1030401,120453,1035373,34368,28002,2580435,35266,25032,3221098,17307,21901,29906,29008,81542,26049,1549,90484,26317,52925,24190,256,8325952,67414,34122,41856,33747,3204508,106503,29,20067,32923,224461,37143,50089,2337,197187,14098,12,0,65816,8232846,326763,1791,20419,8521,3027,19205,1324,75999,2178,2415,9456921,6001,2539,14381,23097,193765,161,21957,20811761,2,49643,3031768,149,53205,1604642,77051,19003,5136434,6504,36148,74973,28366,2568,135,24697,285,47504,19150,6153,37989,462,24885,21164,260231,6316061,192528,13508,8288,5081912,164340,93130,69,32837,119058,9822,6104,590043,514,224,351,1394741,3644,6520,1,10434,4530865,235697,112691,6873,13226,44402,72930,51578,39960,55397,112174,3196427,19427,66504,28199,60597,499354,50450,79690,35997
2024-12-07 18:55:00,79814,53923,7098177,46745,81797,36725,21730,2793,55873,12180,14806700,0,63008,8542458,1283,52395,958,111733,6248,9463,3563,102589,1186,39382,65206,28122,45509,9358522,15217,70621,190687,76961,5511,100638,29070,28693,6304,10918,49733,112520,4052873,116949,2389,3894,43932,19663,114757,57296,28670,4102235,15050,61883,8798,140027,32448,14159,28241,1216,19629,27241,4695039,0,5019,21027,2157,4340,5405,8932,5168651,3,13232,15570,18630,6665243,75704,6026,17885,1675,0,900279,12817,12814789,13872,13032,7249,10486,4849,46954,10052,10465890,18331,122458,16068,16897,23753,39787,41850,12766,30335,6534806,167580,9636,91474,2104,0,651,917,0,3478032,2940,6143,94719,63487,57301,141482,28447,0,864,70,7767180,14535,9765,14527419,43858,16773,32640,3592,19795,113877,19803,138370,103978,6071443,120888,16339,4835456,29693,69060,2095,275311,29737,3100,8265,109253,187118,32543,14837,598304,185730,1439237,75117,180454,2265506,64264,67413,3177830,70019,84605,4778,55023,58972,64694,133,417613,44953,5811,37132,654,8561530,66781,57721,24003,27105,3015388,76621,0,11637,15463,12904,19258,9757,3692,29329,13256,67,0,94178,7169854,20182,22329,3097,6842,1967,44009,1601,39167,6113,1288,10990429,869,5308,22442,61277,264651,5017,12867,10743617,3053,40828,3680321,2121,61175,11528937,160609,11430,4290286,21117,149877,118454,43368,12717,3563,93338,0,49444,5118,2142,129441,1707,30139,20453,246308,6352084,10954,4944,1634,3227844,33890,57269,4304,1951,67042,8012,3319,67555,391,1399,1593,1291480,15,85,0,5936,4389405,135544,27411,6244,20051,35622,95321,31869,48981,48196,46071,3249039,14899,81871,54608,53735,181417,19427,88076,27768
2024-12-07 19:00:00,197382,153960,7218390,192421,122554,52952,41771,149,142538,9379,13843224,50,147285,8862460,3043,59155,2321,95052,4567,13764,8614,57646,2286,33619,52540,42339,45011,8785890,14190,36845,211656,74819,22939,78493,20230,16280,29306,58660,41898,113875,5265071,48116,1888,860,30465,1930,49172,9319,20315,3980608,10874,41693,54162,49847,26801,1227,15408,1157,1043,17538,3589299,0,18287,22410,9572,2427,2743,9195,6197744,0,18569,30365,25393,4867153,94318,9392,33822,9085,1,1969151,31238,13273731,1891,38696,7912,1259,1842,24576,20420,10154853,5347,255673,1977,14428,6719,31336,38450,15001,37760,7875780,227203,23317,85038,2386,0,5370,1220,263,2793448,3555,7554,84547,12503,8902,43169,2862,0,18188,3597,9213121,24752,5308,13714942,27817,15821,61833,448,13525,32559,25456,18942,39691,6848304,65725,34274,4717976,319,12093,1500,133226,1053,979,1618,44160,254939,25040,51457,479453,169263,1239022,89799,62934,2471774,12817,113333,3187850,42972,87168,9152,44512,273886,8643,0,219022,44689,29008,98604,5138,8102703,217131,230231,84075,39097,3607251,42599,204,11928,15529,710,10993,20644,5512,47027,11732,0,0,71006,6962296,59597,7805,1694,11335,13518,86544,528,70897,495,1765,8547849,43895,239,5570,29536,107100,720737,22435,7021449,13006,46124,4355237,5085,1559454,5892032,115939,3793,4776237,8402,46551,150026,22660,8909,0,38562,216,26114,3670,294,75787,7855,16254,19464,107196,7311868,27817,2929,4363,3207888,60000,58406,1720,3781,14147,18180,1166,96448,0,0,0,1166189,9041,3620,0,1429,4483500,126258,42341,7253,7826,25230,85202,26224,54734,20907,37485,3160790,13601,83825,26507,7328,31324,5252,70214,10436
2024-12-07 19:05:00,309089,101838,6266829,174182,182308,330226,107577,63,274232,41493,11084714,14972,21529,7946835,18015,105402,12965,135972,15324,13687,27451,77112,3947,37359,70785,30885,47652,8648431,21227,61153,293048,24892,2251,92275,14147,14169,6579,25078,46235,153193,5519744,33948,2375,893,92376,15963,101685,77489,4581,4513287,29630,68224,6700,48650,24645,5309,10093,12855,6195,17370,5701844,3,19469,43532,3061,2554,3203,5853,5424533,0,14112,8516,11795,2591273,41040,6836,14451,2951,714,148862,10305,13225429,12428,11571,2031,0,995,13784,25766,10045505,45,43394,6460,11263,13138,33759,10561,13030,58933,6443653,113565,18955,16870,923,0,6257,2677,28,2878079,280,22034,53418,10777,38579,37553,24469,0,1074,19,7495578,76484,8336,13495701,21825,33323,25003,1827,13227,105671,48151,122782,14508,7863238,155150,52734,4863675,98293,4363,2709,173687,3151,41,15425,38385,184483,37597,18965,555438,105896,1401659,54155,67427,3156746,15708,57934,3291179,41102,116649,11857,47854,173253,8942,53,268958,73386,23400,125583,21844,8413674,69755,43348,58050,26030,4362588,34140,948,22254,7579,2271,17300,14107,139,25788,23004,0,0,59064,6698178,22226,14421,6353,33428,39372,69088,30074,55318,20461,40262,9481850,125529,45765,11054,33176,118978,7591,50333,2419,1638,39406,3471582,10538,168332,12037,81654,9751,4585912,2677,18719,144277,19871,1651,1570,38763,317,193368,142049,1760,62465,5226,44266,98034,86255,7471483,67375,9336,1871,3084952,60439,138997,8967,31709,83479,18432,48,83758,0,0,0,746975,0,157,0,18,3824967,231071,17642,4644,9192,37488,77870,21763,54682,31974,34887,3449920,47410,66150,16174,18544,28335,3171,229489,20759
2024-12-07 19:10:00,188113,137036,5855668,111832,230762,22889,15812,7914,45847,62153,13945970,16588,42025,7956055,1780,18599,5271,114538,4175,16067,32415,61103,17297,51790,92966,53937,427353,10527999,17958,69716,608036,4792,7429,238961,7814,21331,1434,8730,63987,214442,4726730,28724,11647,4930,64416,3628,68067,4450,33716,5017969,17609,61675,19354,45671,46669,1945,6031,12395,3640,13440,4913586,14,6010,29872,7143,7262,3673,5652,6041419,0,22267,21062,24892,2899983,56735,7958,7845,4045,0,90163,17910,11409247,43370,14974,18245,217,914,29208,60666,8903865,0,19841,10269,12072,5092,31691,6166,16021,31130,6292605,115137,3503,20384,7804,0,5896,7851,19,2566557,1013,50966,58508,22142,17013,47508,111700,0,14473,710,8170766,85071,27188,13667455,22372,11740,17286,1982,19048,49913,16606,30667,18426,7599121,95953,41274,5600365,3082,14098,8444,178308,12974,11223,1899,46626,446898,90135,98243,416507,153642,1644821,23133,34986,2300214,23519,595724,3389859,50868,266447,17391,76115,255264,14831,57,212228,54183,102869,35209,13754,10392110,121241,60716,172205,119855,3857807,57310,271,15556,19843,537,15176,12774,6322,12778,9064,404,0,126343,7303323,41379,2437,14780,21042,4101,94327,65090,57063,120156,15868,10842047,84755,10295,4297,28802,204329,364,37017,976,375,111997,4058315,1419,93468,159230,53816,5106,5241903,17443,33036,56190,32932,1482,12,136892,42,210866,122318,246,35747,4189,40905,148499,27100,6801409,12863,7742,12208,3464461,49423,81608,1930,40937,81361,19548,1805,41198,3431,3120,6869,1173249,6102,1756,2937,4471,5234886,152090,33635,5016,8574,59979,86370,23035,27422,31228,30753,3021845,12498,34264,75208,21275,29925,136618,48033,213703
2024-12-07 19:15:00,114851,82784,6551774,45684,101709,33993,39674,964,38509,11308,12448016,76,14631,9060888,852,4313,2499,290082,4175,3898,8308,64430,5053,28642,52708,23409,48130,11197772,3323,55187,198097,22721,0,116970,10411,18545,2181,23999,73222,65056,3314713,11117,4990,5160,10325,1375,64733,13812,4736,4465230,5915,67482,26730,72528,33271,6180,14019,13377,7290,41416,6216115,1731,17617,49659,6079,11803,4135,13012,8212106,0,9873,6890,20851,2424779,57810,13253,28134,6508,0,80100,15095,14447996,81679,35505,73446,163,30,26565,75035,11124229,0,10221,66588,14221,9514,10853,19173,23836,7504,6069038,126980,13832,17555,5062,0,8503,11074,0,2435280,12423,263639,93237,12473,23131,104962,27618,0,11539,1961,7706507,14481,11656,16730046,147787,52252,255775,2532,63371,154232,25026,134030,252838,6087831,48795,52953,5290946,6849,3286,4121,129266,9667,5123,275,56937,258680,10409,13652,513436,138986,1233470,29997,46672,2781684,2788,24361,3230502,71762,54644,19914,17263,164923,21712,2832,111953,26145,5263,34289,7382,9539794,64328,52347,73254,60032,4330299,181847,1540,20668,15258,295,33076,11973,1412,9349,21357,2,0,65176,7517668,112779,7287,21674,17340,6957,112075,84066,48043,102122,13432,12041691,30361,20762,13034,32715,151525,1677,11257,1625,379,44444,4541590,81,56297,389238,92559,6649,5453473,17516,45642,117747,46161,207,140,198257,23911,116731,216985,350,28991,1540,73430,212601,21548,7600354,29461,17505,9506,3576744,156973,141063,6694,14091,38906,18982,822,42369,0,0,4860,887229,389,1855,0,3281,4247418,225213,43613,9533,15054,78772,137239,21902,103188,45299,45333,3577675,6984,90489,96269,28670,79241,37953,39033,297984
2024-12-07 19:20:00,122731,110182,5190638,92811,64955,19278,25084,51,41997,5002,12108088,15930,22157,7125344,1639,28305,609,26859,4903,3440,5036,85948,3074,58392,151896,22438,43267,8505248,37550,20397,264798,23823,3101,45300,9893,29819,1067,2837,48401,23679,3336720,74591,2689,1034,22743,2365,65972,1861,6033,4712572,27490,67960,11284,102387,68021,8159,22466,13602,2444,48755,5289050,101,6314,28841,11523,9921,9786,7055,6731888,267,14597,17605,31207,1969145,91778,19584,35592,10622,122,99458,29622,11050179,17290,28374,13817,8490,5876,12326,48864,8137050,603,4032,2498,18209,6332,14184,3673,9972,44799,5118008,107838,5247,21159,2172,0,10904,8503,2349,2105571,13655,209848,52918,9559,2283,168964,2164,0,303,32,8954774,54198,11402,12293525,63735,41148,68774,28310,77621,91588,65746,148045,105231,6759359,84286,45908,5301965,1858,2292,11832,209276,3322,691,2955,5019,173946,5758,15418,441136,71704,1481928,13438,12311,3075075,17934,74942,3090025,46425,103150,12167,54300,161541,6791,0,82277,12002,15298,10393,963,10395784,171324,33883,11723,98368,4536010,60542,6521,6309,14377,1665,15937,17009,8231,13603,26181,4441,0,84250,7158631,944221,5772,15223,24160,1561,60517,16520,25420,15343,21268,10985475,37977,4357,4475,36044,119066,5552,9293,131,12771,26029,2627502,1803,72733,407680,72592,6324,5402664,14525,22395,123597,75063,5997,227,30785,373,73151,163533,3254,16150,195,49704,25592,32761,7454871,29491,10716,63423,3377354,32012,78049,9255,96218,39432,6565,1,45853,0,30,668,1363988,4852,2143,0,5129,4595149,99216,17639,1823,6116,21904,80039,35586,65780,50435,88594,3277897,36169,191771,68077,28724,59878,18523,39809,63550
2024-12-07 19:25:00,117569,98094,5524483,85221,152445,36327,76926,118,69812,9291,12174737,151,8203,7444175,3726,9217,238,116840,7101,8753,17524,61156,9830,55477,174986,32043,46871,7892079,13406,66628,155301,6311,1866,79346,5361,13678,1576,3424,86110,24436,3381234,155907,3373,792,58375,4527,62139,625,608,4076000,20523,74196,19299,69312,30883,11391,20953,2763,3768,25654,5766530,64,4861,43260,6478,2611,3499,13615,5815372,0,8127,6110,23269,2967395,175721,4261,42535,2956,0,72406,8690,12364198,1889,3755,3117,14,854,2864,38900,8502187,23290,468,20148,6678,3176,38874,18866,33870,13344,6715656,187157,16528,7133,1023,1663,20198,2507,0,2659971,17089,81777,34562,85218,40513,179027,4744,0,1748,9678,8247330,100854,11879,13583192,27114,44733,30764,7592,29829,36107,27954,125508,40483,7242987,121384,39091,5281046,694,3720,5966,335265,40981,477,10387,4240,118115,14534,15694,406713,64907,1431086,21981,12037,3305759,4330,27389,3404522,44741,38656,20592,12420,175049,21489,0,73419,56225,51474,50372,35954,9965528,46591,29972,19079,65591,4735210,78914,962,2942,25451,19087,13159,33680,15239,12192,13471,10343,2023,29046,7338356,567327,12868,14000,20226,1995,38891,7916,35713,9491,20423,9410832,40403,800,21922,28423,146097,687,16812,2330,5972,29415,2988358,11051,49082,112187,194338,8292,5436900,4402,46394,140801,38139,606,54,26444,0,111702,8913,15185,28584,1438,33321,13379,17658,8716044,10398,7808,25547,3127827,21404,42361,777,8301,55324,3529,648,19968,275,479,403,1558687,866,1428,15,6437,3619526,142459,17303,27133,1326,32764,43415,90458,32753,45649,79674,4089043,29165,192035,56191,9306,74308,23810,51729,134532
2024-12-07 19:30:00,76843,84759,6738272,41931,87906,40511,39042,45,42214,2737,11935783,731,3134,8632892,1649,11456,4652,66857,12616,1129,6263,56149,4376,9192,32014,41049,34438,10294928,5223,27603,180030,6686,1675,82818,2840,12969,187,546,49618,10528,3603190,25317,16719,1420,43176,5293,57841,93,10147,3337609,14772,35779,1390,41005,22667,14909,16228,45214,27968,22501,5626095,1,8687,24818,13314,347,2844,1483,6361393,0,24092,12075,20679,2081048,72358,8046,43698,1018,0,59736,1737,12903048,3527,5853,2690,85,71,7961,26936,9850831,0,30582,9135,4819,9907,17364,5414,10317,33004,8669460,124363,6169,2976,6419,2891,9597,1476,0,2497369,4457,19611,19093,37592,165224,60438,43497,0,6995,797,9250723,68960,8536,14507688,42388,20660,62905,562,45654,18042,40630,84198,25365,7817226,81473,14039,4385088,5674,9728,5781,111730,9424,6956,5233,46106,95833,6541,17498,314647,104108,1520340,123632,57909,1997344,1214,4885,3357720,6676,25650,7570,2437,290033,3722,0,56783,33695,16687,57785,5946,11240157,33860,72642,28917,34611,3996620,118006,1229,2770,5009,1667,23015,6176,3094,94049,13656,59,506,42893,7618858,55287,12625,14643,18318,13120,73098,13095,72181,23476,22006,11043566,38483,2242,23,4807,124828,5577,12459,2401,4785,43521,4683875,3636,105832,102407,106166,16725,6403284,1065,24592,66507,66924,6695,0,12299,3001,58473,30305,5665,46294,13351,32882,7661,12796,9777999,3416,13651,1277,2505529,21831,133190,367,2111,24758,36291,1,8987,34,0,20,784414,314,7284,0,162,3659654,128802,67441,9608,2395,30692,89565,127163,40852,49611,68477,4883176,52452,79024,65366,17181,38495,16786,91431,200541
2024-12-07 19:35:00,156794,147663,6272862,198798,92291,57173,43677,4702,84790,14417,10890556,1650,25072,7580256,715,12387,3178,20176,2252,2570,7599,124812,1552,67987,269930,19231,46330,9798565,5421,193569,685971,3724,4525,102357,6416,24925,922,857,58516,11031,4137607,40267,25397,146,38450,2260,55926,5,9382,3409110,9944,28885,1648,27467,25832,6502,4993,6343,1522,9649,6066649,0,19112,25032,3942,21749,9221,4266,6383211,0,115966,10569,21070,2607386,41871,6297,16055,18146,0,47368,93661,12444009,12595,20904,24607,348,2272,7337,17009,8638679,3,298,6087,7696,13033,14272,605,13975,14906,6544775,88490,4881,3912,14557,3683,11550,3418,0,2480769,2016,12956,55570,34412,21321,233371,40161,0,1395,1876,9094650,45683,3191,13892462,58312,10254,42909,6762,15756,20412,12485,109633,20263,6975872,60118,15956,4885567,12818,7893,2134,104140,2938,10293,5854,100576,226052,13606,265424,648124,104020,1087188,174025,58473,2272631,4486,31725,2709993,50379,58556,15067,13421,94523,39516,0,267770,40941,7254,45337,8829,10450563,22738,74282,20914,35861,4691910,67012,1509,48143,17578,3761,29113,32824,3472,51514,14391,0,943,107981,7399669,48336,12983,5857,19555,3351,45759,8956,62523,4882,1279,10662389,8181,855,14908,8525,118673,5658,29012,5318,348,171257,4356657,1791,64124,2828,53569,8630,4591096,6888,22624,55815,82915,953,82,31804,21,22423,25327,2609,13113,4749,28915,8171,22164,6382904,175798,22133,74,2851487,91754,174740,2716,3543,26122,58998,20367,13235,16156,16464,25460,658283,27152,14570,38499,24104,3910435,163245,172677,4083,3975,59123,172748,50109,101671,47841,43775,5588558,11540,52601,85252,20771,82066,13038,14725,173678
2024-12-07 19:40:00,182512,157402,6267066,153325,119009,96369,93603,205,196931,21188,9969251,17446,13396,7265721,1975,18319,1623,49345,11263,5064,6381,296490,12249,105710,40622,99216,37322,9690314,65388,64713,248075,2879,15073,177367,43138,77895,2228,2435,88628,29988,4209686,92257,528,14746,57323,3405,93579,2823,7359,4201237,11827,63443,1948,66399,17233,55711,5121,8483,8467,14099,7703480,224,9279,15868,890,1848,3122,1400,5743891,0,10784,15239,20747,2467168,48354,6093,11531,29355,0,87224,32339,15995703,10287,33697,54946,688,3,31012,24185,7685763,5685,199,181143,27843,79973,5176,5471,6926,39150,8583613,77033,5672,13409,21194,1440,10072,2976,0,2919308,5649,20449,21702,19815,9292,26484,39466,0,4439,5011,9333251,722149,109596,18375424,36208,14845,51375,462,23716,18166,17404,35304,15900,8385859,85210,32327,5224333,1055,643,1753,123450,8420,14309,17643,17129,187786,5510,10862,952144,76318,1079064,51610,17896,1947410,1852,16805,2513743,37747,28764,21717,5227,125304,18440,8,223990,40477,14426,59763,924,12389754,25755,127588,96479,77265,4598446,86148,201,24397,22821,1925,59079,19718,42662,47059,3977,0,790,223779,6759175,114568,15978,7965,22125,15839,228874,11076,138655,1787,85556,9757109,33307,3836,48,15243,83088,10749,22583,3249,1712,30003,5326493,7511,21151,4501,98269,1835,5448341,13571,70862,86531,672479,89,0,54791,0,47254,21108,3015,17602,1821,43142,4890,24512,8261343,12503,1639,1167,3863700,105378,120157,1736,2224,27947,79294,724,19775,1,99,1385,985809,2632,6384,1,4092,3329842,126427,19934,11662,2103,39169,56130,77480,47687,30839,53824,5165628,32074,87464,26786,10768,80700,33179,45765,20575
2024-12-07 19:45:00,78560,65666,5541479,79163,88241,53051,43831,258,77873,2657,13447769,6390,29797,7470701,2,5360,7350,85069,1997,909,12515,55080,13844,29997,38601,72329,20429,7536927,26685,72055,200918,8,3740,194398,52865,34555,2706,3654,48279,158381,4358244,83758,2683,1114,70480,50995,84499,11166,19063,5061298,31389,55572,6200,33052,10736,19857,7046,6300,12,273708,6259098,0,12047,88238,10323,2335,20309,3529,6739845,0,21479,22657,38746,3807237,62649,14862,13733,62241,0,90748,9139,13654578,14445,22301,17484,4,297,29774,20830,9104430,3558,612,3585,22860,15615,18251,5262,3802,45899,5846309,80459,5716,10541,29830,268,8742,8651,0,2746354,4644,14092,57606,27244,3560,314462,13053,1179,3356,178,15933498,26344,6200,15113540,85109,12449,34457,392,12143,17313,23799,46319,7547,9313150,135982,37572,5237801,2072,4784,3162,152874,36189,590,44686,16255,363511,10110,47663,584203,78754,1305419,26519,13432,2649127,26,10850,3226517,39935,24908,10598,12239,118037,10180,0,417959,2374548,1137583,788171,380654,11803845,219237,445266,22376,34508,4911445,43012,0,118337,4612,1883,14253,12430,706,27199,69873,0,611,92331,7962806,153086,14625,13499,16301,6280,57783,22604,57086,29579,0,16919400,21032,401,60798,96036,115369,18014,8153,58,1,18513,2876202,21593,25298,2410,47708,12518,5194257,6022,25637,66051,15337,3354,783,35705,0,106000,52440,1566,21604,24917,57214,7873,20727,8480645,5376,17870,29196,3731676,34192,78045,924,19179,36127,44340,41550,20364,13181,20392,53232,1016078,40214,13648,41511,7058,4934576,169882,30507,3146,6617,13098,56311,27702,35823,101757,58682,4938999,11127,46290,37649,6986,126896,15854,32504,16971
2024-12-07 19:50:00,135345,61009,7655366,60595,72352,65257,50314,3342,83179,7505,11763783,4,12181,5767307,18949,2546,8129,21205,17327,19189,6241,19455,5888,41272,20520,42074,14641,8010562,193550,12177,112164,8268,556994,98748,15598,24914,23795,46434,89220,404599,4384400,88546,1269,447,40459,12728,73323,1783,50989,5997652,27151,343341,23317,71117,25344,9562,28951,24825,5259,113041,6605769,1606,222153,160554,9398,47238,24086,98890,7370670,0,217645,13865,123344,2270080,212815,36731,25619,5071,0,50640,18605,11224412,20911,10623,6475,323,1471,25783,12747,7787019,3965,1077,36151,33515,10557,34207,25636,17433,37278,6758506,85253,6541,3775,12681,0,10373,6656,36,7064273,5218,4806,99264,2503,12417,388240,36519,0,9033,1114,10983499,124760,4955,13436563,81568,14493,19036,8361,32205,23971,4548,37435,20859,9515522,58644,15138,6188668,1785,1611,30664,275984,37234,1704,1540,37623,202912,12561,36199,664326,36210,1340568,13348,27352,1918576,509,133424,2403624,35621,51351,7514,239694,81449,18605,0,201154,6120,10032,76560,5617,12000218,168765,92645,42071,50594,1980157,44790,0,22822,6629,1455,9070,10978,1613,2849,159824,0,239,47828,7867798,30102,22093,21106,33213,37944,58056,8830,91154,16804,3692,11677347,33002,1017,37261,207140,80828,9894,17622,4381,20727,19764,3412462,11081,9382,1576,45345,6492,3818829,37232,23036,205751,42462,864,575,106646,352,66324,43206,4236,26092,64889,34424,7940,3029,8773065,30338,73937,22847,4213628,42391,60338,40255,11967,35065,11620,229,30043,1,926,4602,1274311,15425,6430,45,13629,4588486,91250,62326,2244,2867,28952,123386,44792,32625,47196,47583,5279950,4276,79333,23167,7676,73084,15762,34736,28160
2024-12-07 19:55:00,211328,122852,7537355,80817,87826,63121,61337,10,124623,4208,10385082,13446,7768,6992596,13457,33333,3625,45218,25901,9182,3262,53188,1329,37743,26481,9153,24437,8870675,34290,58129,210879,638,537080,118853,36038,31872,36400,53050,93905,20559,5281461,42170,1072,338,36255,6975,84355,5049,30644,5283001,32390,508092,1345,63002,21156,158,37400,668,1465,33452,5803625,716,48045,18245,1465,48331,6982,88566,4813806,0,13615,41013,24047,2204867,74905,19845,52602,7532,0,70676,15497,12433352,17916,12875,3690,1757,587,47548,26063,8612524,382,7358,19936,25444,7344,18896,18465,20617,20057,7445188,87693,12108,9163,3168,81,6583,17510,0,2877992,9130,4226,22512,9236,10699,433341,84888,0,1502,779,8560670,62750,5983,14670698,16218,14075,23654,707,36275,19268,23484,67197,8210,10164877,92255,22322,5433934,0,6635,19764,150030,9056,285,2058,29979,200400,15159,152798,644666,82410,1327213,38950,26239,1796835,2249,2836,4531290,89755,8870,16950,15624,112413,2395,0,135244,24925,5600,15395,465,11174124,242439,33699,39888,71301,3432445,28126,1773,2202,11333,2167,6754,10533,3177,13625,174807,42,766,149451,7426936,126014,28157,41342,30310,39900,58798,7862,61263,26022,1030,10356452,15505,26509,37922,154514,79233,1772,53774,6076,2581,51713,4642539,578,35437,8983,171148,2906,4775273,17305,188830,122270,42291,1877,429,139798,175,35937,16823,5755,15931,21517,14490,24989,5204,7386247,9888,15346,556,4664949,23855,46517,13121,3691,27107,14153,612,21036,0,0,0,689250,111,8312,0,1834,3286337,61186,61884,5181,4261,35149,75657,22742,35025,95853,28177,4707250,11333,161200,46962,25800,85279,14941,27651,34631
2024-12-07 20:00:00,163361,104206,6730043,65080,116169,94018,37857,2401,86597,13327,8603961,6352,1043,6757532,8757,13943,4802,50071,35181,20841,35525,34221,555,116239,172636,25111,37922,10753087,21394,11794,235884,144,604160,123774,27994,8935,24703,15186,60359,13039,5550011,39901,4946,8195,61073,39194,90253,7921,36888,6322731,11914,433220,4161,71335,34160,1032,49363,3723,554,19569,6623194,116,33460,56954,1157,6070,9209,10805,5115526,0,32834,23174,19128,2791915,65652,13628,49750,7363,0,66844,22878,10006616,32936,85460,1392,0,4,47729,69678,8206854,76,8124,7457,39488,3745,18217,15958,8831,56223,6213169,75780,11709,2029,7354,87,936,13533,0,4207210,5654,41635,25056,65969,33493,163161,124195,0,816,0,8570410,28550,1872,13790883,15265,50549,18046,312,44691,37342,48873,29751,4077,10509791,86155,39545,6127425,933,8882,8394,147177,27569,6056,11539,18961,237666,26284,81644,771806,79805,1029062,20536,26497,2983962,994,8559,3448026,35848,14341,7012,1804,75597,7286,200,189087,9235,5882,27987,41481,12725723,225965,44968,10198,41769,3686254,37009,0,19854,5431,920,11211,7651,9744,17619,126167,2,594,134988,7499787,92777,7447,12858,30544,15579,51531,11101,44668,2706,4740,12303221,7644,2845,0,1004,48604,4926,38013,3325,123,21512,3961686,9869,26040,2538,69607,1845,4358690,12251,36501,49012,53216,7200,156,19490,0,54551,42986,2699,47974,45413,27512,14621,9129,8117482,22956,24102,3620,4329239,34097,100760,7112,5829,42113,50615,409,31657,156,115,551,844967,1697,11634,814,1025,4205326,70305,21870,4568,764,33578,43161,93948,65598,71469,102026,5478225,10593,81063,41147,12326,222173,48605,60242,9532
2024-12-07 20:05:00,137306,90659,7994399,83581,109500,197727,65931,404,122717,11074,9724018,999,5952,9198276,149,6164,1525,95972,52,232,8275,90573,1942,121586,54525,18377,21992,9417075,23074,46359,198194,240,469405,219328,76792,111219,25634,162626,102356,49669,6186860,33712,2487,9031,70496,8732,119747,40657,24374,6381498,8038,37403,2971,49214,39302,535,14581,2614,5465,10194,7790277,157,12371,30307,564,756,4140,1115,6795624,0,13866,9850,20575,2802181,62308,6510,21331,1622,0,69846,14614,12350059,25860,83336,2305,0,4753,96955,82440,9372602,2913,19171,11939,4907,12073,10103,16221,8133,35651,7814604,120215,4611,22206,2991,789,7494,9402,0,2522151,13769,172946,45456,62914,2306,217307,33899,0,1839,376,9153865,145676,2039,15786544,33927,19837,31683,5744,26974,27587,40944,71791,36815,11472421,100073,19523,6418597,6380,80433,3760,134786,6401,1208,2478,46460,146227,4407,15670,579968,95696,1135818,18348,49953,2418659,13236,48475,2943555,33474,86376,6931,13203,152574,3302,0,265726,8572,4122,35037,39162,11846472,88302,31612,16940,23410,3464758,24707,13507,32507,14412,9198,11922,26757,7744,12414,89501,0,547,196764,7368461,31842,3861,3182,10914,217,30407,27259,29151,1487,6003,11975030,4560,18,0,778,60354,2775,25467,15044,3903,37842,4290028,10159,24849,2944,81577,3178,5815403,9891,62276,53637,56612,8132,190,28233,748,45511,50038,4251,105853,50931,30775,9911,24377,7164570,30996,65018,13197,4657928,34572,102982,12185,28430,54567,40601,364,38052,39,2,0,682955,93,414,3,736,3841680,78456,24332,1373,732,10552,132333,27533,87330,44685,73897,4837641,9086,42405,11636,13428,176220,40894,64076,24548
2024-12-07 20:10:00,217426,245416,7701838,76258,164140,98967,42497,137,144645,9229,10455405,67,5355,11869849,816,16286,988,21914,3860,2983,13578,27649,7923,29584,39050,25723,70934,8091020,26192,35472,218084,258,206262,347169,21865,18368,3231,39850,73131,34760,6137741,31791,694,2067,55933,15676,155550,1425,8815,6366721,8992,89158,8648,77848,36581,240,11339,4983,2464,19462,6689367,282,14429,22768,5528,7324,1703,10409,4904346,0,7042,15920,15113,4638593,47870,2807,38055,2689,0,94765,11536,11816049,6966,34769,441,91,263,183118,12475,11609470,425,25847,4829,15712,16116,24163,38790,6672,36469,7150054,107615,4185,3334,6352,2845,11301,17990,0,4560200,1095,87209,44042,86672,627,9528,2091,0,3010,1114,8341332,156973,15091,16236146,21010,15010,28806,1091,31596,22335,22802,43496,24484,10972171,101208,8674,6591073,881,10238,5356,119593,8260,709,10824,22778,122190,2453,12884,410898,57813,1345675,15845,27136,2709615,2247,34798,2897316,17520,36824,25451,19533,98667,5031,0,154169,6278,1217,33950,6193,8742291,32033,41904,14994,23597,2144165,20807,814,4698,7583,1447,5379,14265,5998,13146,11001,0,1163,195760,7052611,36096,1320,7244,8169,3862,34082,19936,21579,1525,8073,9376546,11414,820,9,751,44916,4498,14814,9907,11409,70541,4242465,13010,27688,3875,121871,19374,6244399,15550,30972,83294,68245,6400,150,30620,0,18272,35178,4907,56851,5811,12047,4371,50372,7425026,19198,58892,38251,5164366,97911,149721,9101,28215,99874,74217,0,64830,0,0,12130,1323213,25434,89372,0,8205,3491426,93606,22659,4419,9747,21819,108540,20232,52794,42854,79426,4344901,19019,61000,14284,21280,156036,52993,44826,12280
2024-12-07 20:15:00,135132,90526,7686749,58707,123739,22331,26383,111,86371,12183,10463239,10,30872,10459619,2849,6839,1131,7270,15523,9003,6714,73427,2827,28468,67697,26427,77167,9552597,21855,51761,182032,235,13544,126367,88819,20879,12856,38270,67228,49759,5203164,29762,22567,10679,57736,34912,443261,58100,8499,6681712,7889,23035,6815,59197,30843,243,13658,5551,4631,37100,6076261,0,38635,46330,861,2174,2637,7584,5664670,0,33279,6629,90090,4240431,167231,18779,65649,10607,0,76201,8649,13139161,3020,33178,662,2937,689,121686,26693,10528829,859,16196,9889,16532,6448,26704,11859,15462,41406,6972088,77201,3568,3189,25407,3354,11710,63194,651,3836113,9422,184617,41367,83944,752,46813,11626,0,452,1420,9071905,72693,3941,18153265,47124,17198,26437,1144,13544,15112,24412,25609,19253,9724235,484590,27842,7317486,26485,36908,12231,200425,52911,0,37714,63906,155038,4646,18055,650602,172899,1169697,19330,66973,3071757,2130,4393,2991118,18911,13109,11654,7065,64247,5662,0,276214,16795,5196,75978,9089,8879780,39934,31982,11878,20222,2511486,32984,0,42998,18451,2924,28973,23748,11549,13137,11388,0,350,36826,7464467,20150,6927,12577,16052,1378,31481,11201,21931,5387,6985,10352012,10393,1253,896,305,31402,3820,10772,12343,5988,22702,5027702,802,12460,7760,119433,9078,4842462,110673,283991,191938,89478,41480,367,249085,0,21462,26022,5282,9210,336,24026,2110,10058,7569714,35664,93072,13896,5197178,38921,97461,45787,5239,98936,59652,6462,181690,2,0,167,939961,1507,63,0,4384,3287427,95892,58751,26418,4009,42574,82178,36508,435168,95491,33316,4447639,11568,32790,32919,29479,173255,42950,29773,11372
2024-12-07 20:20:00,140825,109791,6025028,38291,70194,23993,36781,1038,60335,36533,11095293,704,9895,9237975,706,11634,1678,12789,5384,648,4818,74649,3026,157494,53476,27126,56853,10136591,252637,40529,299372,94,83,16883,12281,5575,0,6178,22746,83772,4643242,99183,6130,17217,43396,24606,58594,15108,39697,6563294,7354,32499,5511,29640,22934,410,6456,6838,1526,19215,6270843,53,63595,36227,4494,1209,2234,8493,6318837,0,45361,4079,25357,7970963,128854,7365,19885,2031,0,85743,10127,13236252,12588,67277,17220,0,8974,164064,126101,10474222,10469,5213,10886,18953,46660,7098,7921,9404,42338,6884105,109627,13782,3349,5419,3936,3949,63299,0,2929341,7980,119590,24239,176804,3321,9258,5619,0,1969,4134,9589551,32835,3761,15206084,88407,17511,28395,1516,20583,15033,32361,34915,26547,9240915,66977,18884,6492203,17840,7055,1700,208909,86068,5560,59783,47787,122251,1985,18191,657829,46066,1075800,17942,5195,2404331,3351,4546,3545561,83126,38592,44656,2720,74283,3815,0,190058,11685,3240,19293,14375,9378459,53993,19014,30752,110425,3272196,23493,500,32659,5827,285,16245,35569,832,10011,17838,0,358,105463,7635994,88834,640,11401,175459,1313,160727,5270,31630,2733,888,10864302,43997,404,1258,1244,68254,715,52430,17203,64113,34679,4549781,51047,168943,32551,109630,112007,3965379,16543,45679,119653,43404,1029,525,85941,0,36647,7732,4287,18699,1264,48499,5741,9926,7449704,50712,107593,9645,4993643,13282,66397,43751,17362,46294,94689,7144,356946,0,0,0,795613,24,45,16,1967,2963342,112002,37411,11847,9018,61830,178861,65300,85933,183637,59988,5768706,35406,58287,61959,206334,176514,27946,44180,7215
2024-12-07 20:25:00,137941,87419,8045687,60664,129094,44577,57395,1321,82564,23455,11183548,1982,10806,12712790,19760,101983,1170,16960,987,9820,11931,44210,1307,112437,90335,7671,36474,9797321,466374,16159,236459,7910,2248,392894,61508,27212,176,6,91686,48706,8023076,172613,837,0,52861,27588,110962,14131,10149,7039630,3480,15349,2021,25398,33890,1010,4236,2211,1906,16816,6048303,0,15952,34005,786,7051,12281,5755,6384467,0,10257,2321,78062,8645842,93175,15929,12361,4515,0,109408,33241,14560130,50209,62223,22236,3236,510,83159,83293,11501092,318,7496,3441,12490,7351,6293,11819,709,58313,9051274,57082,4740,26601,399,6543,2947,72931,0,6924116,6483,163380,104133,103675,33544,29038,5482,45,5906,1872,9434756,25546,8598,17698460,37731,33038,34524,377,27687,19072,6987,45486,35473,14277208,55692,12245,7013760,1040,6692,950,136293,54158,3865,25557,23714,84003,11285,6032,308313,88152,1534949,32118,6213,2161609,1143,6522,3534178,76638,46147,48390,4925,79393,8713,69,288047,40606,3160,78657,40661,8698582,57098,25569,32856,26140,3494505,55757,7312,5936,33484,8944,18173,47555,13931,6047,15927,15910,2912,115143,7462407,29122,1368,16482,375021,1646,57770,9890,61171,12312,101,10963673,6756,223,415,409,88773,2200,15505,15867,208,32102,4359733,1760,72411,215665,59971,340978,4468310,27044,19038,56733,38200,13001,9,25188,11,31499,57210,13370,9580,18879,24069,31098,33961,6040648,18205,32917,3342,6200472,37396,51495,40860,5421,43609,35584,2294,262061,0,0,0,812847,1171,1094,0,2438,4538253,236866,87948,7481,26526,18076,200915,35502,79354,34930,43607,5943074,37696,53835,84759,26200,54080,14029,86641,78743
2024-12-07 20:30:00,153290,49794,9873076,54950,92944,61391,89563,3089,71033,10033,11219554,1340,20816,11491098,30232,14843,14782,53929,21731,80823,20846,75144,9144,125339,116533,31730,56933,10222988,95569,59828,164424,152,8396,38826,184106,4122,74,0,31613,31861,9626412,165450,1895,0,30017,25195,83577,13063,88436,6934590,5470,57993,3473,59588,21105,60,12447,4251,1407,8795,5478784,0,5663,40050,2216,1580,1614,10096,5811289,0,33129,4781,15806,2796061,37439,6176,12626,5280,0,109301,50969,14508859,17266,180488,10193,111,25490,81314,57064,10476199,130,465,1483,2997,2983,5728,3572,937,8607,10584546,70090,1865,12416,1792,279,5481,7145,0,5072077,8991,78424,57483,68157,23074,50114,5793,243,18605,1556,9732062,76795,52083,17886309,22877,31791,34018,1091,45051,21982,26455,31072,15979,11610772,223191,36108,6743469,2,14217,1030,199780,64027,2029,45389,18404,245237,1975,11320,522263,76595,1449664,15889,20788,2174703,3457,14708,3834542,37996,48880,32900,14455,69192,5454,232,192109,21917,6311,128578,26143,11636336,41630,30228,28979,62570,3397252,42335,17684,29059,15059,15588,13429,30224,4766,20187,4781,38043,0,165212,6780816,29310,3174,205545,765401,9463,94482,73633,78230,11666,4595,12095188,24930,1,566,3595,265141,5926,33615,17428,1291,37898,4209622,2012,154921,84518,553969,292516,4107069,72730,63431,174287,22249,1662,879,59705,61,88223,68813,3324,141398,41969,56479,49100,59882,5707873,3529,11840,3813,5971856,20199,50173,1116,5494,26243,20326,71,233925,0,0,32,788874,1823,1066,0,0,4364038,150897,68359,24536,95716,24134,179741,14867,108427,23635,54751,6059700,18321,55283,18755,7065,40883,6343,36512,29419
2024-12-07 20:35:00,173186,109706,7794883,68483,106159,59872,103940,909,63615,19168,11968606,13844,4164,10805521,1763,66462,5254,37136,31942,10540,40825,87305,33631,42201,49898,64854,58734,10612014,21144,113041,596170,402,860,141179,629792,21915,5900,3003,60775,38181,6189479,144137,559,545,49298,7738,86354,11012,124247,7575951,35191,55078,15314,43731,24224,1401,12167,7798,2079,34809,6317067,0,15009,73228,399,4307,2130,11080,5740163,0,36208,4585,10223,2048102,40646,5300,14982,1374,0,41662,41817,12747302,7720,6322,9151,64,639,14400,15719,10908886,0,1295,30388,95993,35963,48130,32996,50433,40532,8073795,151499,103133,7868,29,1891,5257,9162,0,3106759,12600,176477,23021,463267,11934,198862,23491,0,1366,19676,8324343,14588,7056,14878072,10414,8738,42215,1739,28057,18854,10861,50208,10456,12342267,100327,21741,6953016,291,9683,31929,177627,13791,1543,72324,41918,269415,3733,42337,387264,107133,1522936,43086,28624,2890087,28960,21470,3171429,34852,40195,11414,25978,66807,8301,4265,92443,14013,4993,16445,3137,9237370,98154,12997,21421,145174,3648556,25191,23549,28456,5432,571,18722,11795,5062,6350,7091,10699,0,209089,6920185,18462,2771,200048,318995,7397,78031,8914,37146,4271,3231,11233736,13821,0,0,6734,156768,6760,2711,6610,518,66076,4072031,165,281585,290,48935,4298,3452579,46817,27892,52347,35909,4726,0,63835,315,60877,40518,740,19706,7269,53118,77000,15244,5698820,9562,2870,588,4628346,4020,13935,3331,6631,73953,4906,1528,24303,1096,492,672,1090850,198,3272,146,1100,4080505,116086,27487,1207,81,97136,83223,114675,54226,23964,95270,5761297,18513,55917,23576,4941,32310,5732,265765,19790
2024-12-07 20:40:00,195600,89452,7612638,134123,65377,82008,86126,4825,115964,34464,12955903,405,643,12814792,520,11468,481,15833,6991,979,8952,39666,17412,25547,49766,51258,42158,9610830,11508,53103,268428,320,6071,77928,266604,9871,13389,684,41870,69609,5984798,88613,1,660,39713,826,82684,12804,66130,6693687,33084,54028,7182,50302,48256,10988,10799,5905,4899,21876,6222323,0,9716,42499,154,10061,770,9475,5416644,0,10217,3177,7390,2781531,49817,4486,16934,2346,0,54752,16048,15250639,15836,13504,3654,3453,85,64351,15458,13790097,0,3493,53867,55917,6775,63050,30270,38680,71595,8611434,186436,30915,5944,4483,0,14047,48767,0,5333598,23282,200934,25068,457881,11342,62587,12336,0,1537,8265,7221664,23747,2185,16755722,14200,4420,22047,1148,12657,36458,5236,38623,14876,13971943,142666,22943,6504136,1297,23980,5898,232523,45538,1371,19011,27697,167381,2061,113059,500680,94622,1353201,30506,35675,4388468,34054,51607,3232181,59477,95337,30202,36801,83942,21226,148,103195,9523,11938,47259,2817,8180136,40712,28330,10833,26937,3348849,26461,15162,21640,4061,574,16674,44035,895,3281,7579,20068,0,290399,7066261,16659,10866,313350,56659,24650,143333,4592,41742,4129,2551,10810811,9323,807,0,147,71042,870,16164,7423,1640,38673,4815047,3373,204878,90581,79938,4405,4517343,5596,53420,54805,26428,4812,0,51106,0,23517,84643,3439,412201,9764,37224,46267,14634,5770206,13879,1767,346,3971091,21797,32977,2768,9508,44113,6055,136,97176,12504,284,9412,1218454,21965,44041,2,11232,3432055,94299,18280,1298,356,23667,176429,15701,59935,38764,85278,4703244,77971,168461,48171,66836,44770,51262,98827,39932
2024-12-07 20:45:00,306091,145037,7443567,93754,170200,66895,40467,1198,120605,18513,11618136,1620,1398,11321635,216,8712,100,10297,3645,996,16794,95062,3495,70899,85415,23185,14191,11987164,35186,56046,138940,4987,19857,73651,247549,8340,2881,38142,62174,137387,6169221,42834,511,9,90406,1034,288966,414,4216,6452932,35196,52860,2548,39822,22532,1940,8778,10459,868,26321,6655810,65,64472,66425,201,4202,1247,12389,5645842,0,23658,4088,166485,4086152,161353,128374,132884,614,0,80491,12146,13348923,15259,7391,5805,12,293,40124,17546,12072715,0,6512,3965,38557,15833,13686,26054,1996,33569,6192376,44878,44836,27800,9162,0,21020,16898,0,3049276,18559,195891,63126,370371,10101,75854,18975,0,28075,566,8031201,39969,15739,15358424,22416,47109,61996,2504,29728,37651,14760,52333,30930,13427050,206120,84687,7387364,68,2755,56002,311645,5254,0,856,21883,186646,10390,15156,209152,94549,1641407,36935,11911,1875354,101033,160753,3604254,43226,141644,58429,12346,361908,21499,683,126276,26756,82208,35482,725,9887501,63882,70386,43323,53300,2842066,7944,22395,6963,5580,1139,5994,12459,1765,2365,19220,9462,8,134070,6988023,29950,61,386939,14613,6010,133497,16289,103148,47494,14,11579068,4621,0,0,9538,64675,17480,22544,14622,9287,36366,4533332,2045,128871,90143,74620,8498,4503438,792,33437,118490,17079,487,43,20067,1191,6349,43246,3318,287932,303,21210,103303,23031,5448472,10084,11714,1769,3907409,12748,19775,1384,12291,54002,8326,59,302150,0,8,0,1093891,451,82,0,93,3718678,102565,5171,2701,748,23411,133848,18609,54957,41271,39214,4812648,7329,60316,24752,14177,40233,10899,38888,16436
2024-12-07 20:50:00,205497,153005,7434695,87794,102246,282256,30937,17,184448,12439,9878168,84,3801,10785742,964,26106,6694,6351,3653,2938,20834,54480,1110,60871,113950,23776,17156,10594551,19251,43456,167077,96,9285,60935,228679,8125,1978,1693,60103,367447,5075449,69039,1148,61,92165,2228,302871,999,12600,8165819,38403,44151,1744,38068,15664,3054,11504,34649,18481,19756,5066826,163,19044,85463,1234,14695,3521,14266,5979597,0,20450,6902,11081,3750747,24851,7460,14205,1164,14,55909,35405,13787542,15148,8216,3626,23,192,29095,23068,11608352,1148,611,2736,14544,11019,3796,4419,5468,23053,8281829,129929,25615,23653,6682,1452,30846,20839,0,3788428,8003,187943,139676,358755,9076,249737,12307,0,2948,19105,8449172,21184,1880,16204391,76196,5106,24668,111,29548,37083,38156,30115,8825,10897490,162137,262055,7419436,1417,2439,70778,242542,7381,0,2630,17870,252344,31545,42142,232825,74382,1701828,23750,17184,1789948,36291,19637,3364471,34833,64055,30598,21341,81102,16650,3035,112897,17606,8899,25943,10921,9569766,40573,28208,30210,30439,2927596,14033,1339,1269,6965,215,16080,19288,1978,1480,9177,7550,227,42248,6503948,17309,767,318447,12813,4891,44590,3488,60547,14863,3088,11454875,5426,36,0,6190,80312,15446,9914,3689,8772,22401,4018832,12734,36217,54255,58781,5600,5684741,4233,20875,89755,19481,1300,1913,18687,107,33793,12331,1862,123290,3233,26609,99328,26212,5964587,13880,18791,2718,3781593,15951,31322,6045,35732,49330,21835,756,483262,530,400,50,789991,2867,9400,3,611,4071534,412273,35436,3497,3989,17462,265962,9724,87892,49283,141723,6074517,8720,36971,40281,4669,146271,35941,81209,18396
2024-12-07 20:55:00,174391,54812,7120047,29531,81201,204515,103981,2414,254528,12893,10809663,2812,3157,8499706,1848,9106,3162,14522,10532,3665,3307,111879,6267,34754,57240,74993,31082,10214624,6724,82876,207728,1172,13061,62796,5602,4619,4110,19274,30000,75978,5983638,31932,445,0,60923,10776,69360,1355,10483,7579477,46825,41328,2991,22866,11064,238,6815,6634,717,24943,5376537,0,9027,23351,648,847,2199,5351,6214445,1,16122,8779,23001,2166274,48924,14636,2969,8186,0,53920,8554,11794171,15628,18689,351,73,344,28785,15657,9641623,9712,6174,8035,13833,24212,6117,3248,10525,14750,6178843,19978,11833,10457,6723,4505,38989,16517,0,5240238,6087,54405,87461,323012,11421,210244,27793,0,1917,117469,8097301,56679,14736,13675530,32171,16240,65225,1310,27735,52185,31618,85250,25226,13401412,127555,50428,7503393,1433,1794,4638,275734,6446,406,9180,92212,317761,39831,104594,671459,260579,1404983,137633,41912,2079103,15364,14207,3574394,44227,55589,20296,144315,148944,305269,765,179315,17522,12722,16882,288,8622879,46720,35256,66505,27886,2790591,57348,386,13925,9329,2032,10624,17906,4895,8869,17383,2015,1117,79923,6633611,24231,14970,366373,13784,12318,65917,6352,38486,6697,5226,10472187,6758,0,0,41932,60800,2166,8685,14572,0,43133,3551084,146,30694,9698,48246,5906,4852568,4232,36920,73340,19134,267,751,12505,218,46950,51436,2348,5749,1405,30139,4033,10079,5670944,754,15005,937,4506657,11749,41792,1335,17110,41581,34348,0,55113,0,0,279,777539,0,2895,0,180,4283829,108395,104231,2566,1836,21511,92108,17702,30618,13099,284180,6078281,15982,180896,8151,1042,53336,14380,110516,19510
2024-12-07 21:00:00,265737,136624,6175611,84449,71573,186147,151103,371,215195,10006,10542854,155,1812,10189793,208,23617,4373,11872,9189,1038,35484,131430,6680,19129,61126,27104,82045,10176528,5522,155878,287154,652,12174,144307,20045,6254,1833,11610,46990,80420,6230345,27639,546,3,63911,2722,163861,3417,6019,7791446,38365,53220,7787,23563,11790,2353,13183,320,986,30711,5259200,17,2979,15593,1372,3211,1054,12042,5867633,0,15322,6163,10963,1928293,17215,5574,2508,1993,0,35014,14428,13732014,70789,83961,487,5,11849,16482,275638,10724199,8560,0,7567,16611,4061,5187,16886,1028,27855,5806168,13289,16285,7325,7986,180,25793,16023,16,2862057,2106,168375,33477,51969,12840,192069,9793,24,1739,18643,8221638,28492,8668,16510297,101452,23738,24295,11566,13139,48410,25853,193913,23389,12410119,132162,48211,7949419,897,1278,19401,273387,13292,270,6461,482702,198290,2294,37247,429169,293868,1586566,90491,3577,2203001,4094,18948,3118836,39806,55056,21820,19640,72117,11411,0,109155,14822,14541,52892,34436,8641173,22246,20677,12462,17043,5073349,17106,3859,2821,5794,173,12351,9025,976,1902,24944,1994,604,56600,7476321,23961,1461,363141,20358,6210,190843,5857,89087,2621,15179,10222200,102131,7650,0,7670,58837,2047,15371,30537,1901,23446,4235457,594,55836,10755,102028,11374,4639715,12250,27347,115073,9083,2435,1041,26851,107,58854,1818,2202,11154,4224,61014,2479,33287,6180735,25475,794,25617,5239828,6226,55963,409,60412,412003,14294,5270,70510,904,21,153,966075,747,14451,12,10838,4486177,185942,25512,14330,23,41213,123080,18007,53875,24758,153555,6083776,17894,151223,5883,12460,77102,28791,87189,18761
2024-12-07 21:05:00,162777,167527,5825749,52890,72141,127173,119408,3455,150221,8055,9591119,207,7597,11157471,3634,39462,30941,8186,9654,17686,5523,184352,1142,45163,115791,43259,34316,10361617,17135,49615,183951,513,1355,36949,40586,7723,0,4430,34203,184453,5046452,34664,637,67,65806,11203,104418,1759,3010,4687029,19863,46345,1310,20319,17928,10315,15217,4238,1041,19872,5193174,19,17656,33498,1787,12071,21848,2600,6162242,0,69895,26657,20026,2487681,24710,37808,69229,2718,0,80591,24534,16070934,7031,19044,4933,8,2001,221099,14130,10830108,78,10349,7725,53336,28552,17917,39242,4687,74907,6343444,87198,50853,145730,7159,1063,27266,39899,116943,3283921,7108,183026,126381,75600,5491,110415,518,0,3499,1166,8436077,14750,4044,21122890,47030,26719,42378,455,24204,33154,10221,87985,28688,10666520,70592,28358,5606597,66,4360,14388,136029,5152,45,15187,19821,458718,5951,23173,523381,91051,1561627,17994,4897,1660079,2371,14412,2830796,41502,29347,37450,10436,66975,15657,198,60913,12010,11578,20381,3018,8995337,26500,18338,5907,20716,3257938,10775,8279,10409,3659,327,10269,8105,124,4227,14335,9705,6957,28328,8231405,29734,9253,199765,22395,6198,26805,3403,22899,1796,7069,10452423,8812,2230,191,3928,66806,4790,17561,15356,1499,39641,4696911,2295,115900,9384,82739,2670,4619810,219,235381,46012,38181,1201,20,15111,23,23344,18083,2572,86260,11154,21558,12976,32160,5917609,45061,8657,2499,7297999,70609,158931,4064,83620,464678,1180,8705,135785,0,0,19,1177409,366,9019,2,3738,3576442,160650,60636,15358,742,15824,122431,33093,57830,96491,42728,5938753,7495,31155,18026,5996,67748,9010,25812,16815
2024-12-07 21:10:00,113229,48950,6464496,33255,52823,37142,27015,1066,52885,14458,9638153,201,166,11602119,1562,11255,10481,5953,5389,776,1261,52247,2934,145195,89910,15392,27723,10365416,11429,17353,280455,229,119159,34238,93678,22109,40274,19502,53596,312417,4427777,62645,596,507,87879,39448,140751,2100,13461,5995318,172607,80838,9614,28379,34108,3880,9573,361,391,15731,5743599,0,294,21398,19199,969,1722,2020,5757023,0,13278,4564,9341,3194625,36363,17859,28216,4852,0,115624,54431,17866947,4865,24305,2799,13,4170,36440,9847,10219640,0,157,955,12156,2234,38302,2751,7928,30152,6843154,89316,1889,109366,12318,79,25516,19122,42658,4548638,3351,47950,30980,119090,1743,155065,5388,0,3410,8,7755342,40246,5807,19837088,37413,16699,44696,327,29223,32135,16242,58835,9629,11965947,77910,38135,6929920,679,2665,15310,220028,12586,1141,25456,68878,170616,9928,37004,643573,87460,1092453,79656,9561,1846812,7444,36687,3366707,28191,29346,4045,41267,41263,28993,463,151217,74139,37881,16866,2428,8963586,144060,30762,122889,111057,3060540,54771,13747,10058,17089,151,19449,18729,672,6643,13362,14171,2931,65991,8648843,26547,10149,227157,16077,799,98313,36152,98204,187894,12494,10574609,18348,127348,7777,18042,79450,6215,14463,30699,2973,15908,5677344,3000,74310,155708,53388,8653,4614764,3996,30085,103398,64764,7696,608,41084,0,3369,12424,3505,454396,66755,21972,2708,29388,5829208,23122,3519,1283,6893077,176738,196216,5169,21910,63760,1726,3856,407987,0,76,0,1373991,0,4255,0,3771,5189959,142869,22825,15749,1001,51846,68691,58737,67870,19544,61504,5068761,2443,69527,18874,45860,203218,2293,118366,9045
2024-12-07 21:15:00,139369,74269,6344063,68688,101024,78135,29938,3448,172449,7172,13193278,1339,2238,10278595,2061,22670,6746,7636,10619,29566,5738,21092,4096,25143,12513,26793,8288,10340505,8970,21145,126687,0,155456,60465,33248,28329,85182,45889,75608,49786,5596368,74614,266,0,159696,247186,321958,154,225525,6739581,65571,61266,1228,40533,56569,1705,19384,11049,27,21394,5524693,2,6623,21719,14272,1209,8143,6224,7510708,0,19616,64120,43008,3016080,87473,12067,218730,10080,34,103242,18027,16513821,101044,106591,0,0,113088,68885,79400,11460115,0,3675,10930,7966,9261,20948,3593,12722,18445,6831652,33406,21912,11502,36185,562,16183,20543,3595,4148460,6206,18131,28635,318811,4216,930876,8886,96,4820,2959,7166658,21389,2685,21181836,49313,26925,64776,16449,96709,53110,5836,119875,57332,13037080,176021,38638,8589993,68,2064,7092,299655,253675,102,245567,48190,240081,1570,14313,638871,129852,1273882,63699,208912,2014587,12376,68162,3119948,47306,115285,13229,12611,160742,26760,27,171493,174311,13560,41073,4735,8123592,244211,42248,2527,103423,3200091,35776,6566,26239,6019,3229,25359,38093,928,4629,16874,8830,0,71483,8190905,21778,2882,134187,14046,8224,43649,9410,67946,34398,1761,10786686,13205,95621,13022,23469,252086,4818,41369,14377,142050,65635,5406632,15055,86285,179914,78600,2981,7452533,7911,34745,58910,20007,9408,234389,16528,0,58002,54714,1478,16771,16958,18123,33953,46954,7043513,5320,7611,1452,6230383,11349,54918,1780,17014,39728,7319,815,61872,0,0,367,2229699,2919,2393,0,12926,6305053,806611,22067,113415,500,152709,346828,33792,371330,17867,21063,5994115,12659,25169,18600,8213,32283,3014,54759,6540
2024-12-07 21:20:00,167205,72216,5961504,38019,114136,126996,130121,4210,173004,35090,11731101,2,876,9130775,262,38206,13145,32556,1806,1756,8577,34839,7252,69188,151567,22695,34526,10592050,66356,40108,229475,962,20666,32967,15051,6209,31003,16808,79765,147403,6789689,233332,1262,97,340239,182856,452378,4860,219447,9069596,19062,36786,572,27352,15401,232,4847,467,346,15329,6900415,0,12207,15867,739,3163,7989,9449,6854276,0,10600,12102,4815,4159549,32777,14240,195535,6881,0,75738,12813,13417999,1966,142736,653,417,643,141604,2985,9993943,0,13281,6554,21617,1606,19003,2004,1985,25987,6842599,37342,177090,5250,13434,33,9732,15589,0,4061109,6585,49720,34857,510260,17543,237855,20235,908,4818,19600,12293514,16594,7073,15420574,83531,14960,63700,2646,25130,27364,20294,98702,27588,11133644,529954,84756,10446675,2389,4448,2537,462216,259050,877,223205,5440,292027,7251,105109,465368,76886,1421043,58342,40858,1935770,12128,8358,3501871,51690,17491,8396,1290,34000,55639,402,245061,94258,8474,39947,10011,11822539,123312,88971,42293,181601,2863780,18973,30949,10412,3575,739,15808,11531,138,14202,8571,2896,36,74302,8501525,22285,5292,424212,7815,3758,79024,7704,48489,383,6848,14494386,9976,0,60424,11860,224409,1282,76519,9512,41464,35735,4146716,13455,55431,148218,58345,15538,5555596,4504,14362,48140,65579,27814,20384,11662,30,39271,40682,0,23528,19485,49761,53380,33352,5827086,3419,405,691,7173038,6654,31460,1001,13955,45252,2836,741,41377,0,4,5193,1224326,10267,3636,0,31205,7722026,508677,12704,17684,2116,39059,94101,27868,42836,46238,44571,4570558,6323,49887,66158,12427,42268,7516,17517,38656
2024-12-07 21:25:00,297344,142228,9502947,36050,37105,176146,59486,194,189082,7447,12420214,262,3469,10255588,15,15507,410,18337,1203,1043,6689,131855,6368,14500,61566,74316,24616,12418832,1648,21865,322505,135,10264,36313,33787,15363,5257,14514,26255,33779,5118861,107218,980,773,88762,444008,138699,1506,78310,11279885,14774,42733,9691,19112,14190,241,3087,692,256,17968,6652181,0,9136,17135,2830,8139,2997,5871,7366193,0,30029,8522,18583,2817800,21836,20902,4636,4889,0,43537,15811,11821111,1753,120036,0,47,593,230895,476,10484496,0,9140,4376,6233,3384,11872,6501,4132,24535,6716366,42813,5411,2690,14727,0,13444,10772,298,2991541,12934,98283,18225,232504,12316,224508,5330,791,3964,8618,11269122,10303,9900,15166863,24850,21743,43245,1504,28686,29220,35962,56690,30553,10836241,112725,69986,13053186,2419,5988,4710,312115,45320,825,495488,44709,242274,3236,27681,260524,56232,1781305,27461,11912,2166562,1051,1668,4290254,70225,5060,7748,1649,35696,92751,0,367612,16978,11537,18206,10835,13332747,338928,33019,21027,81993,2859380,30521,7976,11699,7685,268,9130,10989,327,18843,7010,6204,3050,49194,7932936,57708,10129,373328,11641,16773,197428,9710,66166,10120,4937,15549301,45200,800,78167,41606,42901,6532,28104,23865,15003,54734,4120651,6984,90586,186429,62175,3985,5361058,2735,53904,88230,45115,15607,23,13626,290,39027,2535,1011,20852,2811,19319,4279,20695,5364569,1947,4151,1414,4136886,5346,26462,2340,16896,26784,5181,41390,51903,0,0,149,758578,24,229,0,22899,5056256,310369,38715,4185,453,15322,81141,26658,63418,36427,20061,3469394,17300,23972,57434,6241,68806,20394,28426,31762
2024-12-07 21:30:00,372120,122127,5127072,50512,32956,147893,97204,42,132668,4197,12761685,915,35893,9532846,56114,38159,7564,30226,13777,54979,16086,109737,11811,68186,115699,100982,62197,11338941,27884,91346,265835,725,8974,149889,14237,7239,20034,16612,28587,7201,5156316,100911,5831,11,36691,179487,232338,1679,94115,7471382,33267,30781,7661,87742,40527,14446,23419,70455,19994,30818,7574522,0,8779,13924,13740,3023,3544,17904,7185610,0,20489,11389,5417,3584615,244779,12905,5638,2531,0,196722,25044,14087407,435,94697,429,14099,67,163625,1490,10191652,1,7068,12226,13373,19889,28897,4475,11542,31867,12492996,36016,2535,18964,8734,2204,29054,61956,54,2953000,13041,190603,28901,180638,7470,208213,1235,0,1039,13385,9907937,8426,10907,15656149,84422,20916,26021,2936,38359,43261,43841,96940,24910,10279946,66382,31335,9234743,11,16108,11092,230270,76182,54,263737,35061,176570,18094,19690,782209,107911,1168131,29877,17248,1946976,15097,43365,2949393,42717,131416,6420,80897,95745,55422,2786,339297,9864,23847,8526,1190,10878706,296434,10768,7222,55761,3661148,29054,13534,47912,49404,10,13718,5865,418,2240,7722,996,80,53592,7508427,25956,8562,151061,13413,4622,58764,5374,108401,868,999,12680869,3632,1670,8564,7664,35889,569,39892,5696,3897,29788,4721573,6847,45060,204468,63395,4778,6217717,2863,14270,47651,25604,5834,264,18155,303,5466,4402,31,7880,269,47455,9849,28977,6795332,4946,6983,11167,4560927,27172,35948,2750,6757,26478,2991,1871,63636,0,0,0,3113436,0,298,0,11528,4496538,283699,82015,4904,1004,15691,209175,39203,145761,67646,63130,3279517,38812,53362,79124,15055,22088,48691,72063,102571
2024-12-07 21:35:00,134440,82575,5704988,57467,59653,44007,49671,736,67906,2757,12445351,2190,16570,9664682,38648,38321,16195,13287,60654,79453,12755,366695,8996,474480,831348,81840,68575,14534372,13358,41350,877935,10619,7160,158388,18608,7977,2435,20550,52219,18977,5790224,38630,334,15219,87221,21889,586872,13307,13498,5998824,11145,14966,7732,34716,37696,4210,5428,1312,1010,17550,7152478,381,2022,25829,11929,2855,310,24834,9002947,0,38303,19409,4408,2472104,64914,9341,6402,25552,0,51250,25576,12799720,1383,49509,300,80,82,186768,14620,9863844,228,2394,655,11034,685,11720,3874,2675,21909,21260831,17607,915,6149,10271,227,17989,65356,1123,3005280,15677,111708,43259,109463,364,200680,21209,0,231,12425,11702355,29989,2681,14680132,19511,12195,31158,1375,29579,46641,13445,67953,17443,11491214,83487,17451,8438486,23454,44527,3223,199819,12882,17,6283,6570,232386,6176,14468,891953,163633,945938,16433,20226,2038312,4370,4100,3069603,19920,20011,6798,12297,43372,24806,156,745924,55077,9340,25369,38,14709917,264114,73951,22702,56319,7725010,12272,2136,28513,29617,1113,16725,18258,275,21180,11154,616,685,46574,7730620,17545,1294,290574,14963,6725,235718,12959,185158,7343,80236,15805013,69841,5929,9283,6575,74447,453,34536,34760,0,65067,4669894,6639,24569,236907,55244,11219,6047375,3489,38160,42844,22880,1162,558,17290,3291,73531,9343,2401,24313,204,29425,10279,26119,6728577,7280,1531,9201,4568019,8996,27992,453,81457,83659,2227,1286,73945,0,718,0,2168144,0,3,0,1083,5777028,291781,203287,5681,9037,26526,106736,46569,186801,303401,73048,4644949,177664,67848,42931,5650,75603,10019,256285,129876
2024-12-07 21:40:00,104584,48246,6161558,30884,13250,17415,9758,1192,43769,3779,11627810,6774,3915,10507348,1611,67345,2430,19275,3439,5631,6318,94044,28411,52198,58517,113079,58785,11879070,27487,87790,265415,158520,154,203531,27210,52507,3126,10686,79142,12260,5626115,88332,10695,5899,105877,444048,531674,832,25975,6520813,17715,28145,10474,54686,18484,391,10563,8272,550,6691,6238325,3494,5407,18975,8765,1595,1682,11074,7183008,1654,53477,11694,5136,2729817,31907,6266,18390,1180,0,83356,16701,12744289,59808,230436,7679,0,65092,143022,74834,9734143,3085,0,7491,74161,4450,133215,16749,11662,54417,8291106,296337,1691,5540,16907,89,8574,62617,889,3330964,16276,144750,24516,129444,7571,238391,12259,0,5010,1151,12042800,46308,18886,14071850,69923,58668,60544,470,31123,108253,27168,118252,18128,10987697,186394,52550,8492378,5899,23592,8734,233051,34496,5855,410396,19080,156948,12403,31307,688583,91741,1049623,92221,19156,1668522,44,1294,2518216,27752,3487,28668,2236,46155,11019,88,222259,17130,7389,82967,457,13896539,110797,109227,58404,77223,7952764,38107,652,6942,8416,909,25949,57724,1055,29110,16704,0,395,15656,8088248,20932,1146,173815,24236,23076,224019,2117,224144,1736,42491,14610976,36530,1459,4726,5904,70933,9300,46438,1072,2862,50917,5011913,1313,145243,494055,79605,40788,8870702,5775,28107,44788,32063,11085,381,11822,213,98413,1706,3038,16152,2374,31722,6205,2068,7034017,51713,2432,407,5211485,14245,22426,146,64049,107866,1328,377,37047,0,218,571,936677,118,0,0,5457,4592205,312244,169529,6201,741,46571,159083,74562,421270,98660,83030,4872152,20312,74893,29088,19282,61601,6513,53451,25654
2024-12-07 21:45:00,122696,66344,7749654,31533,56619,33335,17350,260,70402,2276,12398495,1687,329,12354551,1481,28685,1937,25222,10761,188,9136,108794,7566,230602,216851,13862,15040,12180930,49768,55658,193193,138734,9459,158874,10079,17407,5312,49799,146435,56487,5367912,102873,12295,374,65849,142151,161510,5296,173955,7459455,11702,19444,718,246656,13055,1919,3591,6424,466,8691,9065755,840,118040,20541,12503,10674,2998,9742,7166861,2649,29323,2161,37845,2197341,112492,90426,38354,1091,0,328187,42819,16609306,9805,14876,7598,2119,16232,20499,10181,11254250,3000,54,4996,25498,6878,13254,4834,3488,154318,8911035,29711,8449,8666,6334,72,6740,78938,0,2665034,10083,135609,26627,128078,12491,211874,732042,0,2530,3865,10898671,35306,20005,18628715,95688,10586,73698,2135,20832,56093,11631,160650,42369,9840805,91093,37437,9129918,74,23981,8415,138491,186069,3356,170188,8988,189147,3243,17511,395998,690602,1461681,33193,32284,1721347,537,7777,2509772,106916,4593,30924,2164,31761,2848,0,373679,14384,3034,29806,1717,13556260,188527,21374,23889,193671,5632928,3843,9,10520,3192,722,12745,11395,15863,3770,14974,0,2018,155191,8714115,50956,14072,138258,15166,36605,132390,6016,146929,9652,504,14450578,8664,17016,681,9563,317326,4809,5638,17781,535,20033,5454356,4297,64689,280142,37028,24881,8039487,1515,9586,79749,12797,151,4341,7617,547,47385,44979,1610,14096,1251,80150,999,3552,7163475,22655,896,23470,5789444,74485,56836,46,48826,62199,1219,2380,98626,0,64,0,1255688,0,438,0,7057,5443242,524731,26335,10547,2134,18521,114951,32448,258394,15901,71394,5085459,90293,149627,63695,8205,261411,10490,135836,79138
2024-12-07 21:50:00,222974,124963,6280244,49079,47864,52868,18703,109,95371,3676,11813429,559,29,10870368,12645,12820,5582,95,16757,46874,1188,66173,837,20799,52443,19792,14574,16741582,8975,55953,133580,57966,2968,60863,6276,13252,13007,17751,50870,190246,5860371,24690,5247,130,61171,14892,125045,12228,19345,8394264,7006,52404,7076,36691,22911,615,5487,5909,2579,45413,7628911,1063,20328,89488,117768,4740,1219,15174,7047350,204,195443,17799,23713,2531249,68908,136674,34349,1027,5,66285,16341,14549432,523,3552,1712,399,333,14761,5401,9105696,2296,1476,20462,75767,11896,15766,12455,6256,90870,7272815,19263,1681,2735,6397,2624,4247,122392,137,3347751,4743,83378,55128,51384,9978,176906,45240,0,10149,3007,7659025,90490,30285,15000437,18154,23740,10363,1077,20431,37036,16978,33515,24348,11127902,113255,41443,8401227,1,3206,7889,153233,301,0,14036,7585,85596,11566,26223,638868,406912,1055577,11946,41032,2838482,975,7074,2940248,43138,8079,33705,1932,37283,6122,89,518298,52861,9173,37412,389,11520125,167394,36640,14501,108171,3585149,55467,1137,61309,4276,310,4911,94626,48,4244,13387,0,652,67363,7648711,22380,7111,129815,18327,8411,66140,9015,106243,23753,43464,11683510,34007,12867,50538,129229,156561,7440,14301,23573,4390,23477,4491688,5352,31867,489429,82335,30501,9323584,1293,51779,134448,68375,281,0,80856,11047,60654,10441,311,8140,4036,260585,6907,6033,6811588,61419,8549,9629,4915008,175347,34223,426,8296,25084,18485,95,43301,0,0,0,1148635,0,353,0,381,3864713,131391,17056,5514,1164,30060,60827,31170,42247,20523,174621,4794349,3721,133719,48832,10356,399400,20459,112089,2058
2024-12-07 21:55:00,168711,99449,6209896,82948,42006,14900,26413,1103,22506,3515,11966212,0,275,12639131,6272,62670,4038,1394,13328,8847,7313,107822,3107,27272,20392,102812,79414,11738233,21057,56891,204845,121823,478,183979,10887,9973,7825,76625,91767,109224,4998916,49391,2728,0,45599,11984,120585,17136,13702,14486757,12069,30922,6014,69404,21762,24,15062,11024,11474,13548,6876065,3856,2814,151368,144109,3201,1427,20014,6161295,3212,219130,26270,23818,2012633,28513,9362,19292,1680,0,82766,11382,16652376,18628,37897,38091,0,17606,45093,28362,10716338,25381,4890,11324,9402,28424,36783,15134,17862,64386,9157789,61491,22264,52570,2236,165,21803,114754,0,3717835,1585,124841,20460,9915,11249,25384,1361,0,135,9280,8819014,50746,5830,15793112,9978,9263,17041,136,19844,11838,16386,36951,15603,9609325,84351,14487,7917693,0,3229,7172,220609,2205,0,9845,156205,92855,11019,25129,243214,187883,1447825,30623,94663,2676877,1701,17177,4265365,13566,7130,17493,2040,35990,12782,0,42867,39705,2307,39977,48,10695503,31972,31875,77927,24147,3200623,12303,162,18828,1731,1377,25527,13204,1614,14034,23547,0,0,76630,7586778,27901,10475,253819,20838,38050,51543,111791,143752,18336,352974,11078983,138808,3891,199824,110483,115553,12892,19246,31607,8984,71815,4885804,108,46987,387091,97055,30176,7834561,993,24339,69073,79201,106,952,34345,11677,7946,5104,802,56539,4044,343481,1936,1,6885052,33052,5083,2497,4330545,21733,72679,988,41541,23249,5038,2480,136250,0,0,0,1844779,0,1277,0,2625,3530689,190476,18940,1824,2081,157630,168809,94646,62390,21130,51647,5096277,65204,58228,48526,9020,121628,23736,50026,95146
2024-12-07 22:00:00,115464,54491,5341397,26660,96363,73820,62829,0,98953,696,11528370,1,20984,12670233,28806,27586,8265,62709,43150,74984,68023,59053,7039,52634,50873,60838,81518,11262871,7119,45846,354961,20207,103,174140,50799,12377,722,36018,43996,73447,6020066,98963,4984,5,53170,3486,253435,13067,7730,11505268,11745,50969,4282,89501,20767,0,3108,30421,4016,18502,5903676,1414,13875,34650,142187,825,3394,3429,5833478,678,75902,50540,5443,1617204,18798,5732,1268,63161,32,46433,18974,17786080,1003,8668,787,0,31,34177,768,13157591,725,2527,10164,29231,20410,6605,5468,1763,69384,9655883,8607,7788,2123,2159,873,14728,80527,122,3712037,2107,163890,53100,52101,50712,69390,173693,0,1350,15797,7749371,50447,17051,18489014,13661,7106,31818,509,20980,87002,9045,31499,20069,7975430,247385,47808,7655434,402,5965,4154,304365,2643,323,3972,16790,171237,8309,84859,421333,117219,1398850,30230,8855,1860848,4554,48697,3393542,29936,34186,1991,22541,104996,11086,0,69333,6887,3130,60706,21918,9976081,10689,37393,11321,12122,2170003,21349,1402,7341,958,23,8537,9932,1432,2224,58563,0,0,109232,7293180,64872,26751,211678,10974,103580,81109,98291,254337,28299,295022,11027017,120802,808,263641,137311,162506,13551,5811,63098,725,24140,5485042,2,27666,338352,44637,76237,6503805,1948,30703,80003,56160,1150,545,15811,20356,12052,1231,2642,26730,6744,20998,970,3582,5758426,4921,13197,8069,10025185,5804,36346,898,75705,47294,50095,3577,188217,0,0,0,1383783,0,206,0,5073,3656078,118033,40791,1609,31345,28484,131037,19531,78275,15148,23845,3501742,204777,10413,15737,4793,38156,56222,66562,375606
2024-12-07 22:05:00,77877,55699,5156493,19132,50054,36131,26543,0,45313,25635,12249663,313,2887,12623338,3118,23605,14080,8636,25051,22048,5208,76736,5606,86518,88586,36067,53950,11631148,56681,32181,1139526,3409,955,92207,35117,25989,3542,39178,33969,162181,4472529,1999923,2238,1,28260,48,118738,14844,22594,9125829,20807,34430,2655,18101,9074,2015,6107,8005,1077,13076,5990826,0,1775,10482,23647,39,1959,670,6689968,0,6385,3710,17741,1443613,45384,17566,16346,673,0,87357,8735,16068841,96,18918,0,95,0,19032,1736,11819586,64,216,13949,15835,1461,48532,2919,55508,24176,8766506,56496,3483,1216,5895,1,12781,15367,0,3286291,443,36687,11323,1786,20755,31150,2487,327,278,1178,9509564,74484,57956,18803380,28342,3986,49225,8641,20797,16123,10495,35337,11001,8490039,74872,23994,8235312,0,3118,11229,265706,5747,408,3581,4041,285336,1820,21452,486633,286368,1229027,4751,102380,3431101,3057,4280,3460376,59434,69051,21082,18284,64841,17675,886,113492,10054,11721,39489,24396,11577941,11661,18903,14060,29236,3083246,38259,268,15552,459,255,37200,9579,2878,8043,115569,0,0,48939,6838391,16426,12534,122221,10557,336231,39886,109173,125276,22510,172693,12893278,14663,15184,52475,231777,82211,51168,4867,113564,1104,50061,4310965,75,53649,241004,57917,7461,4795047,1192,22825,56146,22561,3275,1761,5522,11448,3677,5000,2028,16324,1156,325187,3641,12703,6633068,8244,7103,29072,5699226,6314,54264,352,59663,78834,33843,5,208576,0,0,0,1578550,0,0,0,12220,4174219,105072,27947,53550,23764,8467,61543,5067,58363,19459,35064,4112990,168901,15444,19721,6329,39001,130764,50866,282636
2024-12-07 22:10:00,105902,90399,5177285,256941,41682,24437,12929,1393,28907,8323,13300075,0,2237,13812038,3565,60279,12606,55939,6089,4180,411,59471,3387,453111,1271978,41179,26924,14637367,190717,39339,180992,23274,27447,124506,44706,69186,8178,20889,108209,36739,5289495,25057,6271,1865,47528,267,131186,3792,14267,6133534,15307,12605,1067,41022,16769,6876,9323,2397,3327,12859,10496387,0,6714,10301,12136,1677,728,3063,7719620,0,5873,6132,14771,1586068,21926,6823,3742,220,0,41903,14612,17648393,444,16953,0,71,0,22177,171,17595753,14250,2335,39164,13460,7658,20602,10803,52963,46558,10610879,27674,10147,4093,7556,1211,22791,22436,0,2385969,2934,41974,218745,392292,18062,156652,7714,161,2041,0,10562329,244583,21937,19580108,33009,5368,29119,1439,9828,17441,27451,43890,4997,9794181,37646,22214,9319529,0,7043,5255,698835,5866,5813,1238,40636,201920,122707,76802,576227,160306,1206949,9896,51047,2675285,5773,18602,4108341,42535,11389,12402,8746,50221,13209,10,97181,5362,2826,36283,46487,16201284,16682,116735,13597,4559,3880321,10097,649,16208,6819,471,2814,3025,3122,20859,44664,0,0,123488,6705098,7344,16630,60312,5992,285353,100930,219050,115686,26895,137999,20176770,48185,8408,102115,46483,324374,5221,7699,217741,6802,45619,4775812,8888,100555,275913,136497,1470,4885824,1076,188800,86535,47411,334,0,121552,47273,21121,13644,2956,9385,7689,211134,6690,9148,9188205,44503,7589,14624,5007413,30419,129233,6370,28833,100815,57405,25214,217880,33,740,2,1490321,11,10378,74,1666,4427477,157900,4698,2177,425,22856,74029,15002,49280,6343,38761,6961211,7090,21695,13048,16779,44026,11568,14668,39732
2024-12-07 22:15:00,143754,154763,4384776,551259,78232,48180,49405,778,73211,15413,12507306,4757,829,12211625,913,25071,19714,35438,4597,3939,9299,46314,1948,32655,31312,17595,232436,11143278,6540,158380,260406,29687,5687,157597,8046,20406,4454,32966,48750,34270,6144156,32512,48179,1347,51867,2084,202910,1432,49764,8207369,10404,21203,1395,20695,25880,0,16977,9343,4435,32110,10753906,0,19731,11953,12020,32366,33146,19190,6258332,0,9270,142129,10834,1824550,18623,9863,14878,1008,157,55464,20652,17142654,1737,15544,0,411,0,27669,6889,10760887,2732,4505,10501,9044,23093,7748,12014,9560,19796,8205843,11465,14850,2349,873,143,17225,6678,0,2329123,1989,22714,38380,222843,10428,482807,841,0,53,774,12525477,225269,37899,16212671,17811,11089,25333,64,8580,29430,5598,46293,40182,11695542,84980,20793,8436970,7238,44675,2021,973842,6804,9626,793,65793,345940,121619,49954,542716,423928,1438489,49056,22822,4379886,3448,4906,4594554,63104,2556,25430,3250,24741,9745,0,52640,24356,1383,219656,31211,12994464,15383,52617,490905,59875,4268714,23965,17,10443,12168,1210,4451,7938,2735,22409,44311,0,0,180733,6564931,20212,1178,208939,7056,304824,46831,148017,83925,61816,84127,15174840,26458,25077,1030,587,58971,29823,10542,101263,3441,6702,5312302,3655,41437,64779,53198,13369,5135900,924,24616,136309,25345,201,22,23791,155106,13560,13246,1080,8286,0,55690,11402,16380,9176251,50436,7842,9686,5179442,37460,54468,1202,22268,61594,53514,2332,205365,565,5643,37,1768888,19,7399,1,22807,5183344,73286,3928,2383,766,9494,45423,6755,23298,3633,32186,4272891,35470,54312,40826,42009,31978,33912,39049,30757
2024-12-07 22:20:00,95605,557691,5981374,153452,219932,27095,57282,5097,24477,23911,12364567,30414,67848,13817163,35918,46116,6222,44938,52647,72923,8499,128753,14278,55431,45651,70409,70339,15851908,2020,158197,242399,62470,590,118995,70279,12672,4031,53369,196819,22244,5750686,20317,4412,15138,40414,157,95555,23817,1220,8031370,6390,16096,5422,18335,22644,2150,3755,9013,8181,21321,10221645,0,29037,8645,24842,13463,26606,2039,6565607,0,14975,181778,11253,1743450,15052,11268,14426,4408,0,64194,193539,17200029,4560,2153,9925,9783,160,10307,280,11145069,3157,5921,5113,15113,4780,3013,13104,5403,14408,9150875,27914,10271,3999,4577,112,13139,10341,0,2387966,800,17399,35289,142482,10771,435382,2553,1920,936,0,11686043,44397,15399,17945685,13982,5904,13667,1535,11007,27591,2771,15378,9482,12972596,67478,36573,8566151,1856,7111,17839,856293,4079,13000,113,13057,77853,17069,22337,429995,145288,1271131,51158,11902,2021657,938,1303,3768352,81763,13853,7245,11739,86902,8059,0,51236,107609,13812,124498,2250,12128041,23515,31371,676008,24904,3145110,21075,361,6994,557,788,10240,401,663,4540,50459,0,0,150070,6967240,79646,2080,330315,7992,312125,65440,212178,55586,55643,1551,14655350,4817,7348,25,1285,26088,63,6989,2626345,191,5386,7380222,1308,9933,549816,45052,10800,5384733,160872,30707,28580,39302,1,1,16611,1564,481983,25498,285,20307,29,72194,10704,1106,11501096,21357,14113,8209,4999567,10594,33807,761,25933,52526,22574,977,40721,0,672,0,2305596,0,15968,0,22320,4983885,112311,7665,13856,4326,112319,67726,22015,62915,26955,38383,4102231,44669,44217,192895,17944,32692,9935,18782,26557
2024-12-07 22:25:00,63026,498980,6683021,217064,186586,16033,25019,4716,30416,4111,13168139,12175,0,13963695,6960,3070,14576,66802,10349,11861,499,42080,543,80732,43461,16730,27009,12700133,14504,33673,159969,17624,1131,148518,40980,19572,11297,25996,45905,48508,7698033,37001,6907,3904,58332,2196,139877,12323,15174,6888560,20388,26646,4673,52912,33143,0,4992,10777,1989,5197,10437064,0,10888,30986,49176,8983,2114,7325,7953773,1826,10654,27300,8730,2076980,25194,6942,21664,4403,0,63813,52815,22842653,1306,28014,3199,46305,1248,29800,2580,11164314,5498,169655,2670,19097,11674,18620,11020,3630,48446,8002247,49818,13198,3458,7325,75,15762,9818,239,2435133,156,18429,31769,252211,48468,102670,7004,0,1089,0,11395316,15784,22900,18455891,8333,7167,8006,1652,4888,7786,8903,15305,3907,10483437,98104,25853,7780950,7524,816,27065,527695,6612,12604,1643,19224,85495,11773,10260,351684,68354,1220225,20517,32001,2087886,1306,26842,3943638,46926,13460,11997,1821,45397,16162,0,54893,2283,14251,11883,3579,11855365,36546,16222,148438,101935,10325915,29371,17484,11499,8976,317,2431,2462,1032,8078,23896,0,0,223270,7475759,12945,3684,134163,12197,252778,45578,260235,157205,71434,1149,12781455,14921,1011,0,5304,15671,140,6009,6264666,5593,6659,4863072,3617,39245,478236,40241,8301,6994375,2896,41165,43178,25183,3852,13,17345,4651,10077,8533,2813,72065,1718,52716,12446,6255,7987500,789,8991,139,4821447,6886,77047,11443,14242,103343,14286,0,480353,0,0,0,2016247,3125,14086,6,28858,5444573,82679,3880,39161,424,30313,27578,17486,19938,5838,80280,5103868,47021,190694,429737,136035,29392,78199,97017,23213
2024-12-07 22:30:00,65897,226250,6000834,122882,317641,15764,23786,0,20408,4013,14695016,0,949,13195758,1259,6747,1018,38553,6421,635,291,180717,15895,41079,85551,180854,15267,13517543,34123,182765,296826,21720,3329,153989,4744,14337,5796,47878,38921,30656,5910718,53486,12403,5778,34054,2067,201732,19538,10163,6350194,17747,37308,3703,58836,20635,2,2221,12996,9278,26779,10666147,507,40272,32114,11684,11129,4536,9358,7777731,1066,13817,52874,11415,2100195,28894,53304,104406,144,0,142480,75536,17777692,5927,23954,10405,9537,66945,23547,79,12913358,8025,16949,1722,5431,2837,3616,4007,1391,14095,8076735,13383,4689,21763,1992,201,9018,38049,2332,1874336,2703,10310,134358,507232,8054,160011,4278,1091,9647,2048,10354869,6279,3080,17420165,40943,7960,45750,1151,3999,8165,18643,47636,25174,10551574,94149,27186,7176498,7750,2637,15746,183563,10235,12022,156,6832,50186,4397,36226,227380,82028,1325508,21917,8470,1596985,701,22014,5573606,22121,21867,8055,14182,37550,54114,131,56654,6989,1575,44029,5300,12559364,48097,9056,102195,10782,4615915,4458,1108,11402,1689,589,1900,9819,317,5762,16259,0,0,107942,6796552,8569,0,639494,25127,45746,40396,5405,71006,415,31073,13214271,17138,5427,0,481,22878,1134,8979,4294494,10731,19538,5278053,19066,30369,924,61018,12067,7571490,2682,32017,93697,31347,749,2,20225,4794,16270,10984,6457,3935,678,34884,14621,38359,7714087,83,50,1878,4820239,26696,123093,115,26209,128119,11920,0,403421,0,0,219,1906576,1716,3327,0,19813,5065574,118567,10241,8790,4735,20106,69151,153468,25976,47933,16681,5552258,18584,23358,21636,8865,34344,56686,151768,41019
2024-12-07 22:35:00,86113,246683,7915195,266178,305502,54745,52714,440,35984,4028,16329254,0,0,11472360,264,90374,3935,25414,3669,977,294,132066,51034,36558,26166,73268,21743,11576847,8676,46339,130969,21883,36,48827,23944,10997,5503,37699,23785,30897,6725838,884482,4803,125,49230,18,99705,550,19605,12965555,43572,9609,62,42989,159896,18,2091,1325,1108,9209,12535528,0,6550,8130,8239,8439,3475,21081,7706586,0,5565,82906,8299,1672655,16776,5368,16689,10941,0,79068,40148,14153883,5812,106,2498,34988,1047,32717,691,11943272,952,4156,6703,31923,553,45573,3322,3891,19735,8612273,42283,8460,74163,3846,787,2482,65041,0,3777856,5315,20216,186971,423283,15928,393342,26154,0,0,1083,11051461,13778,238,16572695,33716,3363,11826,193,11378,34178,9462,33910,39481,13187666,187758,18379,7601125,387,5667,23092,176810,3119,15533,1813,5504,31827,32803,7506,212027,71342,1339392,26257,13103,1879528,675,4232,4070766,41592,16470,13145,5517,38541,11555,5614,93091,76581,28608,43857,5911,11022856,56075,11052,111808,10216,2691521,43411,0,3303,8420,5215,5012,4031,1169,13831,17398,0,0,35552,7551411,21515,1469,522809,26301,5393,104423,2140,81432,5169,24372,11902424,21555,2643,4,1026,25953,0,24668,207153,4165,4120,4522347,59288,11519,266438,98299,6770,10713184,9044,20975,85966,44661,665,81,49637,1375,10512,5983,1177,8396,474,42927,2531,21595,8488655,9501,1150,5817,6279434,52681,27137,333,31861,50683,21310,2,532068,0,0,528,1788173,3577,6108,0,28036,3631613,164859,3391,6935,214,63662,73650,2240352,28096,13434,38333,5116489,1466,54424,23698,15,9767,15908,53633,41123
2024-12-07 22:40:00,138730,503036,5292273,300854,108207,25142,33913,51,30126,2650,13881213,2644,2877,14430497,33314,114730,2226,33218,96789,19537,29830,28896,3901,35339,230397,46154,14339,10357392,18629,54516,113432,24185,3065,178030,35371,19994,4662,10893,21345,49175,6860283,31554,16313,17595,150181,3484,162229,6835,202449,7893460,25703,83006,453,35591,35251,2730,5078,3915,1838,13437,12221554,0,14545,12576,59417,15157,85822,88777,7622942,0,28317,237864,2537,1276514,14731,1631,23462,2191,0,125627,58245,17009749,3446,7084,1990,8800,2,73485,970,11551298,5034,1633,990,1551,8904,3182,1240,304,5405,8378275,6957,1689,37494,6225,1291,7421,39669,1,1815886,16756,32170,72919,280498,14842,633657,4094,0,17166,1570,10356118,13255,634,17040652,10078,5460,12339,151,5098,21012,2251,19795,49268,10913877,138796,29398,6934942,0,15132,15222,450154,1973,3308,850,4271,208257,3917,13938,292740,54473,1293350,62907,34562,2576786,3196,10627,3193073,30238,9696,7979,5683,13867,7248,4624,24265,18150,2938,41862,2634,12101508,22921,18143,636094,5303,2925068,13116,9188,52275,1006,111,2596,1674,2260,7412,7389,0,0,3702,7457901,23513,257,392958,12578,5043,70252,3182,61424,1157,34652,13317934,521838,1539,3595,2549,11764,1406,3702,24574,9198,9101,4755699,27730,15580,6404,88865,16871,8702521,13749,68075,87672,64332,1305,0,59458,5916,22126,538,13990,14854,494,47976,41290,18036,8361345,437,116,7770,6389209,33283,37107,0,35366,59461,358,0,162834,0,0,0,1876858,91,3967,0,10442,4272872,144391,50386,44578,3742,66401,403708,384987,113897,239082,11134,5205597,5147,18171,38784,12109,11281,14945,24453,14521
2024-12-07 22:45:00,266373,497822,4910581,290958,121615,75796,54009,42,64827,29,13553393,0,1531,11557139,22060,1517,3058,23695,370353,37488,10061,30152,3843,28710,24748,37597,9277,10772612,12764,10000,100663,32154,5216,44390,45558,21146,2276,8415,29589,37023,6253352,25252,11907,13679,133549,5884,118939,99,13289,4984143,34107,21517,926,22581,17945,0,1941,4443,5700,18037,12220489,1614,23373,17022,5038,3397,2850,12879,6027841,241,23740,136268,4632,2193735,15052,2424,13970,1719,0,40213,15605,18120893,30916,2727,14748,11250,11166,15915,13843,10974756,4233,17237,156,2843,4470,10736,1946,853,19693,7742817,4738,385,29979,7425,152,11316,42427,0,2185309,10243,35229,90760,64270,17125,251337,23752,0,384,60,12224635,6402,3051,19263187,6137,16201,23128,294,12804,12775,7541,43962,7156,12013750,163677,47601,6533934,85,29080,11660,174946,1653,2941,4902,5829,203716,70101,292267,243123,150303,1407406,13313,5520,2855132,1296,38611,3098092,44750,2088,13168,19699,7808,377,4122,54706,22382,17921,48577,5811,12359367,70325,55189,131912,65274,3548288,81968,11,47766,780,1459,12311,1946,6752,19411,4504,0,0,11308,7519950,5111,753,204769,11502,3003,81963,1295,109181,1447,56150,14065569,29971,4954,5,1390,46540,10,24196,32939,4532,43388,4511140,14149,5522,24104,73643,17991,9550055,12242,30629,66508,28530,1033,58,43282,31413,9321,39,12890,24953,19654,204111,149,63745,7890330,224,9931,24917,6274840,6269,39055,7206,30479,71942,19829,764,316736,0,0,74,1479669,79,284,0,5583,4239081,81116,19129,22160,14413,39289,64277,21745,85517,37163,52810,4182801,19560,55008,51077,20994,13856,8661,38425,23432
2024-12-07 22:50:00,219445,450135,5453434,519281,82042,56604,44615,667,81276,8795,11199509,0,0,10144686,72239,22436,7583,128577,169352,83456,25002,19528,5902,54808,59073,14429,23436,18447454,41319,13377,102756,18767,4883,40664,23860,32549,14088,16636,59843,21507,6966692,48702,24902,8217,106463,963,266550,554,14070,5021286,44889,135213,1565,116915,26835,5107,17631,4817,85,21454,7055020,31311,16922,7096,7663,2438,145,12281,4656763,38,34990,44243,422,2818739,2245,3495,24246,4980,699,30615,28633,14968701,15768,15653,6770,9483,6311,18684,6898,11028431,10129,15237,3290,29262,10405,57107,56072,851,57086,7201971,96935,179689,16230,6886,58,13428,42131,87,2282577,6986,28671,68650,25208,30285,84651,14018,0,2464,2,9329648,3827,821,17212801,30951,2968,15835,760,10367,20975,6447,47340,14000,11485301,207836,66652,9758433,0,32786,23240,186366,8401,3224,2612,13493,762155,4434,28597,424464,99544,1435131,22529,44880,3153167,2168,6985,3160616,95579,5977,14680,20558,30740,1353,4280,72910,7810,7231,19983,1613,13661446,39031,13491,154263,92638,3998489,33620,4881,22634,1489,308,1462,2651,1520,406957,3468,545,0,15993,7687121,9698,23,519993,14759,14591,127984,8577,77568,1364,32654,12384451,24372,8753,1779,6838,52339,101,1830,28339,12300,21276,9748780,18068,87263,289192,146034,24352,8416620,319,26932,209229,25939,771,101,15202,58024,6770,320,14103,27332,798,30476,47,26889,6176917,155251,689,4930,6666542,1960,91719,62,14553,67553,7759,373,50098,0,0,0,1876609,0,635,0,3667,3731696,95938,84839,71034,12858,22891,101712,19639,93518,81434,27788,2771796,3359,28995,15465,5473,8811,5089,86275,6535
2024-12-07 22:55:00,94120,492332,6113723,601333,103747,19444,14743,6,26646,1215,11301095,20054,445,10739907,612,131569,41770,62978,37157,11027,41233,37012,609,46751,43854,12695,55323,9484553,20559,25987,134079,22993,3709,52707,50827,13089,11392,34652,16652,55253,6741431,23900,16421,3459,57334,503,85670,16190,20178,4549790,17408,26204,4380,57963,33432,1,16630,49628,11581,20775,11244850,861,6230,11469,10173,4850,2982,20965,5390219,0,9890,13384,3480,2994999,16203,8748,19437,486,0,46824,20466,14602960,10629,6206,4920,6906,1617,11877,8978,10238407,2304,7645,15281,50378,242613,10907,97156,14503,25995,6953635,13190,19350,10588,4933,3013,32462,27592,2593,2196771,12467,8415,34930,49259,47722,100558,34811,109,9319,17596,9069621,32747,7558,16527532,8820,2225,12224,457,3519,23712,25640,34543,16680,11059142,133900,62554,5431095,0,23037,23743,213833,5435,33,3260,57040,450108,639,8944,730899,36457,1147246,39609,13065,1958809,48444,12646,2862300,298663,7910,24963,15545,4410,8807,8046,112631,61670,61924,63321,10961,11140103,160602,52027,86066,58572,3624799,6540,13344,49051,819,179,1318,1142,2039,167642,20000,22,0,41142,7283235,16623,21,641237,26774,4212,32477,27462,75733,8143,47989,11931832,6592,4246,11126,16151,8327,0,3793,26134,29586,8005,4304950,2468,126982,351810,7933,138566,6205138,4688,4699,43422,93224,1774,0,6377,333,8210,3,21783,118619,29,60558,267,21672,5626191,551,10119,816,4833384,9411,280436,8949,13766,41850,54368,1,32877,0,0,0,1313457,0,1364,0,5583,3581158,203146,179207,16054,4348,47762,98977,81393,80509,137274,21829,3594714,9845,25593,268821,69417,25907,2806,44123,43800
2024-12-07 23:00:00,64826,319736,7607836,533172,156002,13646,7922,397,17726,268,10026311,0,0,11852327,20278,57075,5957,90365,96338,146259,9995,46309,1025,24407,30176,58164,8976,7941569,7914,22867,92169,16593,2545,66651,61442,12397,3468,18114,29384,27011,6608969,21721,11815,20669,47927,405,79296,15335,1395,3551187,8703,29567,993,56860,19825,613,2975,4070,175,17366,8885383,135,7741,2477,4752,795,144637,11525,7030898,0,12713,24440,7384,2548172,14872,9954,11882,8950,0,82837,13064,14919087,5002,3328,0,11524,578,15741,4843,11688405,2169,513,1940,88262,308946,18807,152812,7434,27493,5349177,21650,1925,11073,2718,3235,20911,24565,0,1575866,4199,48881,31369,6968,17847,149842,21044,121,2294,875,10441369,2897,708,18242521,10541,12870,6409,4506,12093,16006,12275,45518,19367,10949553,83952,43740,4291333,2661,26220,7485,158940,7293,3746,4,20676,50364,1789,8141,768214,77374,1007530,14625,19595,1975895,12650,79769,2314708,32859,3806,35038,60848,26755,14549,0,137712,20851,7605,63906,3869,11202078,191323,60612,3820,101609,2927471,11088,7210,98501,547,1336,530,2976,99,19543,11690,0,118,21188,7141217,17570,0,497262,15274,3959,43565,27982,36594,13024,66485,11721749,37750,2696,2104,11190,11650,0,11179,30954,350,10277,2932642,145,281582,97896,17092,953,4502915,409,3560,36036,18179,173,0,3261,2841,8806,1710,14908,25268,200,79034,6120,21811,5078463,2030,1842,0,4435043,4473,202651,1938,13391,38479,1368,376,41509,1,0,0,1875060,44,2,0,5051,4516169,169779,10889,8952,10954,52529,65493,19921,52974,21665,129749,3731742,13092,39947,354754,99798,212907,27653,83580,66658
2024-12-07 23:05:00,335304,211520,7436309,424673,34969,7693,8673,410,81231,248,12781098,0,0,11226194,12715,3639,7039,37118,212691,154902,31270,1101237,642,14037,10810,474985,10190,19818636,3989,849181,553766,36353,3105,64787,23896,8703,8872,22379,56978,34345,4954162,19207,12355,14667,45362,1618,97900,988,3575,3314791,5712,22617,4729,42191,48795,4690,4586,5769,515,7813,7089876,17,12122,9881,6369,5794,2502,5434,5930342,3116,23737,15657,55959,2339915,53688,16861,12522,14082,0,25651,4260,14157499,2858,1398,1352,14890,581,50753,4021,11060752,3201,715,6216,62167,128076,5726,67395,2972,11549,5458601,6089,741,3747,1528,9164,12776,19177,12523,1586244,7920,41593,31503,23443,23512,207285,8372,0,740,205,7448796,8072,7049,18109132,8076,51925,74398,132,29446,12567,4805,31027,6232,9205273,72421,25003,3979778,3293,19595,1727,154959,6918,3731,1787,23654,90281,1664,13431,625737,47322,997253,14397,15272,2379038,515,25501,2467628,50191,17217,25358,19757,37057,16365,0,124537,14698,4881,48585,2388,10884534,283795,15032,4235,143086,2550941,7572,2944,57913,735,0,1193,887,68,52746,1592,0,0,5918,6944241,8623,261,221855,31652,2733,116824,21174,215289,4503,70154,12896871,4287,0,12621,13870,17120,1366,1541,24395,96,11020,2600509,37,29480,3073,56969,75,4404630,13267,96665,81847,18247,108,0,147439,33611,10761,18197,31619,6088,1223,17750,993,43276,5073781,1692,647,3090,4965716,11392,142355,182,13549,51980,1925,0,23401,0,0,0,1919239,35,3164,0,5004,3403519,141717,206302,25404,10617,74513,238067,74186,116504,47223,27687,3612685,11259,22004,343597,77579,144922,21446,77902,102967
2024-12-07 23:10:00,598384,38049,7010024,50186,36633,8947,39090,20,290515,1097,11881715,1143,0,9468461,4388,9347,78093,29364,172159,18777,71839,150392,822,31792,42366,5914,18655,8993027,19071,58258,415250,20070,5175,203868,18723,23118,2103,4411,160755,23048,5572114,20529,14282,14025,50544,6715,85190,3594,12905,3242682,8402,46050,17387,46337,29341,2723,12433,16487,3928,3463,5584004,803,27428,32209,10540,1829,19851,1789,5484144,21,16229,10860,6843,3057763,6538,9916,10350,4253,0,20895,4882,13815381,11099,1465,3499,12051,1786,26828,4743,10727339,1322,1925,2897,34948,116867,19736,31175,3039,42001,6323584,12920,4273,1921,2643,3259,13737,13698,58529,1770278,16856,62310,31005,31615,13215,528721,17645,0,0,18,8382237,5191,1614,16093511,17106,3288,8634,1916,5171,9643,2279,20291,5877,10482405,68488,21106,4173854,4004,30152,3784,192848,13146,630,4029,20892,30205,1588,5957,336875,148184,1417396,20250,2096,2501279,4215,10865,2502582,95263,1467,29382,28238,23808,9868,0,115773,18589,2263,49373,1128,12215575,294827,17037,10252,273065,3092907,23323,735,67585,7148,2581,13913,5499,331,52250,50,0,0,9086,6596136,34839,0,29937,24902,1577,17071,9840,15301,18918,70199,14069827,33302,852,19951,30328,50115,1532,5424,13727,29308,20834,3354860,5291,23278,313,94492,987,4560203,26930,132003,69826,11194,1281,17,44290,28157,15158,8442,23586,20734,293,40975,481,41998,5040357,7355,78,718,6072704,265024,391311,15,13995,84159,1469,73,41886,0,11,0,1163159,0,6049,0,4588,3238297,885341,21882,21113,14291,62730,65461,38548,38896,29796,42068,2899232,6845,51103,119431,52290,35276,1908,49623,10740
2024-12-07 23:15:00,267073,48645,5609848,45163,23016,10160,6469,0,608479,3,12319637,1958,0,10592305,30228,13066,11399,34434,94286,4609,27217,177272,1511,16351,44597,29853,12253,15364108,19619,40810,369164,12501,236524,412290,29064,13131,1967,21142,37140,64576,5289981,26083,8054,4881,53221,274,93869,1410,11996,6809002,15563,7359,1125,13748,21114,18709,918,5360,1935,9303,5697861,342,18508,1081,11220,1893,940,3916,5686233,1,26283,3130,2725,3529736,3756,1170,23165,214,0,36257,3078,14606788,42366,20112,60278,6920,16899,59066,20056,12064468,53900,18404,11099,39127,130690,8483,68031,8696,9989,6752238,18343,875,17737,1941,3075,21932,26628,7391,2531078,14544,57408,39463,37865,24219,663157,32389,0,1409,1425,8568937,7845,672,18282698,19895,21163,6173,326,15218,17075,15648,35013,8701,8542948,98611,17944,5824505,158,15272,25944,186176,1956,1793,5330,8016,511302,20844,115396,891875,390693,1457599,31514,7033,3084324,7024,22771,3076699,71662,7376,19859,33614,23157,17868,761,68760,23758,10842,22348,6240,9144964,271897,25352,12598,293802,2354358,31515,680,6679,1300,3897,1720,15418,1965,55910,7375,0,0,21036,6763999,12387,27,17408,59003,2441,10425,11408,16900,1602,57687,11741275,12055,545,24211,65193,28044,410,14622,18203,3402,26895,3876642,25909,211037,141,46750,423,4347630,67,66397,135949,18591,19,444,30647,8420,19484,13067,12208,19474,5061,132526,288,16210,5574208,3051,5467,274,6857989,91118,291252,587,11229,205131,2549,8949,41420,0,0,0,2522377,0,2089,0,7478,3813381,95214,36487,99783,17327,548747,107108,50466,26992,12126,20299,3094057,3048,97308,495,171064,53287,275,20914,9204
2024-12-07 23:20:00,345669,71026,4628334,248354,108842,4839,3872,22207,246027,122441,11553169,6129,0,10378018,47774,8543,1902,13442,35648,122265,7135,62658,455,22546,42101,16847,46774,14477581,8975,24625,542170,11357,548433,63493,45522,34612,23410,39797,31900,34616,5295694,86297,13482,1565,91295,54,281465,1177,1895,4855529,7308,14703,4069,36553,46441,0,17407,47664,17455,6865,5219262,294,18485,1888,15698,684,352,2275,4667499,28,35999,47029,138,3786150,4496,362,13535,1452,0,74694,7137,12959467,9184,58246,4332,18270,155649,47658,85751,12967686,4168,1232,296,17289,168060,9371,27273,771,28893,9154389,22430,1537,17328,3668,914,13013,28578,4989,2637729,6177,81212,23209,59139,39510,747713,22297,3755,10589,7357,8749705,59786,5445,18091227,2911,11326,43262,0,10987,31161,4235,13273,2498,9905911,249420,46787,5050763,0,15793,10725,339772,743,5431,8065,3534,84256,7354,77651,422906,27022,1341510,5545,3596,1785175,10811,140014,3317839,72135,81485,46829,29071,113946,3945,5370,142327,2842,672,63094,11175,9383784,131437,53224,741,324168,2552388,48662,985,10519,19813,11521,23229,3167,3937,52751,8653,0,0,11554,7468628,19550,0,24537,34371,821,110267,14330,46340,10039,50311,10749456,22890,1288,16563,10900,17289,88,2533,2780,1003,3394,4427879,505,239757,0,49835,5625,4734664,2000,18034,114931,9644,37,0,11531,19559,13870,19439,4851,20779,3147,643854,4577,11688,6652097,853,850,24668,5465308,7163,179840,0,25056,100574,15405,7542,27994,0,0,0,3231560,0,215,0,6243,3631882,87643,25236,163801,6343,313258,53608,23355,106260,160147,28077,3244220,8673,127763,645,35904,15417,3770,11295,45459
2024-12-07 23:25:00,587552,28477,4057884,81548,16363,11013,5989,0,199838,526,10114883,189,0,11094226,20167,30626,2648,4733,93786,38668,12120,65448,2990,3148,16863,11567,5679,8173388,995,36937,231655,15490,644650,80250,23982,14854,21484,26726,51084,19543,4855446,33404,15861,17002,39090,2209,292145,9727,9658,4650768,656,26010,2477,27535,34635,3664,19876,30783,4067,28574,5042672,325,7626,5265,6580,408,670,7944,5205447,2,21623,49832,8701,3491570,4345,3548,5221,1560,11,153249,6878,12795709,12390,4343,999,23069,142461,42925,14962,11387660,17333,31961,2488,913,801,2128,1208,19333,7804,7531761,119423,913,1509,10870,3460,15353,14050,1350,2145720,4455,36545,15552,28469,58351,137416,19984,4893,184,19830,7616903,12232,242,15190277,20214,2829,4727,252,5388,21064,16156,24606,4749,10449998,200646,29321,4958320,3523,22479,4827,332004,7359,20806,2645,16737,89420,1320,8569,287842,35167,1554692,25125,8914,1448625,391,11274,4368938,56411,40685,57755,23308,41555,10433,3,49129,40982,11301,31733,42680,8980625,51452,46032,27506,43452,2006699,24726,3170,9956,13230,35,9448,18710,88,80128,32763,0,0,39307,7024302,53341,14,28943,28856,744,34329,1154,39342,1954,55775,9992235,15332,473,9945,4234,21369,214,1808,416,2359,899,3942934,0,216702,27067,51191,1100,5707633,1132,32591,86240,22864,1506,97,19035,13201,83191,1340,4624,10320,2413,132799,1,14294,6857145,29413,11359,894,6117056,110373,24698,1317,29736,163840,4024,952,35887,0,0,0,664483,0,868,0,4691,3502266,82790,10480,2936,12223,8468,42572,5448,45108,16945,39617,3009405,8122,35797,429,237,8732,1237,17074,8144
2024-12-07 23:30:00,389327,28818,4394840,87181,15446,47526,9104,34,390557,3207,10376344,827,0,11808398,48856,14134,1293,9385,126428,58619,0,11027,3431,6979,12143,9705,9701,5542078,6841,5626,42880,11879,581487,125197,22206,12170,34337,22725,78760,8813,5310978,62264,20552,2310,45714,3732,225035,1743,17940,3468301,10083,57407,2335,134020,103827,499,2592,21223,652,19680,5324575,16,15711,12200,2365,1060,551,7166,4927724,124,4516,15611,891,3519898,3673,2303,7961,7402,0,32513,1611,12338807,10251,27874,814,13965,118874,61567,111,12284427,15239,19697,3509,11827,6523,7608,739,5368,1655,6799420,8162,179,830,12943,3103,9659,3876,0,2239658,308,20825,24899,69625,49969,161928,42445,8093,3328,40050,8141236,33170,76,14918956,6735,17499,5938,1231,5797,19313,3992,31641,15444,9847433,167140,36995,4097984,1068,18460,16263,287000,11580,994,4154,7962,53256,2251,15795,245465,17620,1558861,6048,6586,1675288,1237,28274,5001676,73201,33619,39163,11002,34294,20833,1656,60419,50173,4129,34491,27237,7519026,72225,29907,12605,63294,1993788,54948,57,7536,47201,4571,40400,40398,39310,173992,0,0,0,10551,7010243,8895,0,29342,18288,85,22743,590,14647,180,63258,9579053,10483,0,8597,13983,34274,474,3505,35,4486,4062,3088658,917,196286,12561,69687,684,5948350,82,21917,46260,316236,1,0,19877,21329,47713,5453,2387,9340,2563,404733,3913,8275,7576223,10189,1619,83496,5276453,41758,46651,1512,23865,18569,1607,256,13206,818,130,4100,898916,4459,1748,1419,8943,3625830,144814,3627,6788,6047,25172,91940,5689,28796,17425,31909,2769520,41504,110561,35934,631,41623,21363,42600,5544
2024-12-07 23:35:00,632858,56544,3790249,335368,27619,16324,28554,0,79896,0,10688713,214,0,12825415,38914,31246,5970,12281,182959,27256,19036,28005,417,1541,7069,16288,10589,6603872,1621,24005,36755,12254,447426,350658,33027,21142,50802,97959,94371,10348,5409252,96098,1275,411,72801,435,184286,3138,2990,3790340,4290,25090,509,23307,31838,0,4523,6647,3483,9670,6704233,9,14986,748,4374,949,452,5038,5157879,12,3901,18389,10089,3047543,22690,37221,20041,4319,346,41874,4578,11777632,3328,14674,2740,8935,120121,48725,941,14545746,2552,8527,4494,801,10491,2342,1082,921,2638,7678191,7309,3236,867,2385,3500,21822,13385,42,2124743,408,42470,16757,233033,21325,224513,19265,2426,0,26624,7077488,17371,2899,16375557,12289,3961,79231,444,14154,14192,8839,44802,3412,8645228,210356,11531,3535813,1506,3307,1158,194201,2119,1323,554,18373,34525,1973,22538,239118,48708,1605298,42316,144843,2307441,1409,31510,4184094,105087,33993,44157,11571,8297,4450,1406,28684,20125,10742,29593,25914,7408661,23983,40860,1682,39008,2142003,43239,9125,23635,15605,4022,90445,48227,177,271254,114,0,0,1330,7969380,7355,92,44135,25555,737,5474,2237,18818,1299,42980,8338332,9342,92,8256,6284,17184,1537,722,783,20305,2262,3453179,10115,96696,23397,120375,8336,4313981,4961,41715,51130,88628,8132,0,24858,14716,9099,16306,74,8963,629,278777,3193,13660,7931976,1489,12744,1298,2972877,14974,62127,2475,36435,25845,3247,1400,23192,495,0,3865,764573,157,0,0,39323,3524989,90275,12271,8508,7817,10575,51619,12241,17942,6645,28283,3301926,9988,27019,4698,6239,76212,22724,25112,21437
2024-12-07 23:40:00,524131,35287,4559076,61712,17363,31570,35477,0,343203,452,10249687,0,0,11146491,18789,6308,721,3073,106262,7071,1648,7397,1336,20115,47956,2986,19314,7572379,16843,7253,81593,11581,411275,454328,9272,45560,70386,58933,105777,4585,7019664,29574,351,720,90900,0,384430,30,3217,3108683,13584,48900,9,27960,46335,0,6909,18858,12266,17390,5656989,280,15252,1770,1086,3085,546,1520,4570910,4,3201,11222,2060,3160972,8004,2136,814,1650,0,56087,9759,11216119,9900,10416,16588,13442,108130,41156,428,13406558,5448,19511,11980,3238,17627,5305,12058,1866,2319,7158064,14865,4611,2926,432,1841,13410,13124,211,2469020,2543,68317,28665,167564,30956,275446,19764,1613,0,1387,8371754,8285,673,15548873,2160,7985,13416,484,23765,22230,11668,17374,6036,10371967,292320,50849,3414701,0,1112,3296,220339,1018,58,0,1510,39931,1142,2564,739253,64132,1252055,33518,21754,1796030,52136,90590,3795816,98603,68602,17998,20559,63945,5542,3029,60343,22601,8770,18994,31677,8160576,35193,45118,8882,37914,1815436,28165,126,12101,2474,26,676,1213,15,22111,0,0,0,10355,8335275,8771,0,42043,31278,125,5047,13533,6463,3220,17673,10682345,4410,3549,4630,3970,38760,605,9115,497,41198,30333,3433801,1109,170256,64344,99562,12645,5440317,665,32938,60663,153332,2421,1,3834,5799,22528,4537,2417,37234,700,138199,2311,27461,6428464,256,112,3000,2942579,4697,34914,0,13739,31887,694,1955,47596,0,93,0,675639,136,588,248,42388,3380989,84348,86453,7077,8464,59671,69859,29974,89085,6558,31345,3105946,83758,53282,11934,917,59885,989,49213,14447
2024-12-07 23:45:00,628125,45933,4513968,197574,90117,19190,25108,868,182236,62440,12374567,1,36,9012222,24060,4248,200,2089,107296,11614,0,14731,637,25299,16686,20058,10272,7490057,13211,19875,59037,11359,148456,68673,6915,4052,35529,71444,34796,29639,5977391,26003,281,0,156995,124,383937,26646,565,3973559,12969,15233,2432,20538,9219,0,4871,17524,11594,17038,5087724,171,11979,3190,5618,1661,1755,5923,4347655,362,858,3150,3665,2994365,8725,4168,385,1161,0,43403,7507,11556871,2461,383,2497,13286,10244,7242,846,8683698,2807,36600,632,4562,15408,3119,4164,1525,4223,5601464,5784,2615,19,608,1321,5942,13051,0,2825546,2581,29897,37881,55342,44237,151588,10599,1633,506,0,7500572,5265,858,12432096,3533,2405,7577,934,3479,19081,6230,39394,2297,10489613,383403,36580,4009221,564,3243,6991,263442,434,101,430,3183,62805,2813,11571,498811,24034,1467118,5874,20949,1585406,4524,33474,4878654,50519,23782,16714,46956,94088,14834,604,105402,19637,9942,12236,20873,9303067,70365,16003,43474,146556,2343529,25510,1,16333,61,0,979,501,5,2530,4,0,0,14912,8152378,800,0,37700,45027,632,43649,12061,23474,943,11353,11169375,8462,5357,1270,3606,48535,2268,5270,5708,395,14161,2227907,3344,120711,707,36695,2472,4064974,262,19098,29828,128315,63,0,28642,10689,26729,9221,8555,9893,731,51500,1686,31701,6574864,523,2004,1,2963253,3913,14689,5,8174,80170,6620,594,22008,0,0,711,563752,432,800,0,11224,3230364,125713,146395,17767,11554,85140,200431,34642,116919,37205,7933,2639686,7849,19546,334,745,26231,6735,4731,4833
2024-12-07 23:50:00,676955,81315,3860591,99915,31444,8652,17342,0,344151,732,11952144,0,0,9247081,4967,562,789,2356,1082,14917,0,15485,25624,22063,15388,48879,8712,5903450,21624,9519,57234,9917,343071,37380,11273,35561,13026,40191,23201,21387,5312745,26907,628314,134852,67152,30,137454,9281,10519,4188054,5558,16699,1368,23671,6367,617,7534,7666,6295,10482,4425923,0,37398,19504,2783,2224,6368,5251,4574115,139,6790,6888,9738,3097076,10422,4725,2273,1669,0,61525,15199,11795861,905,510,8164,1176,529943,3264,4033,9703735,16390,33145,989,5645,13112,816,1082,2735,13687,4783518,4803,269,13964,6057,1291,3976,14482,0,3222001,8100,127393,12630,39732,26609,55667,19692,2052,9760,159,7442952,36216,4177,13491142,92342,17350,7697,1051,9609,14736,11020,41365,14866,10252769,98367,31978,4273722,1195,11624,3549,259965,89,662445,5,27200,168502,735,2548,579956,33470,1482450,17047,1679,1274440,2690,37335,3313720,40780,14993,10335,36253,15554,18432,0,56592,44324,3234,20825,1415,8039229,92400,88772,130370,294912,2781390,23265,11543,14329,2537,98,3649,697,328,16586,335,0,0,23705,6799656,8467,403,44464,62229,1558,74469,18172,55708,4096,33965,10440027,45479,3861,1026,4893,21333,16585,4149,2978,0,28754,3065765,910,27529,193,53535,3390,3889305,953,19892,29430,123776,82,2,15274,14171,9695,6509,1031,6188,0,50763,414,20526,6479160,1336,682,1511,3750331,2789,3046,0,9942,272812,1913,930,8970,0,0,0,668034,0,153,0,6096,3875170,49718,154977,997,9253,80274,63712,9548,35312,58579,17930,2817237,5063,36650,15832,101,28589,42524,5656,26936
